date,open,high,low,close,volume
2018-01-01,4750.0,4774.0,4715.2,4738.25,56160.0
2018-01-02,4738.25,4742.25,4644.0,4656.05,88399.0
2018-01-03,4659.0,4709.95,4656.55,4680.95,83023.0
2018-01-04,4659.0,4688.9,4610.15,4626.4,167350.0
2018-01-05,4662.0,4679.5,4614.35,4644.1,132058.0
2018-01-08,4660.0,4711.0,4627.65,4693.75,88415.0
2018-01-09,4700.0,4713.35,4624.85,4641.95,122140.0
2018-01-10,4656.85,4709.0,4631.5,4674.75,194379.0
2018-01-11,4670.0,4749.0,4632.0,4721.55,111728.0
2018-01-12,4735.0,4769.0,4661.35,4708.3,128637.0
2018-01-15,4708.3,4786.0,4705.0,4719.85,88732.0
2018-01-16,4724.0,4773.0,4601.0,4677.35,168099.0
2018-01-17,4680.0,4753.0,4640.05,4749.8,102842.0
2018-01-18,4759.7,4778.8,4606.0,4631.5,177923.0
2018-01-19,4665.0,4692.8,4630.0,4684.45,65593.0
2018-01-22,4675.0,4752.0,4670.0,4707.35,80901.0
2018-01-23,4685.0,4760.55,4649.25,4736.45,100355.0
2018-01-24,4736.4,4755.15,4681.05,4719.25,80067.0
2018-01-25,4719.2,4719.2,4601.0,4625.6,398317.0
2018-01-29,4640.0,4710.0,4607.0,4692.1,110221.0
2018-01-30,4669.0,4740.05,4640.2,4705.6,129166.0
2018-01-31,4690.0,4712.4,4647.2,4684.15,71887.0
2018-02-01,4684.25,4761.7,4655.85,4740.5,148844.0
2018-02-02,4675.5,4740.0,4577.0,4726.45,187184.0
2018-02-05,4699.0,4699.0,4560.0,4616.7,177420.0
2018-02-06,4500.0,4620.5,4400.0,4530.45,137134.0
2018-02-07,4614.9,4625.0,4493.05,4550.45,128288.0
2018-02-08,4549.85,4654.0,4515.5,4628.0,99666.0
2018-02-09,4526.05,4679.8,4526.05,4641.15,120741.0
2018-02-12,4670.0,4790.0,4670.0,4772.5,214757.0
2018-02-14,4865.0,4875.8,4746.35,4764.15,349962.0
2018-02-15,4787.8,4816.35,4701.55,4755.75,82826.0
2018-02-16,4801.0,4810.0,4736.0,4781.95,82784.0
2018-02-19,4781.5,4781.5,4695.9,4733.3,44981.0
2018-02-20,4728.0,4780.0,4725.0,4734.1,132678.0
2018-02-21,4775.0,4786.9,4739.6,4769.75,123451.0
2018-02-22,4774.0,4875.0,4751.35,4855.85,212453.0
2018-02-23,4900.0,4979.0,4875.1,4961.9,152705.0
2018-02-26,4965.6,4998.0,4944.05,4964.75,112351.0
2018-02-27,4975.0,5065.8,4910.5,4952.25,213517.0
2018-02-28,4930.0,5009.3,4897.3,4994.25,90480.0
2018-03-01,4985.0,4999.95,4920.0,4943.85,52535.0
2018-03-05,4912.0,4939.45,4891.4,4902.45,78734.0
2018-03-06,4895.0,4934.9,4787.05,4825.2,78178.0
2018-03-07,4825.0,4915.0,4780.0,4884.7,126922.0
2018-03-08,4905.5,4917.5,4822.25,4848.4,134037.0
2018-03-09,4869.0,4880.0,4824.25,4841.8,188502.0
2018-03-12,4875.0,4895.0,4820.75,4866.8,73006.0
2018-03-13,4860.55,4895.0,4832.35,4869.95,109033.0
2018-03-14,4850.25,4855.0,4806.0,4823.75,104396.0
2018-03-15,4843.0,4896.0,4812.4,4868.25,303199.0
2018-03-16,4869.95,4895.0,4840.0,4860.6,151921.0
2018-03-19,4862.0,4869.95,4803.0,4815.55,111828.0
2018-03-20,4820.0,4835.0,4806.0,4825.05,161626.0
2018-03-21,4820.0,4856.0,4820.0,4834.45,202332.0
2018-03-22,4855.0,4870.0,4820.5,4838.2,88523.0
2018-03-23,4811.0,4870.0,4790.0,4839.65,136672.0
2018-03-26,4840.05,4870.0,4838.95,4858.0,96252.0
2018-03-27,4875.0,4985.75,4863.85,4964.8,242626.0
2018-03-28,4964.8,5004.0,4904.2,4970.6,263016.0
2018-04-02,4998.0,5117.7,4974.4,5107.05,145858.0
2018-04-03,5118.0,5119.0,5044.6,5099.8,107419.0
2018-04-04,5057.0,5084.8,4991.0,5024.4,134190.0
2018-04-05,5025.0,5074.7,5011.0,5067.85,102027.0
2018-04-06,5089.95,5199.95,5050.0,5178.25,136390.0
2018-04-09,5182.0,5207.0,5136.55,5162.9,62539.0
2018-04-10,5164.0,5177.5,5060.0,5134.25,74257.0
2018-04-11,5139.9,5161.35,5106.0,5135.35,43801.0
2018-04-12,5133.0,5203.0,5110.0,5162.85,111689.0
2018-04-13,5220.0,5236.15,5158.6,5208.9,146845.0
2018-04-16,5212.9,5338.0,5185.85,5312.35,95667.0
2018-04-17,5337.0,5420.45,5314.25,5342.1,196397.0
2018-04-18,5368.0,5388.4,5321.0,5361.65,64895.0
2018-04-19,5367.0,5419.25,5346.15,5395.8,64526.0
2018-04-20,5396.0,5400.95,5299.5,5322.35,44036.0
2018-04-23,5350.0,5364.8,5304.45,5313.05,90845.0
2018-04-24,5330.0,5343.1,5251.1,5297.2,58099.0
2018-04-25,5300.0,5452.5,5277.25,5375.3,95281.0
2018-04-26,5380.0,5412.05,5345.1,5373.4,92425.0
2018-04-27,5390.0,5495.85,5378.35,5460.75,88432.0
2018-04-30,5463.0,5536.45,5460.0,5513.2,64749.0
2018-05-02,5545.0,5565.5,5408.8,5425.05,72079.0
2018-05-03,5460.0,5460.0,5320.0,5337.1,76051.0
2018-05-04,5350.0,5427.25,5301.0,5384.5,112650.0
2018-05-07,5384.5,5500.05,5384.5,5472.7,75816.0
2018-05-08,5490.0,5500.0,5383.25,5444.7,53753.0
2018-05-09,5419.0,5452.55,5389.1,5401.5,62836.0
2018-05-10,5400.45,5426.15,5345.5,5386.45,100146.0
2018-05-11,5400.0,5492.4,5400.0,5477.7,62116.0
2018-05-14,5510.0,5510.0,5413.2,5464.1,40024.0
2018-05-15,5500.0,5507.7,5416.3,5454.8,138868.0
2018-05-16,5430.0,5585.0,5335.65,5542.2,239001.0
2018-05-17,5550.0,5570.0,5441.05,5476.75,133262.0
2018-05-18,5509.0,5640.0,5480.25,5597.05,153209.0
2018-05-21,5607.0,5671.0,5478.9,5521.6,111240.0
2018-05-22,5549.45,5630.0,5520.3,5604.4,111681.0
2018-05-23,5620.0,5735.0,5600.0,5715.7,194505.0
2018-05-24,5703.35,5791.9,5682.0,5718.2,131895.0
2018-05-25,5720.0,5850.0,5706.05,5827.5,117461.0
2018-05-28,5878.75,5878.75,5793.0,5842.95,68241.0
2018-05-29,5854.7,5868.0,5778.25,5805.1,84912.0
2018-05-30,5753.4,5819.55,5736.0,5789.85,110349.0
2018-05-31,5800.0,6015.8,5760.0,5923.95,310385.0
2018-06-01,5974.0,5974.0,5794.2,5812.45,122383.0
2018-06-04,5837.4,5864.05,5710.6,5766.2,117493.0
2018-06-05,5755.55,5840.0,5755.55,5811.8,73104.0
2018-06-06,5805.0,5889.0,5805.0,5876.95,68662.0
2018-06-07,5910.0,6017.0,5888.1,5993.3,122120.0
2018-06-08,6016.0,6016.0,5888.05,5917.65,88448.0
2018-06-11,5927.0,5964.25,5901.0,5910.45,69237.0
2018-06-12,5910.45,5955.0,5860.55,5946.6,45399.0
2018-06-13,5935.1,6080.0,5935.1,6017.15,99138.0
2018-06-14,6047.0,6047.0,5971.0,6001.75,76768.0
2018-06-15,6015.0,6179.45,5995.3,6136.6,179270.0
2018-06-18,6133.7,6133.7,6059.9,6074.0,117358.0
2018-06-19,6060.0,6082.95,5922.05,5976.55,95392.0
2018-06-20,5998.4,6055.5,5970.0,5995.55,129644.0
2018-06-21,6000.0,6029.95,5950.0,5962.7,75986.0
2018-06-22,5968.9,5998.0,5895.05,5959.45,92010.0
2018-06-25,5974.0,6049.9,5960.0,5977.4,64843.0
2018-06-26,6006.0,6081.8,5963.0,6050.1,112561.0
2018-06-27,6086.0,6129.0,6048.0,6087.6,136945.0
2018-06-28,6124.0,6148.0,6055.55,6129.55,128134.0
2018-06-29,6150.0,6257.95,6112.3,6213.75,157611.0
2018-07-02,6227.0,6267.95,6170.15,6232.95,80300.0
2018-07-03,6259.6,6259.6,6186.05,6216.55,93841.0
2018-07-04,6210.05,6319.1,6210.05,6299.75,98954.0
2018-07-05,6349.0,6369.0,6294.2,6307.3,72016.0
2018-07-06,6290.0,6359.5,6281.0,6309.9,117338.0
2018-07-09,6311.0,6407.15,6300.0,6382.85,61585.0
2018-07-10,6410.0,6425.05,6370.25,6389.7,91974.0
2018-07-11,6408.0,6408.95,6308.0,6357.75,147138.0
2018-07-12,6399.95,6431.2,6322.25,6405.65,143855.0
2018-07-13,6390.0,6500.0,6390.0,6475.1,110345.0
2018-07-16,6500.0,6567.0,6499.95,6532.7,86137.0
2018-07-17,6545.0,6574.2,6414.55,6426.9,108677.0
2018-07-18,6451.0,6475.05,6310.0,6365.8,107259.0
2018-07-19,6365.0,6396.4,6283.25,6372.3,98624.0
2018-07-20,6376.0,6434.7,6311.0,6358.15,96932.0
2018-07-23,6400.0,6472.4,6365.0,6435.95,84956.0
2018-07-24,6465.0,6495.0,6398.0,6466.45,79014.0
2018-07-25,6499.0,6524.0,6430.0,6444.0,54286.0
2018-07-26,6489.0,6494.55,6414.55,6450.3,107976.0
2018-07-27,6444.0,6500.0,6370.0,6385.2,69954.0
2018-07-30,6425.0,6425.0,6205.65,6331.45,193623.0
2018-07-31,6379.9,6560.0,6291.45,6542.2,172339.0
2018-08-01,6580.0,6625.0,6424.95,6489.85,153538.0
2018-08-02,6480.0,6549.0,6439.05,6457.4,116150.0
2018-08-03,6520.0,6522.0,6368.2,6392.7,172250.0
2018-08-06,6440.0,6488.0,6264.85,6326.7,599659.0
2018-08-07,6334.0,6366.55,6170.0,6200.4,349661.0
2018-08-08,6231.6,6317.0,6216.05,6301.4,191596.0
2018-08-09,6320.0,6358.55,6280.55,6335.4,130713.0
2018-08-10,6363.0,6363.0,6281.1,6343.75,109136.0
2018-08-13,6343.0,6451.0,6313.0,6430.65,162185.0
2018-08-14,6450.0,6494.4,6424.55,6459.5,168094.0
2018-08-16,6469.0,6520.0,6426.1,6494.15,147947.0
2018-08-17,6519.3,6640.45,6479.2,6629.9,201564.0
2018-08-20,6669.0,6786.8,6650.0,6771.4,144712.0
2018-08-21,6795.0,6914.2,6710.05,6857.45,220391.0
2018-08-23,6918.0,6934.35,6831.7,6900.15,162550.0
2018-08-24,6890.0,6890.0,6765.0,6773.45,137918.0
2018-08-27,6786.6,6860.0,6781.5,6804.95,65394.0
2018-08-28,6843.9,6858.45,6819.0,6845.65,77653.0
2018-08-29,6851.0,6851.0,6726.2,6735.8,94975.0
2018-08-30,6735.8,6776.0,6565.2,6690.0,150461.0
2018-08-31,6690.6,6780.0,6650.05,6736.75,109689.0
2018-09-03,6790.0,6814.95,6532.0,6565.85,85052.0
2018-09-04,6536.4,6608.65,6299.7,6344.05,204423.0
2018-09-05,6268.0,6319.75,6050.0,6185.0,373314.0
2018-09-06,6199.95,6318.95,6121.15,6194.45,182782.0
2018-09-07,6240.9,6274.4,6175.8,6229.1,86779.0
2018-09-10,6240.0,6245.0,6085.0,6094.0,85586.0
2018-09-11,6102.6,6110.55,5920.15,5940.05,212047.0
2018-09-12,5980.0,6060.0,5910.35,6015.5,219558.0
2018-09-14,6069.0,6150.0,6000.0,6112.3,261343.0
2018-09-17,6108.0,6108.0,5976.55,6021.75,147524.0
2018-09-18,6022.5,6155.4,6002.45,6066.4,237839.0
2018-09-19,6128.0,6128.0,5930.0,5959.9,133237.0
2018-09-21,5975.1,6004.95,5370.05,5790.75,370746.0
2018-09-24,5837.5,5837.5,5562.5,5602.0,195731.0
2018-09-25,5625.0,5811.3,5482.05,5773.85,234101.0
2018-09-26,5870.0,5875.0,5650.0,5681.9,190517.0
2018-09-27,5685.0,5766.0,5625.0,5699.8,232482.0
2018-09-28,5794.0,5890.0,5534.2,5823.5,443009.0
2018-10-01,5860.0,5880.0,5701.0,5843.55,172996.0
2018-10-03,5824.0,5834.65,5702.0,5739.4,133506.0
2018-10-04,5698.0,5698.0,5550.4,5625.35,318749.0
2018-10-05,5615.0,5615.0,5380.15,5447.7,259162.0
2018-10-08,5389.0,5569.9,5347.15,5543.5,229770.0
2018-10-09,5648.0,5678.9,5446.15,5511.25,319083.0
2018-10-10,5475.0,5750.0,5464.05,5708.5,137220.0
2018-10-11,5525.0,5662.45,5490.6,5570.2,137391.0
2018-10-12,5669.45,5789.0,5621.3,5757.5,217736.0
2018-10-15,5784.0,5784.95,5620.0,5671.6,194475.0
2018-10-16,5711.45,5770.0,5620.0,5700.5,98159.0
2018-10-17,5759.0,5777.65,5505.1,5541.05,189478.0
2018-10-19,5548.0,5594.0,5475.0,5563.5,170777.0
2018-10-22,5617.0,5622.5,5551.0,5580.15,95343.0
2018-10-23,5569.0,5601.1,5452.25,5484.55,192201.0
2018-10-24,5525.5,5584.0,5310.0,5360.15,242295.0
2018-10-25,5310.0,5409.6,5256.0,5309.3,248108.0
2018-10-26,5339.45,5389.0,5257.2,5320.5,133717.0
2018-10-29,5317.8,5449.0,5302.65,5398.25,94078.0
2018-10-30,5420.0,5467.0,5375.4,5447.9,134636.0
2018-10-31,5467.0,5666.05,5439.05,5644.1,212100.0
2018-11-01,5680.0,5717.85,5565.0,5583.05,125930.0
2018-11-02,5621.0,5725.0,5580.0,5601.0,126788.0
2018-11-05,5614.0,5731.45,5611.0,5714.5,91500.0
2018-11-06,5724.5,5799.0,5651.2,5721.25,115086.0
2018-11-07,5742.25,5820.0,5742.25,5810.45,38903.0
2018-11-09,5834.0,5889.0,5701.0,5746.45,221124.0
2018-11-12,5767.5,5822.4,5583.4,5757.55,348845.0
2018-11-13,5780.0,5840.0,5656.0,5812.55,180903.0
2018-11-14,5860.0,5863.0,5731.6,5770.75,154593.0
2018-11-15,5794.0,5828.0,5732.05,5818.15,61253.0
2018-11-16,5833.0,5990.0,5790.0,5947.65,225943.0
2018-11-19,5990.0,6024.0,5940.0,5989.55,184068.0
2018-11-20,5970.0,6005.9,5840.85,5888.7,108251.0
2018-11-21,5910.0,6025.0,5910.0,6004.65,197972.0
2018-11-22,6010.0,6060.4,5980.0,6008.7,174523.0
2018-11-26,6038.0,6058.9,5951.0,6008.05,174104.0
2018-11-27,6019.9,6080.0,5966.0,6035.05,215434.0
2018-11-28,6070.0,6070.0,5950.5,5961.75,124414.0
2018-11-29,3016.0,3045.0,2985.0,3032.35,414182.0
2018-11-30,3040.9,3197.0,3040.8,3169.75,954568.0
2018-12-03,3175.0,3188.9,3081.35,3094.5,311813.0
2018-12-04,3100.2,3128.75,3056.1,3093.1,329006.0
2018-12-05,3090.0,3109.4,3065.05,3093.0,205221.0
2018-12-06,3078.9,3078.9,2980.0,2986.35,302116.0
2018-12-07,2986.35,3013.85,2950.0,3005.35,155500.0
2018-12-10,2984.95,3000.0,2930.0,2980.65,197626.0
2018-12-11,2970.0,3009.9,2940.0,2997.2,198219.0
2018-12-12,3001.8,3074.0,3000.25,3056.5,261560.0
2018-12-13,3088.0,3157.95,3083.15,3143.2,401085.0
2018-12-14,3139.7,3171.1,3097.45,3135.75,187229.0
2018-12-17,3159.75,3170.0,3114.0,3163.2,228526.0
2018-12-18,3157.0,3183.0,3130.0,3168.7,230834.0
2018-12-19,3179.9,3245.0,3170.0,3228.85,425672.0
2018-12-20,3207.7,3234.75,3160.15,3170.85,205790.0
2018-12-21,3199.0,3200.0,3107.1,3119.8,359201.0
2018-12-24,3120.5,3157.0,3082.15,3100.55,245822.0
2018-12-26,3086.4,3114.0,3041.0,3088.95,159442.0
2018-12-27,3110.0,3124.95,3062.0,3075.4,240314.0
2018-12-28,3083.0,3114.35,3080.95,3098.5,169577.0
2018-12-31,3105.15,3120.0,3083.0,3115.4,184698.0
2019-01-01,3120.0,3128.9,3080.0,3103.05,140863.0
2019-01-02,3100.0,3131.0,3081.2,3116.85,152324.0
2019-01-03,3116.85,3177.0,3097.4,3135.9,311498.0
2019-01-04,3137.95,3159.2,3105.55,3122.7,170818.0
2019-01-07,3137.1,3155.0,3125.0,3143.8,152966.0
2019-01-08,3155.0,3155.0,3080.0,3089.55,217274.0
2019-01-09,3114.0,3119.85,3081.0,3092.65,257227.0
2019-01-10,3100.0,3100.0,3073.0,3088.95,229690.0
2019-01-11,3090.0,3116.75,3079.6,3096.85,353709.0
2019-01-14,3102.0,3124.0,3063.0,3113.65,154975.0
2019-01-15,3120.15,3199.9,3095.0,3183.9,278642.0
2019-01-16,3184.0,3204.9,3145.0,3175.75,182044.0
2019-01-17,3181.0,3212.0,3175.05,3207.1,154540.0
2019-01-18,3214.85,3217.35,3134.25,3171.35,161433.0
2019-01-21,3170.0,3198.55,3136.5,3148.4,174710.0
2019-01-22,3150.0,3174.95,3130.15,3153.65,156085.0
2019-01-23,3177.0,3229.0,3161.05,3203.85,286992.0
2019-01-24,3217.0,3225.0,3190.55,3216.85,148520.0
2019-01-25,3221.0,3270.0,3193.05,3206.65,325166.0
2019-01-28,3210.5,3222.0,3131.0,3203.45,216799.0
2019-01-29,3197.0,3197.0,3152.5,3180.05,179979.0
2019-01-30,3197.0,3222.0,3180.1,3208.8,116521.0
2019-01-31,3231.95,3231.95,3189.2,3197.7,255273.0
2019-02-01,3201.0,3286.0,3201.0,3251.0,387188.0
2019-02-04,3251.35,3280.4,3228.2,3266.0,140277.0
2019-02-05,3278.0,3316.0,3150.1,3167.05,503959.0
2019-02-06,3188.5,3199.95,3105.05,3181.4,313476.0
2019-02-07,3210.0,3230.0,3174.1,3214.1,374133.0
2019-02-08,3138.5,3210.0,3095.0,3110.0,640983.0
2019-02-11,3120.0,3132.3,3055.3,3107.55,265355.0
2019-02-12,3105.0,3107.0,3001.0,3008.6,515301.0
2019-02-13,3015.0,3034.8,2907.0,2923.4,504157.0
2019-02-14,2915.0,2949.0,2900.0,2924.6,288540.0
2019-02-15,2945.0,2945.0,2846.0,2858.35,374811.0
2019-02-18,2860.0,2939.0,2759.0,2911.7,700981.0
2019-02-19,2910.2,2975.95,2851.0,2873.55,484180.0
2019-02-20,2884.0,2930.0,2884.0,2922.3,271061.0
2019-02-21,2943.95,3018.0,2935.0,3001.6,724297.0
2019-02-22,3008.0,3057.3,2972.7,3012.8,313430.0
2019-02-25,3013.2,3077.0,2982.0,3048.2,336072.0
2019-02-26,3056.0,3092.95,3018.25,3073.5,568492.0
2019-02-27,3080.0,3108.95,3023.35,3058.6,393442.0
2019-02-28,3071.0,3098.6,3032.9,3056.9,447041.0
2019-03-01,3083.0,3090.35,3062.3,3077.25,217420.0
2019-03-05,3065.2,3100.25,3060.0,3068.85,246280.0
2019-03-06,3086.95,3086.95,3009.0,3026.85,383038.0
2019-03-07,3045.0,3069.0,3028.7,3043.85,254411.0
2019-03-08,3041.0,3079.5,3021.0,3071.2,190651.0
2019-03-11,3086.0,3139.5,3066.5,3133.45,336189.0
2019-03-12,3165.9,3178.8,3120.9,3135.15,413123.0
2019-03-13,3136.0,3150.0,3093.9,3126.95,298030.0
2019-03-14,3135.0,3170.0,3116.0,3149.4,293230.0
2019-03-15,3160.0,3169.0,3054.7,3066.55,403251.0
2019-03-18,3090.0,3134.9,3060.1,3123.35,238905.0
2019-03-19,3128.0,3138.85,3084.0,3125.4,184380.0
2019-03-20,3126.8,3135.0,3079.4,3088.1,257001.0
2019-03-22,3094.0,3117.9,3088.0,3098.6,197654.0
2019-03-25,3074.75,3099.0,3061.1,3090.75,224948.0
2019-03-26,3100.0,3132.0,3060.0,3099.15,340645.0
2019-03-27,3117.0,3117.0,3078.0,3096.9,360838.0
2019-03-28,3092.0,3118.5,3028.0,3096.55,3470524.0
2019-03-29,3120.0,3139.0,3045.0,3085.5,595114.0
2019-04-01,3104.95,3109.0,3044.0,3049.85,497409.0
2019-04-02,3056.0,3059.6,2980.4,2994.2,378147.0
2019-04-03,2990.0,3013.5,2955.2,2990.1,439719.0
2019-04-04,3001.95,3055.0,2984.15,3041.8,464430.0
2019-04-05,3048.0,3051.05,2985.75,2994.05,387504.0
2019-04-08,3000.0,3013.95,2964.5,2971.5,293053.0
2019-04-09,2973.1,2988.75,2942.5,2962.9,350181.0
2019-04-10,2969.9,2995.0,2951.3,2958.8,377556.0
2019-04-11,2964.0,2974.05,2940.0,2946.05,276801.0
2019-04-12,2952.0,2990.0,2944.0,2984.3,261483.0
2019-04-15,2998.0,3008.0,2972.0,2998.45,221766.0
2019-04-16,3000.0,3030.0,2998.0,3020.5,258557.0
2019-04-18,3029.85,3029.85,2988.15,2997.75,155314.0
2019-04-22,2989.0,3014.0,2971.0,3000.15,150447.0
2019-04-23,3002.0,3013.95,2986.35,2991.0,138140.0
2019-04-24,2988.0,2997.55,2952.05,2978.2,222279.0
2019-04-25,2988.0,2999.0,2962.65,2969.25,163138.0
2019-04-26,2990.0,2990.0,2955.0,2967.7,121340.0
2019-04-30,2970.0,2974.9,2876.05,2896.05,458803.0
2019-05-02,2927.0,2959.95,2772.0,2783.05,1439763.0
2019-05-03,2782.95,2803.85,2690.0,2696.15,1857697.0
2019-05-06,2699.0,2699.0,2654.45,2666.0,764919.0
2019-05-07,2683.0,2720.5,2644.7,2650.55,1182277.0
2019-05-08,2656.6,2667.1,2615.85,2649.5,723429.0
2019-05-09,2637.0,2689.8,2637.0,2672.4,457843.0
2019-05-10,2680.0,2725.0,2673.0,2688.55,471289.0
2019-05-13,2695.0,2707.6,2668.55,2676.55,332869.0
2019-05-14,2675.9,2723.0,2658.05,2697.6,403041.0
2019-05-15,2700.0,2709.95,2660.0,2687.75,322361.0
2019-05-16,2699.8,2737.0,2677.8,2716.2,307180.0
2019-05-17,2719.85,2785.1,2710.0,2779.25,533790.0
2019-05-20,2839.0,2840.0,2781.0,2801.2,442704.0
2019-05-21,2800.0,2867.4,2794.1,2848.7,490607.0
2019-05-22,2861.0,2878.0,2817.5,2852.65,393507.0
2019-05-23,2874.0,2890.0,2827.1,2838.7,262582.0
2019-05-24,2845.0,2867.0,2808.2,2851.05,227827.0
2019-05-27,2870.0,2905.0,2858.05,2896.55,267259.0
2019-05-28,2910.0,2925.0,2880.0,2887.0,441693.0
2019-05-29,2887.5,2930.0,2871.0,2917.0,248043.0
2019-05-30,2921.0,2937.05,2874.6,2887.15,225789.0
2019-05-31,2895.0,2970.0,2889.6,2921.95,577546.0
2019-06-03,2936.0,3000.0,2935.9,2970.2,535064.0
2019-06-04,2970.2,2985.0,2951.0,2963.1,211082.0
2019-06-06,2965.3,2977.95,2881.8,2901.35,333116.0
2019-06-07,2905.0,2919.3,2860.0,2899.3,285268.0
2019-06-10,2909.7,3005.0,2909.7,2994.3,477974.0
2019-06-11,3005.0,3010.0,2970.0,2980.3,282227.0
2019-06-12,2979.95,3005.0,2960.95,2996.9,203661.0
2019-06-13,2989.3,2994.6,2952.0,2984.55,213532.0
2019-06-14,2972.0,2986.15,2954.45,2964.1,117529.0
2019-06-17,2964.1,2977.9,2891.1,2899.2,234062.0
2019-06-18,2905.0,2905.0,2860.0,2867.25,302729.0
2019-06-19,2872.0,2904.5,2850.0,2875.7,258721.0
2019-06-20,2850.0,2870.85,2796.55,2834.05,425859.0
2019-06-21,2835.0,2874.45,2805.0,2826.7,363700.0
2019-06-24,2830.0,2865.0,2771.05,2780.5,369267.0
2019-06-25,2776.0,2818.35,2753.6,2807.7,304799.0
2019-06-26,2805.0,2813.45,2700.0,2732.9,1387720.0
2019-06-27,2740.0,2764.6,2720.0,2725.9,964520.0
2019-06-28,2735.0,2768.0,2732.0,2743.7,363938.0
2019-07-01,2750.1,2771.0,2732.0,2737.55,282998.0
2019-07-02,2741.05,2777.0,2734.3,2769.25,242283.0
2019-07-03,2779.0,2819.0,2765.45,2794.7,454114.0
2019-07-04,2790.0,2850.0,2789.0,2841.35,346395.0
2019-07-05,2858.0,2862.9,2811.9,2824.85,361520.0
2019-07-08,2829.9,2834.95,2771.05,2781.15,302972.0
2019-07-09,2770.0,2778.4,2730.15,2762.65,314268.0
2019-07-10,2762.0,2805.0,2742.9,2769.55,356987.0
2019-07-11,2780.0,2790.9,2757.0,2765.15,206136.0
2019-07-12,2763.0,2800.0,2750.75,2780.6,186082.0
2019-07-15,2795.0,2795.0,2755.0,2773.6,150530.0
2019-07-16,2770.0,2777.0,2737.6,2747.15,221663.0
2019-07-17,2753.95,2809.95,2748.0,2797.8,306989.0
2019-07-18,2800.0,2844.0,2787.55,2820.85,477907.0
2019-07-19,2836.35,2836.65,2712.1,2749.15,403725.0
2019-07-22,2755.0,2773.3,2718.0,2734.5,209576.0
2019-07-23,2739.0,2749.95,2701.0,2730.2,242451.0
2019-07-24,2729.0,2740.0,2620.05,2641.45,525583.0
2019-07-25,2635.65,2685.0,2631.1,2671.55,771878.0
2019-07-26,2665.0,2684.85,2616.55,2668.45,393941.0
2019-07-29,2661.75,2689.3,2652.6,2672.3,245049.0
2019-07-30,2675.0,2696.95,2592.5,2617.05,354859.0
2019-07-31,2621.0,2632.0,2540.3,2605.0,487675.0
2019-08-01,2590.0,2620.6,2575.05,2600.9,332895.0
2019-08-02,2588.9,2625.0,2555.0,2594.4,347132.0
2019-08-05,2585.95,2597.0,2542.85,2578.35,211393.0
2019-08-06,2563.0,2611.75,2538.3,2550.55,404564.0
2019-08-07,2551.0,2565.05,2530.0,2540.55,308676.0
2019-08-08,2558.8,2590.0,2536.85,2577.6,286738.0
2019-08-09,2590.9,2644.35,2522.3,2588.15,1430286.0
2019-08-13,2565.0,2565.0,2491.0,2511.9,731080.0
2019-08-14,2549.7,2549.7,2470.0,2478.9,466208.0
2019-08-16,2500.0,2505.0,2442.0,2499.45,734216.0
2019-08-19,2520.0,2520.0,2471.1,2478.4,586547.0
2019-08-20,2470.0,2470.0,2371.0,2393.5,1174827.0
2019-08-21,2389.0,2405.0,2300.0,2384.5,1700962.0
2019-08-22,2393.5,2477.0,2393.0,2440.75,1252406.0
2019-08-23,2425.4,2502.0,2402.2,2466.65,629497.0
2019-08-26,2500.0,2547.8,2483.55,2533.85,748623.0
2019-08-27,2535.35,2724.3,2530.0,2685.9,2211174.0
2019-08-28,2700.0,2743.25,2672.05,2703.1,1149926.0
2019-08-29,2703.2,2737.0,2651.5,2676.85,535368.0
2019-08-30,2690.0,2726.45,2687.5,2701.65,507782.0
2019-09-03,2699.0,2763.15,2683.1,2707.85,716548.0
2019-09-04,2710.0,2747.55,2626.0,2635.45,752108.0
2019-09-05,2651.0,2705.0,2640.0,2678.65,931162.0
2019-09-06,2695.4,2721.3,2646.2,2668.0,478053.0
2019-09-09,2669.9,2694.8,2650.2,2682.7,298664.0
2019-09-11,2696.0,2704.0,2660.0,2666.4,334013.0
2019-09-12,2666.4,2683.15,2647.65,2677.0,310751.0
2019-09-13,2681.0,2682.0,2642.0,2674.6,245991.0
2019-09-16,2660.0,2730.0,2646.1,2715.05,428246.0
2019-09-17,2720.0,2740.95,2678.8,2692.45,604927.0
2019-09-18,2668.7,2668.7,2588.2,2613.85,832018.0
2019-09-19,2618.0,2653.2,2590.0,2621.8,499689.0
2019-09-20,2633.0,2883.0,2602.55,2867.0,1324910.0
2019-09-23,2960.0,3583.75,2951.0,3053.65,1743589.0
2019-09-24,3100.0,3115.0,3055.0,3080.2,809417.0
2019-09-25,3079.95,3090.3,3001.0,3036.0,582998.0
2019-09-26,3058.0,3105.0,3050.0,3092.8,514054.0
2019-09-27,3100.05,3109.7,3005.95,3015.1,432428.0
2019-09-30,3010.0,3023.95,2930.1,2944.15,553451.0
2019-10-01,2952.0,2987.4,2900.15,2919.55,474514.0
2019-10-03,2914.8,2919.0,2850.0,2902.95,285265.0
2019-10-04,2915.0,2931.35,2835.1,2845.15,313496.0
2019-10-07,2857.85,2968.75,2851.45,2953.35,969709.0
2019-10-09,2971.8,3074.65,2926.9,3058.5,1037068.0
2019-10-09,30.0,31.0,30.0,30.8,26425286.0
2019-10-10,3060.1,3061.0,3001.0,3037.75,422209.0
2019-10-10,30.8,31.0,30.8,30.85,2615154.0
2019-10-11,30.85,35.8,30.8,33.36,4197718.0
2019-10-11,3048.9,3096.95,3043.3,3081.95,510119.0
2019-10-14,3093.95,3124.0,3068.95,3109.65,350920.0
2019-10-14,33.36,35.5,31.0,31.03,417855.0
2019-10-15,3129.1,3193.65,3112.35,3181.1,583008.0
2019-10-15,31.03,32.2,30.65,32.0,1127052.0
2019-10-16,3185.0,3185.0,3155.0,3176.75,271629.0
2019-10-16,32.0,32.0,31.2,31.26,795345.0
2019-10-17,31.01,31.65,30.92,31.0,202203.0
2019-10-17,3176.0,3266.35,3160.0,3247.85,673820.0
2019-10-18,3227.85,3259.2,3222.55,3252.35,230815.0
2019-10-18,30.87,31.24,30.87,30.9,217555.0
2019-10-22,3220.1,3291.9,3220.1,3248.05,435837.0
2019-10-22,30.75,31.08,30.75,31.01,4252693.0
2019-10-23,30.93,31.01,30.93,30.97,188211.0
2019-10-23,3260.0,3344.5,3253.0,3294.7,591914.0
2019-10-24,30.95,31.07,30.92,31.03,192175.0
2019-10-24,3312.0,3342.0,3260.25,3283.8,401741.0
2019-10-25,30.99,31.1,30.99,31.04,240675.0
2019-10-25,3298.85,3298.85,3247.0,3267.1,213353.0
2019-10-27,31.1,31.39,31.0,31.06,12457.0
2019-10-27,3292.0,3305.05,3237.35,3259.1,39585.0
2019-10-29,3273.0,3367.0,3259.0,3352.5,458464.0
2019-10-29,31.0,31.2,31.0,31.05,176318.0
2019-10-30,31.1,31.12,30.96,31.03,656184.0
2019-10-30,3373.0,3399.0,3276.0,3290.1,496662.0
2019-10-31,31.02,31.2,31.02,31.06,1288832.0
2019-10-31,3298.6,3343.55,3255.0,3266.6,488894.0
2019-11-01,31.03,31.35,31.03,31.2,35034.0
2019-11-01,3295.0,3295.0,3236.7,3268.55,320106.0
2019-11-04,31.01,31.35,31.01,31.13,1486361.0
2019-11-04,3290.0,3299.0,3227.0,3239.85,283144.0
2019-11-05,3255.0,3280.0,3202.3,3231.75,330794.0
2019-11-05,31.11,31.24,31.11,31.12,25245.0
2019-11-06,3239.85,3257.85,3191.0,3227.85,347320.0
2019-11-06,31.12,31.2,31.12,31.17,62045.0
2019-11-07,3249.0,3256.6,3204.9,3223.8,288996.0
2019-11-07,31.25,31.3,31.14,31.16,51264.0
2019-11-08,3228.0,3245.45,3143.0,3158.0,376182.0
2019-11-08,31.16,31.32,31.16,31.16,118004.0
2019-11-11,3157.0,3195.0,3110.0,3119.55,464906.0
2019-11-11,31.2,31.32,31.16,31.21,11589.0
2019-11-13,31.25,31.31,31.2,31.22,142415.0
2019-11-13,3271.0,3299.0,3200.0,3269.75,1853222.0
2019-11-14,3274.9,3274.9,3200.0,3230.8,515326.0
2019-11-14,31.22,31.29,31.19,31.19,133673.0
2019-11-15,3230.2,3260.0,3185.15,3195.55,261412.0
2019-11-15,31.22,31.3,31.15,31.15,10126.0
2019-11-18,3203.0,3217.15,3126.0,3140.9,429862.0
2019-11-18,31.17,31.3,31.17,31.18,193298.0
2019-11-19,3140.9,3158.35,3110.0,3120.35,261351.0
2019-11-19,31.01,31.32,31.01,31.22,19461.0
2019-11-20,3120.0,3135.0,3060.0,3116.3,504339.0
2019-11-20,31.21,31.44,31.21,31.35,20193.0
2019-11-21,31.23,31.4,31.23,31.34,184968.0
2019-11-21,3113.0,3113.0,3061.65,3072.65,295648.0
2019-11-22,3062.25,3072.0,3016.15,3022.65,349622.0
2019-11-22,31.35,31.4,31.3,31.35,206665.0
2019-11-25,3025.5,3045.0,3004.3,3040.6,437144.0
2019-11-25,31.34,31.45,31.33,31.39,1335969.0
2019-11-26,3048.0,3083.0,3041.0,3055.25,620959.0
2019-11-26,31.39,31.5,31.39,31.41,2808838.0
2019-11-27,3060.0,3100.0,3060.0,3091.1,235618.0
2019-11-27,31.31,31.48,31.31,31.41,9221.0
2019-11-28,3110.4,3110.4,3060.0,3098.25,234706.0
2019-11-28,31.41,33.8,31.41,31.52,1463303.0
2019-11-29,31.16,31.99,31.16,31.52,60786.0
2019-11-29,3085.0,3095.0,3050.0,3057.7,221117.0
2019-12-02,3057.7,3089.95,3051.55,3069.7,387666.0
2019-12-02,31.99,31.99,31.41,31.5,217445.0
2019-12-03,3069.7,3116.0,3027.15,3048.3,522267.0
2019-12-03,31.4,31.6,31.4,31.57,29577.0
2019-12-04,3039.9,3067.35,3023.55,3049.25,263755.0
2019-12-04,31.51,31.78,31.44,31.53,18169.0
2019-12-05,3064.4,3094.65,3041.0,3082.9,278358.0
2019-12-05,31.5,31.7,31.43,31.49,291583.0
2019-12-06,31.47,31.75,31.16,31.36,56093.0
2019-12-06,3090.05,3098.2,3059.7,3069.6,206989.0
2019-12-09,3084.8,3084.8,3047.45,3058.4,206624.0
2019-12-09,31.36,31.5,31.36,31.44,27498.0
2019-12-10,3066.05,3079.0,3042.1,3059.35,185130.0
2019-12-10,31.4,31.74,31.26,31.34,194836.0
2019-12-11,3052.1,3064.0,3030.3,3041.0,315341.0
2019-12-11,31.5,31.51,31.31,31.36,11473.0
2019-12-12,3048.6,3080.0,3030.2,3073.55,254614.0
2019-12-12,31.25,31.5,31.25,31.35,188329.0
2019-12-13,31.5,31.5,31.31,31.32,66213.0
2019-12-13,3095.0,3096.0,3035.0,3054.4,249099.0
2019-12-16,31.31,31.95,31.31,31.39,68232.0
2019-12-16,3059.9,3087.85,3042.75,3050.9,369764.0
2019-12-17,3060.0,3075.5,3050.0,3071.95,212811.0
2019-12-17,31.32,31.48,31.3,31.36,274423.0
2019-12-18,3070.0,3121.15,3053.35,3099.2,405982.0
2019-12-18,31.31,31.47,31.31,31.35,20774.0
2019-12-19,3097.9,3123.0,3090.05,3112.75,259885.0
2019-12-19,31.35,31.45,31.35,31.4,10119.0
2019-12-20,3095.0,3155.95,3062.45,3122.25,766343.0
2019-12-20,31.4,31.5,31.38,31.42,6275.0
2019-12-23,3100.0,3129.7,3077.8,3091.8,259919.0
2019-12-23,31.4,31.97,31.32,31.59,12081.0
2019-12-24,31.41,31.9,31.41,31.49,7918.0
2019-12-24,3096.0,3114.45,3084.0,3091.05,166800.0
2019-12-26,3090.0,3118.0,3054.15,3062.3,189043.0
2019-12-26,31.49,31.49,31.41,31.46,474500.0
2019-12-27,3079.0,3082.0,3021.0,3042.1,407653.0
2019-12-27,31.46,31.69,31.35,31.47,18760.0
2019-12-30,3050.0,3065.0,3035.1,3047.35,182858.0
2019-12-30,31.32,31.99,31.32,31.49,19598.0
2019-12-31,3046.0,3066.8,3020.0,3027.8,190885.0
2019-12-31,31.74,31.74,31.47,31.57,3876.0
2020-01-01,31.46,31.78,31.46,31.51,1326.0
2020-01-01,3044.7,3053.0,3027.4,3039.65,110561.0
2020-01-02,3047.0,3065.0,3043.05,3053.4,138428.0
2020-01-02,31.51,31.6,31.47,31.52,9751.0
2020-01-03,3045.0,3060.0,3025.65,3038.8,168305.0
2020-01-03,31.52,31.6,31.51,31.51,7934.0
2020-01-06,3030.0,3032.15,2995.05,3022.05,181158.0
2020-01-06,31.52,31.52,31.31,31.39,63942.0
2020-01-07,3033.9,3054.0,3028.0,3036.6,159307.0
2020-01-07,31.32,31.6,31.32,31.5,19075.0
2020-01-08,31.32,31.75,31.31,31.58,70153.0
2020-01-08,3020.0,3038.7,2995.0,3023.6,194024.0
2020-01-09,3047.2,3049.0,2995.1,3001.1,434270.0
2020-01-09,31.79,31.79,31.52,31.71,73840.0
2020-01-10,3014.95,3015.0,2978.05,2989.75,526254.0
2020-01-10,31.43,31.77,31.43,31.61,5281.0
2020-01-13,2995.0,3056.25,2987.3,3045.1,420792.0
2020-01-13,31.31,31.78,31.31,31.56,21801.0
2020-01-14,3058.0,3119.0,3037.15,3105.15,653300.0
2020-01-14,31.5,31.59,31.5,31.51,47049.0
2020-01-15,3120.0,3133.95,3092.9,3114.2,438959.0
2020-01-15,31.4,31.6,31.4,31.56,4880.0
2020-01-16,31.55,31.78,31.55,31.58,7925.0
2020-01-16,3116.0,3160.0,3115.0,3150.25,768872.0
2020-01-17,3155.0,3169.0,3114.35,3124.45,294064.0
2020-01-17,31.55,31.78,31.55,31.56,13673.0
2020-01-20,3143.0,3143.0,3104.4,3110.45,203111.0
2020-01-20,31.4,31.8,31.4,31.63,17012.0
2020-01-21,3100.0,3130.0,3077.25,3111.25,220943.0
2020-01-21,31.46,31.79,31.46,31.7,7245.0
2020-01-22,3125.5,3138.7,3088.9,3106.35,248578.0
2020-01-22,31.61,31.74,31.61,31.69,13473.0
2020-01-23,31.5,31.79,31.5,31.73,158331.0
2020-01-23,3103.85,3122.9,3068.1,3112.95,203032.0
2020-01-24,3113.15,3212.95,3112.05,3192.5,580192.0
2020-01-24,31.61,31.93,31.61,31.8,7701.0
2020-01-27,3187.0,3210.0,3155.0,3174.2,322446.0
2020-01-27,31.51,31.94,31.51,31.71,21979.0
2020-01-28,3182.9,3209.9,3136.5,3181.25,292577.0
2020-01-28,31.53,31.84,31.53,31.67,6493.0
2020-01-29,3200.0,3245.5,3190.05,3214.2,434882.0
2020-01-29,31.98,31.98,31.66,31.69,146481.0
2020-01-30,3208.95,3234.7,3192.45,3210.7,337850.0
2020-01-30,31.69,31.89,31.5,31.69,3936.0
2020-01-31,31.65,31.93,31.55,31.68,43722.0
2020-01-31,3242.7,3274.6,3186.85,3200.7,468850.0
2020-02-01,3161.0,3220.0,3080.0,3097.6,237502.0
2020-02-01,31.68,31.97,31.52,31.72,3668.0
2020-02-03,3097.6,3249.0,3092.35,3230.05,657504.0
2020-02-03,31.5,31.96,31.5,31.72,10662.0
2020-02-04,3235.0,3300.0,3188.0,3232.5,511585.0
2020-02-04,31.5,32.0,31.31,31.82,12144.0
2020-02-05,3269.8,3318.0,3243.7,3255.95,423733.0
2020-02-05,31.51,32.0,31.41,31.77,16875.0
2020-02-06,31.41,32.1,31.41,31.96,4396.0
2020-02-06,3260.35,3293.0,3236.35,3252.2,410631.0
2020-02-07,3256.0,3296.0,3237.1,3251.4,450061.0
2020-02-07,31.51,32.15,31.51,31.81,10043.0
2020-02-10,3270.0,3280.0,3125.0,3155.6,969115.0
2020-02-10,32.2,32.2,31.52,31.95,538392.0
2020-02-11,3179.95,3198.8,3124.2,3134.7,507516.0
2020-02-11,31.51,31.99,31.51,31.93,7517.0
2020-02-12,3124.2,3209.0,3124.2,3136.8,669153.0
2020-02-12,32.0,32.1,31.56,31.96,69967.0
2020-02-13,31.7,32.19,31.7,32.01,23148.0
2020-02-13,3132.0,3143.65,3105.2,3135.2,319421.0
2020-02-14,31.7,32.19,31.7,31.96,4867.0
2020-02-14,3116.0,3159.0,3090.3,3096.65,270506.0
2020-02-17,3095.0,3112.3,3072.05,3084.1,224912.0
2020-02-17,31.7,32.0,31.7,31.92,3121.0
2020-02-18,3080.0,3080.0,3020.0,3066.45,453173.0
2020-02-18,31.55,31.99,31.55,31.96,18263.0
2020-02-19,3082.1,3111.0,3040.0,3082.25,462922.0
2020-02-19,31.75,32.15,31.75,31.94,9385.0
2020-02-20,3079.8,3123.45,3052.25,3059.4,270720.0
2020-02-20,31.9,32.0,31.71,31.92,10787.0
2020-02-24,31.7,32.15,31.6,31.98,33028.0
2020-02-24,3059.0,3065.0,3005.0,3036.2,427352.0
2020-02-25,3040.0,3078.0,3018.0,3033.55,350415.0
2020-02-25,31.6,32.05,31.6,32.02,997599.0
2020-02-26,3025.1,3069.9,3016.7,3041.35,366302.0
2020-02-26,31.98,32.02,31.9,31.98,11401.0
2020-02-27,3036.95,3100.0,2960.0,3026.05,652385.0
2020-02-27,31.76,32.1,31.76,31.97,13824.0
2020-02-28,2983.0,3020.0,2917.0,2970.2,619510.0
2020-02-28,31.51,32.05,31.51,31.99,31276.0
2020-03-02,2995.0,3053.95,2925.0,2949.1,348147.0
2020-03-02,31.91,32.19,31.91,32.0,8403.0
2020-03-03,31.8,32.1,31.8,32.0,6093.0
2020-03-03,2970.0,3045.5,2965.0,3026.5,399770.0
2020-03-04,3048.0,3080.0,3028.0,3063.05,368498.0
2020-03-04,32.0,32.15,31.88,32.01,7669.0
2020-03-05,3082.6,3165.0,3076.1,3127.15,720100.0
2020-03-05,32.01,32.25,31.7,32.1,98335.0
2020-03-06,3084.9,3100.0,3013.25,3081.4,593374.0
2020-03-06,31.0,32.2,31.0,32.11,6026.0
2020-03-09,3045.0,3061.8,2968.5,2996.5,607257.0
2020-03-09,31.51,32.17,31.51,32.05,22732.0
2020-03-11,31.55,32.17,31.55,32.05,9904.0
2020-03-11,2982.2,3065.9,2944.1,3048.3,534597.0
2020-03-12,2945.0,2968.95,2785.05,2810.65,774263.0
2020-03-12,31.15,32.14,31.15,32.01,58176.0
2020-03-13,2700.0,3049.9,2410.0,2763.6,1108162.0
2020-03-13,31.15,32.4,30.25,32.25,116295.0
2020-03-16,2704.8,2744.65,2602.05,2709.0,791034.0
2020-03-16,32.2,32.2,31.35,31.86,39151.0
2020-03-17,2720.0,2795.75,2669.05,2686.0,567266.0
2020-03-17,32.2,32.2,31.5,31.75,6128.0
2020-03-18,31.31,31.85,31.31,31.34,3754737.0
2020-03-18,2728.0,2744.95,2480.0,2501.95,649481.0
2020-03-19,31.31,31.74,30.61,31.3,65232.0
2020-03-19,2389.0,2404.0,2260.0,2318.15,786857.0
2020-03-20,2341.3,2500.9,2294.25,2467.8,742455.0
2020-03-20,31.26,31.5,31.26,31.37,44641.0
2020-03-23,2300.0,2422.4,2100.0,2137.85,613493.0
2020-03-23,30.55,31.35,30.55,31.2,43160.0
2020-03-24,2117.0,2450.0,2111.9,2364.7,929170.0
2020-03-24,30.71,31.85,30.71,31.17,5905.0
2020-03-25,2364.6,2511.6,2317.1,2451.4,1249005.0
2020-03-25,34.89,34.89,30.0,31.08,16053.0
2020-03-26,2471.55,2668.8,2417.3,2588.45,944116.0
2020-03-26,31.0,32.0,30.86,31.14,3319.0
2020-03-27,30.55,31.95,30.55,31.76,8527.0
2020-03-27,2690.0,2708.95,2505.0,2529.25,472582.0
2020-03-30,2465.25,2579.35,2442.75,2473.75,701815.0
2020-03-30,31.35,31.7,31.1,31.55,4121.0
2020-03-31,2579.95,2710.0,2490.0,2688.95,734769.0
2020-03-31,34.89,34.89,31.3,31.62,3516.0
2020-04-01,2700.0,2780.0,2505.0,2564.85,1167150.0
2020-04-01,31.65,32.0,31.62,31.67,2428.0
2020-04-03,2588.95,2610.0,2475.0,2563.25,726903.0
2020-04-03,32.0,32.0,31.56,31.77,1302.0
2020-04-07,31.77,32.98,31.0,31.91,13451.0
2020-04-07,2640.15,2878.7,2640.15,2834.5,1062855.0
2020-04-08,2829.0,2990.0,2759.0,2775.55,1037961.0
2020-04-08,31.1,32.79,31.1,32.0,4348.0
2020-04-09,2850.0,2850.0,2732.9,2801.7,893108.0
2020-04-09,32.0,32.0,31.62,31.88,1050.0
2020-04-13,2800.0,2800.0,2697.35,2706.15,501533.0
2020-04-13,31.95,32.7,31.11,31.89,1913.0
2020-04-15,2772.0,2908.5,2754.7,2837.35,1011691.0
2020-04-15,31.6,33.25,31.6,31.98,6745.0
2020-04-16,31.8,32.45,31.8,32.02,1289.0
2020-04-16,2837.5,2893.95,2815.0,2836.8,675907.0
2020-04-17,2884.0,2895.0,2802.2,2832.15,705271.0
2020-04-17,31.8,32.25,31.7,31.94,2640.0
2020-04-20,2860.1,2864.8,2801.0,2833.0,667917.0
2020-04-20,31.95,32.5,31.85,32.34,1819.0
2020-04-21,2779.9,2906.35,2733.15,2863.25,1129799.0
2020-04-21,31.96,32.34,31.96,32.02,2573.0
2020-04-22,2863.0,2969.7,2827.45,2952.65,737395.0
2020-04-22,31.8,32.25,31.8,32.02,1167.0
2020-04-23,2960.0,3245.0,2918.0,2947.4,3426363.0
2020-04-23,32.02,32.4,31.9,32.16,4298.0
2020-04-24,32.16,32.5,32.07,32.1,3013.0
2020-04-24,2980.0,3122.9,2956.0,3062.15,2613797.0
2020-04-27,3075.85,3290.0,3070.0,3242.05,1993378.0
2020-04-27,32.01,32.44,32.01,32.09,3312.0
2020-04-28,3277.0,3289.85,3160.0,3193.95,1379063.0
2020-04-28,32.09,32.25,32.03,32.17,4032.0
2020-04-29,3187.8,3238.75,3150.0,3156.8,1177520.0
2020-04-29,32.17,32.42,32.17,32.3,9288.0
2020-04-30,3195.0,3205.0,3150.0,3165.75,1021592.0
2020-04-30,32.21,32.4,32.2,32.34,11533.0
2020-05-04,32.0,32.7,32.0,32.31,3743.0
2020-05-04,3109.0,3160.0,3056.0,3092.95,591353.0
2020-05-05,3107.0,3126.0,2970.5,2978.75,905266.0
2020-05-05,32.35,32.8,32.15,32.41,1291.0
2020-05-06,2950.0,3065.0,2907.65,2987.7,995972.0
2020-05-06,32.0,32.65,32.0,32.39,1861.0
2020-05-07,2977.7,2980.0,2867.0,2915.35,994651.0
2020-05-07,32.4,34.0,32.3,32.45,2969.0
2020-05-08,2945.0,3037.0,2923.45,2994.65,1102857.0
2020-05-08,32.45,32.45,32.35,32.41,3507.0
2020-05-11,32.11,32.45,31.61,32.35,17369.0
2020-05-11,3029.0,3083.4,2991.85,3053.95,1095855.0
2020-05-12,31.5,32.5,31.5,32.21,8967.0
2020-05-12,3048.95,3123.2,3031.3,3107.3,1329390.0
2020-05-13,3180.0,3188.0,3057.5,3079.55,850975.0
2020-05-13,32.21,33.0,32.21,32.6,3326.0
2020-05-14,3065.0,3138.0,3031.7,3118.7,777257.0
2020-05-14,32.35,32.98,32.35,32.5,3767.0
2020-05-15,3146.9,3196.0,3115.0,3125.65,870248.0
2020-05-15,33.0,33.0,32.41,32.83,12292.0
2020-05-18,3110.0,3165.0,3098.1,3109.55,730350.0
2020-05-18,32.83,32.94,32.52,32.64,956.0
2020-05-19,3130.2,3147.9,3086.05,3104.0,537217.0
2020-05-19,32.64,32.88,32.51,32.79,2458.0
2020-05-20,32.53,32.91,32.51,32.63,3115.0
2020-05-20,3110.6,3159.0,3106.85,3127.85,439150.0
2020-05-21,3120.1,3157.0,3099.0,3110.95,574325.0
2020-05-21,32.3,32.65,32.3,32.6,264353.0
2020-05-22,3104.0,3184.2,3080.0,3167.1,630580.0
2020-05-22,30.0,33.0,29.0,32.81,12802.0
2020-05-26,3200.0,3244.0,3141.0,3163.85,718134.0
2020-05-26,32.5,33.1,32.5,32.73,4701.0
2020-05-27,3170.0,3238.95,3141.0,3220.3,739328.0
2020-05-27,32.6,33.09,32.6,32.78,5612.0
2020-05-28,32.78,33.7,32.63,32.76,6199.0
2020-05-28,3217.5,3363.25,3189.35,3323.25,1453514.0
2020-05-29,3289.9,3417.0,3289.9,3378.85,1658714.0
2020-05-29,32.62,33.48,32.62,32.63,1863.0
2020-06-01,3416.0,3470.0,3401.0,3434.85,883460.0
2020-06-01,32.55,33.69,32.0,32.69,13366.0
2020-06-02,3434.9,3480.0,3400.0,3451.0,786444.0
2020-06-02,32.05,33.4,32.05,32.68,83790.0
2020-06-03,3601.0,3708.0,3471.2,3510.3,3415126.0
2020-06-03,32.5,33.7,32.5,32.72,26526.0
2020-06-04,32.65,33.55,32.57,33.07,3287.0
2020-06-04,3510.0,3555.0,3422.0,3450.35,1309771.0
2020-06-05,3475.0,3497.95,3402.2,3466.7,1200548.0
2020-06-05,33.07,33.07,32.55,32.62,11776.0
2020-06-08,3486.0,3513.25,3410.0,3426.8,768759.0
2020-06-08,32.6,33.0,32.6,32.64,3095.0
2020-06-09,3434.9,3469.9,3409.0,3415.7,567611.0
2020-06-09,33.64,33.64,32.7,32.93,6508.0
2020-06-10,3420.9,3447.6,3357.4,3377.0,628261.0
2020-06-10,32.93,33.5,32.64,32.98,1998.0
2020-06-11,3389.9,3403.45,3330.0,3370.35,673105.0
2020-06-11,32.98,32.98,32.81,32.94,4568.0
2020-06-12,32.5,32.94,32.5,32.65,33731.0
2020-06-12,3333.0,3443.0,3305.75,3366.05,1373475.0
2020-06-15,3351.0,3406.5,3343.45,3357.2,609721.0
2020-06-15,32.98,32.98,32.61,32.87,7714.0
2020-06-16,3381.05,3399.95,3330.0,3345.35,701355.0
2020-06-16,32.64,32.98,32.64,32.8,15806.0
2020-06-17,3357.85,3435.0,3355.05,3401.45,1100079.0
2020-06-17,32.65,32.8,32.63,32.7,7471.0
2020-06-18,3415.0,3457.0,3381.55,3404.25,898020.0
2020-06-18,32.75,32.99,32.55,32.77,2009.0
2020-06-19,32.77,33.0,32.74,32.79,6076.0
2020-06-19,3417.9,3450.0,3382.0,3438.55,782740.0
2020-06-22,3450.0,3475.0,3416.0,3421.2,735172.0
2020-06-22,32.74,32.9,32.74,32.81,8277.0
2020-06-23,3429.95,3504.9,3426.3,3467.05,765553.0
2020-06-23,32.9,32.99,32.8,32.85,8186.0
2020-06-24,3487.0,3504.9,3440.0,3446.4,573266.0
2020-06-24,32.82,33.0,32.82,33.0,3894.0
2020-06-25,3424.9,3474.4,3420.0,3450.4,546489.0
2020-06-25,33.0,33.0,32.85,32.93,12451.0
2020-06-26,33.2,33.2,32.75,32.95,4625.0
2020-06-26,3457.3,3499.9,3444.3,3456.4,448352.0
2020-06-29,30.5,33.3,30.5,33.09,6787.0
2020-06-29,3452.8,3544.85,3445.8,3519.25,940186.0
2020-06-30,3542.0,3615.0,3540.0,3603.8,1236537.0
2020-06-30,32.73,33.28,32.73,33.07,3985.0
2020-07-01,33.05,33.19,33.05,33.08,9347.0
2020-07-01,3605.0,3611.0,3536.0,3545.95,586225.0
2020-07-02,3553.0,3567.65,3512.05,3535.1,422319.0
2020-07-02,33.28,33.28,33.07,33.1,2701.0
2020-07-03,3549.5,3579.95,3515.0,3538.35,323231.0
2020-07-03,33.1,33.35,33.1,33.19,4372.0
2020-07-06,3560.0,3646.0,3541.0,3624.45,538078.0
2020-07-06,33.1,33.21,33.1,33.14,11603.0
2020-07-07,33.5,33.5,33.08,33.08,11754.0
2020-07-07,3636.0,3685.45,3580.0,3678.45,664348.0
2020-07-08,3675.55,3712.5,3630.0,3685.0,531417.0
2020-07-08,33.12,33.5,32.9,33.08,3179.0
2020-07-09,3690.0,3699.0,3650.0,3673.6,397351.0
2020-07-09,33.0,33.5,33.0,33.16,64694.0
2020-07-10,3669.6,3753.6,3655.35,3726.65,706136.0
2020-07-10,33.01,33.45,33.01,33.26,40252.0
2020-07-13,3760.0,3835.0,3750.25,3796.8,1108644.0
2020-07-13,33.5,33.55,33.28,33.31,8754.0
2020-07-14,33.31,33.39,33.11,33.27,3627.0
2020-07-14,3795.55,3795.95,3729.0,3735.25,399210.0
2020-07-15,3742.0,3778.3,3711.7,3723.25,506574.0
2020-07-15,33.27,33.49,33.12,33.23,6266.0
2020-07-16,3729.0,3880.25,3689.55,3854.75,987220.0
2020-07-16,33.74,33.74,33.2,33.41,6910.0
2020-07-17,3900.0,3938.0,3766.8,3785.0,4503046.0
2020-07-17,32.75,33.85,32.75,33.35,4600.0
2020-07-20,3859.0,3993.0,3807.2,3982.65,3785159.0
2020-07-20,32.0,33.5,32.0,33.33,6099.0
2020-07-21,33.0,33.7,33.0,33.6,931369.0
2020-07-21,3999.0,4010.0,3875.0,3880.4,1880670.0
2020-07-22,3914.8,3924.4,3791.05,3805.05,1019300.0
2020-07-22,33.6,33.6,33.5,33.5,10741.0
2020-07-23,3825.0,3879.75,3820.0,3827.6,791770.0
2020-07-23,33.74,33.74,33.5,33.53,3004.0
2020-07-24,3824.95,3849.9,3768.0,3818.45,665233.0
2020-07-24,32.0,33.7,32.0,33.51,1552.0
2020-07-27,3845.0,3846.6,3762.4,3777.35,523512.0
2020-07-27,33.3,33.7,33.21,33.62,12060.0
2020-07-28,3780.3,3830.0,3763.35,3774.75,599914.0
2020-07-28,33.62,33.7,33.51,33.51,2731.0
2020-07-29,33.51,33.73,33.5,33.55,8606.0
2020-07-29,3797.7,3853.0,3780.0,3794.7,785425.0
2020-07-30,3818.4,3874.4,3790.5,3805.95,855542.0
2020-07-30,33.5,33.73,33.15,33.42,8052.0
2020-07-31,3811.0,3860.0,3801.1,3823.6,681895.0
2020-07-31,33.74,33.74,33.15,33.45,7201.0
2020-08-03,3827.0,3849.9,3768.1,3776.2,369180.0
2020-08-03,33.4,33.7,33.25,33.47,1457.0
2020-08-04,3800.0,3855.0,3785.0,3817.6,642559.0
2020-08-04,32.0,33.99,32.0,33.35,4518.0
2020-08-05,33.32,33.68,33.15,33.28,1490.0
2020-08-05,3839.9,3873.55,3827.95,3849.95,569216.0
2020-08-06,3865.0,3912.0,3845.0,3857.65,786063.0
2020-08-06,33.2,33.72,33.17,33.25,1504.0
2020-08-07,3865.0,3945.0,3850.0,3934.8,1061884.0
2020-08-07,33.15,33.73,33.15,33.58,3837.0
2020-08-10,3959.95,4005.0,3929.0,3942.8,826722.0
2020-08-10,33.4,33.98,33.35,33.71,11768.0
2020-08-11,3950.0,3970.0,3865.0,3879.55,422055.0
2020-08-11,33.4,33.69,33.2,33.43,4269.0
2020-08-12,3880.55,3885.0,3800.0,3809.75,619436.0
2020-08-12,33.4,33.79,33.3,33.53,4713.0
2020-08-13,33.3,33.79,33.3,33.75,5486.0
2020-08-13,3823.8,3857.85,3792.05,3808.25,513264.0
2020-08-14,3828.0,3840.0,3752.0,3801.35,537499.0
2020-08-14,33.75,34.0,33.36,33.64,8727.0
2020-08-17,3830.0,3895.0,3802.0,3868.65,987819.0
2020-08-17,33.49,34.0,33.49,33.66,5186.0
2020-08-18,3880.0,3940.0,3875.0,3914.3,768897.0
2020-08-18,33.08,36.0,33.08,33.66,8717.0
2020-08-19,3943.65,3949.0,3865.65,3875.4,505661.0
2020-08-19,33.5,34.23,33.5,33.75,8312.0
2020-08-20,32.0,32.0,31.1,31.35,63643.0
2020-08-20,3880.0,3910.2,3837.25,3868.1,523854.0
2020-08-21,3896.0,3912.0,3865.05,3882.75,401007.0
2020-08-21,31.11,31.85,31.11,31.33,11624.0
2020-08-24,3912.0,3926.0,3894.2,3908.35,444407.0
2020-08-24,31.15,31.44,31.15,31.33,11410.0
2020-08-25,3918.0,3929.95,3875.0,3896.85,358587.0
2020-08-25,30.51,31.5,30.51,31.34,2501.0
2020-08-26,3845.0,3857.35,3799.1,3829.25,608530.0
2020-08-26,31.2,31.9,31.2,31.58,20518.0
2020-08-27,31.42,31.75,31.42,31.71,6034.0
2020-08-27,3840.0,3853.35,3810.0,3816.6,385945.0
2020-08-28,31.89,31.89,31.41,31.67,7614.0
2020-08-28,3819.0,3827.6,3787.0,3793.85,512488.0
2020-08-31,3806.4,3811.0,3684.0,3726.05,600226.0
2020-08-31,31.67,31.67,31.5,31.51,12664.0
2020-09-01,3735.0,3787.75,3718.3,3771.0,387446.0
2020-09-01,31.0,31.98,31.0,31.5,16088.0
2020-09-02,3787.9,3813.6,3752.0,3799.2,305952.0
2020-09-02,31.9,31.9,31.53,31.6,9925.0
2020-09-03,3798.0,3808.75,3740.0,3746.85,414160.0
2020-09-03,31.54,31.9,31.53,31.63,7407.0
2020-09-04,31.63,31.87,31.5,31.6,4128.0
2020-09-04,3730.0,3809.0,3698.55,3705.85,759852.0
2020-09-07,3732.9,3750.0,3655.0,3724.05,437318.0
2020-09-07,31.54,31.79,31.51,31.72,7928.0
2020-09-08,3726.9,3762.45,3711.25,3731.6,379275.0
2020-09-08,31.54,31.89,31.53,31.58,4303.0
2020-09-09,3690.0,3749.0,3686.1,3738.3,332884.0
2020-09-09,32.1,32.1,31.51,31.52,5794.0
2020-09-10,3765.5,3765.5,3700.05,3719.25,357927.0
2020-09-10,31.77,31.82,31.52,31.61,2128.0
2020-09-11,3724.0,3828.0,3720.0,3772.25,829715.0
2020-09-11,31.6,31.82,31.6,31.61,3313.0
2020-09-14,31.6,31.85,31.6,31.68,3976.0
2020-09-14,3788.9,3796.0,3711.0,3719.5,397741.0
2020-09-15,3720.05,3766.5,3715.0,3734.1,366110.0
2020-09-15,31.68,31.95,31.62,31.7,3614.0
2020-09-16,3742.0,3860.0,3737.15,3844.5,917526.0
2020-09-16,31.51,31.96,31.51,31.67,2488.0
2020-09-17,3848.0,3890.95,3768.75,3815.65,741010.0
2020-09-17,32.0,32.0,31.62,31.69,7384.0
2020-09-18,3837.7,3839.75,3774.85,3797.5,947698.0
2020-09-18,31.63,31.99,31.63,31.67,1995.0
2020-09-21,31.61,31.99,31.5,31.6,16350.0
2020-09-21,3790.0,3795.0,3613.5,3629.3,604282.0
2020-09-22,3660.0,3678.0,3540.05,3588.0,670648.0
2020-09-22,31.61,31.9,31.56,31.62,5461.0
2020-09-23,3618.9,3652.9,3562.8,3624.9,405856.0
2020-09-23,31.62,31.9,31.6,31.66,6863.0
2020-09-24,3590.0,3655.0,3560.2,3612.75,517316.0
2020-09-24,31.66,31.85,31.5,31.78,17132.0
2020-09-25,3640.0,3716.95,3615.0,3686.4,507368.0
2020-09-25,31.8,31.94,31.6,31.84,5556.0
2020-09-28,31.6,31.84,31.6,31.79,3632.0
2020-09-28,3710.9,3778.0,3689.0,3737.35,390640.0
2020-09-29,31.99,31.99,31.7,31.8,1305.0
2020-09-29,3769.0,3796.0,3701.65,3736.85,449330.0
2020-09-30,3734.0,3825.0,3714.05,3798.15,535771.0
2020-09-30,31.8,31.88,31.67,31.69,15309.0
2020-10-01,3820.0,3827.95,3762.0,3808.6,336322.0
2020-10-01,31.7,31.98,31.61,31.83,2251.0
2020-10-05,3815.0,3857.8,3785.05,3830.45,460889.0
2020-10-05,31.5,31.9,31.5,31.75,2548.0
2020-10-06,3870.0,3879.95,3752.0,3765.85,666856.0
2020-10-06,31.75,31.9,31.65,31.71,17689.0
2020-10-07,3780.0,3838.0,3768.0,3785.95,590795.0
2020-10-07,31.71,31.88,31.67,31.79,3609.0
2020-10-08,31.79,31.94,31.71,31.8,1835.0
2020-10-08,3798.9,3825.0,3771.5,3794.7,371495.0
2020-10-09,3807.0,3818.65,3735.0,3745.1,347685.0
2020-10-09,31.99,31.99,31.72,31.75,7061.0
2020-10-12,3769.1,3774.3,3722.3,3731.5,286506.0
2020-10-12,31.75,31.8,31.7,31.75,1427.0
2020-10-13,3732.0,3786.3,3702.65,3745.65,368886.0
2020-10-13,31.75,31.84,31.72,31.82,3424.0
2020-10-14,3743.0,3801.8,3740.0,3789.8,545911.0
2020-10-14,30.0,31.84,30.0,31.81,6904.0
2020-10-15,30.0,31.9,30.0,31.53,65090.0
2020-10-15,3790.0,3835.95,3715.0,3731.0,526411.0
2020-10-16,3748.95,3779.0,3721.25,3747.2,263967.0
2020-10-16,31.35,31.78,31.35,31.56,5452.0
2020-10-19,3766.0,3795.0,3740.0,3772.45,473267.0
2020-10-19,30.0,31.85,30.0,31.69,21460.0
2020-10-20,3681.0,3694.0,3543.1,3553.15,3187477.0
2020-10-20,31.69,31.8,31.6,31.77,3924.0
2020-10-21,3580.0,3580.0,3382.0,3397.25,3538724.0
2020-10-21,30.13,32.1,30.13,31.66,10433.0
2020-10-22,30.16,31.75,30.16,31.69,7046.0
2020-10-22,3410.0,3493.35,3410.0,3458.35,2266246.0
2020-10-23,3480.0,3502.9,3442.05,3469.75,1022334.0
2020-10-23,31.0,31.69,31.0,31.66,17173.0
2020-10-26,3482.0,3505.55,3466.0,3485.4,893740.0
2020-10-26,31.99,31.99,31.6,31.6,9139.0
2020-10-27,3480.0,3588.0,3480.0,3572.25,1753963.0
2020-10-27,31.6,31.95,31.6,31.78,8305.0
2020-10-28,3572.2,3599.8,3524.95,3541.7,667035.0
2020-10-28,31.8,31.95,31.6,31.83,10822.0
2020-10-29,3538.0,3556.0,3498.0,3532.65,654253.0
2020-10-29,31.66,31.91,31.66,31.75,2640.0
2020-10-30,31.66,31.94,31.66,31.79,1755.0
2020-10-30,3540.0,3549.85,3460.65,3473.25,475859.0
2020-11-02,3483.0,3485.95,3391.15,3420.3,764391.0
2020-11-02,31.5,31.75,31.5,31.71,517.0
2020-11-03,3445.0,3457.25,3390.0,3403.65,623300.0
2020-11-03,31.71,31.85,31.67,31.71,3270.0
2020-11-04,3423.0,3506.0,3411.9,3470.7,714800.0
2020-11-04,31.71,31.93,31.7,31.71,65624.0
2020-11-05,3512.0,3530.0,3465.45,3499.25,999876.0
2020-11-05,31.71,31.87,31.63,31.72,3454.0
2020-11-06,31.57,32.0,31.57,31.75,7098.0
2020-11-06,3510.0,3555.0,3489.65,3513.55,582470.0
2020-11-09,3548.0,3570.0,3513.55,3548.3,566460.0
2020-11-09,31.71,31.98,31.71,31.78,8201.0
2020-11-10,3572.0,3572.0,3445.85,3508.35,976298.0
2020-11-10,31.74,31.88,31.74,31.77,7393.0
2020-11-11,3509.0,3541.6,3453.05,3492.75,1141508.0
2020-11-11,31.71,31.89,31.71,31.75,4133.0
2020-11-12,3499.7,3525.95,3481.35,3515.3,615256.0
2020-11-12,31.77,31.8,31.73,31.76,2397.0
2020-11-13,31.8,31.88,31.75,31.81,3760.0
2020-11-13,3517.0,3541.45,3505.0,3514.45,473523.0
2020-11-14,31.75,31.99,31.75,31.8,1498.0
2020-11-14,3535.0,3536.5,3515.0,3527.35,56492.0
2020-11-17,3541.0,3550.0,3504.4,3509.8,694643.0
2020-11-17,31.8,31.9,31.76,31.82,6763.0
2020-11-18,3507.8,3521.95,3445.0,3500.35,914389.0
2020-11-18,31.85,31.85,31.78,31.83,3036.0
2020-11-19,3489.0,3549.0,3480.0,3511.35,739067.0
2020-11-19,31.73,31.85,31.73,31.81,8842.0
2020-11-20,3524.95,3577.75,3521.15,3552.1,1197247.0
2020-11-20,31.81,31.85,31.75,31.8,20699.0
2020-11-23,3575.0,3599.0,3552.0,3557.4,952758.0
2020-11-23,31.69,31.87,31.0,31.81,6840.0
2020-11-24,31.79,31.89,31.79,31.84,7102.0
2020-11-24,3575.0,3593.0,3531.7,3562.25,752974.0
2020-11-25,3570.6,3579.85,3531.5,3555.8,385590.0
2020-11-25,31.84,31.89,31.77,31.83,2956.0
2020-11-26,3569.8,3572.9,3490.0,3548.75,741800.0
2020-11-26,31.8,32.09,31.8,32.0,125958.0
2020-11-27,3563.85,3684.9,3503.1,3637.95,5383773.0
2020-11-27,32.0,32.2,31.85,31.89,3012.0
2020-12-01,3702.5,3702.5,3595.55,3629.35,1042234.0
2020-12-01,31.99,31.99,31.85,31.96,5802.0
2020-12-02,31.88,32.25,31.85,31.91,3298.0
2020-12-02,3637.0,3648.0,3560.0,3597.0,680870.0
2020-12-03,3647.0,3653.9,3608.05,3635.95,450558.0
2020-12-03,31.8,32.0,31.8,31.99,7149.0
2020-12-04,3637.0,3672.0,3612.0,3648.2,482933.0
2020-12-04,31.84,32.2,31.84,32.03,10645.0
2020-12-07,3650.0,3670.0,3612.1,3628.95,492080.0
2020-12-07,32.03,32.03,31.87,32.0,2570.0
2020-12-08,3639.4,3654.9,3617.65,3645.4,413743.0
2020-12-08,32.0,32.24,31.92,31.98,8372.0
2020-12-09,31.92,32.2,31.92,32.03,53736.0
2020-12-09,3648.9,3666.0,3619.1,3627.1,434686.0
2020-12-10,3627.1,3747.0,3624.0,3739.75,1443681.0
2020-12-10,31.85,32.05,31.85,32.01,7158.0
2020-12-11,3746.85,3777.0,3701.5,3732.75,695958.0
2020-12-11,32.0,32.3,32.0,32.1,9000.0
2020-12-14,3745.0,3792.0,3737.05,3776.95,685712.0
2020-12-14,32.2,32.3,31.93,31.96,4249.0
2020-12-15,3775.0,3797.7,3725.7,3765.55,648902.0
2020-12-15,31.84,32.2,31.84,31.93,5072.0
2020-12-16,31.93,32.19,31.93,31.99,5452.0
2020-12-16,3766.2,3786.0,3745.0,3752.6,466183.0
2020-12-17,3740.1,3767.0,3721.0,3729.75,488772.0
2020-12-17,31.99,32.0,31.95,31.97,2585.0
2020-12-18,3738.0,3759.8,3690.0,3720.5,1043126.0
2020-12-18,31.95,32.19,31.95,32.11,8081.0
2020-12-21,3719.0,3727.05,3534.85,3624.05,670146.0
2020-12-21,32.0,32.11,32.0,32.01,8245.0
2020-12-22,3620.0,3662.4,3541.1,3630.4,662139.0
2020-12-22,31.95,32.19,31.95,32.01,3431.0
2020-12-23,32.0,32.01,31.97,31.98,4383.0
2020-12-23,3641.6,3668.35,3605.25,3625.35,451656.0
2020-12-24,3655.0,3683.9,3590.05,3618.25,579767.0
2020-12-24,32.3,32.5,31.96,32.0,10847.0
2020-12-28,3635.0,3646.15,3598.0,3603.55,463358.0
2020-12-28,31.95,32.55,31.95,32.0,4796.0
2020-12-29,3614.0,3623.25,3575.1,3593.3,414932.0
2020-12-29,32.0,32.29,31.98,32.01,1012.0
2020-12-30,3602.25,3605.85,3564.0,3583.9,407808.0
2020-12-30,32.0,32.05,31.96,32.01,8513.0
2020-12-31,32.0,32.55,29.9,31.98,45308.0
2020-12-31,3580.65,3601.75,3562.1,3576.35,459383.0
2021-01-01,31.9,32.25,31.9,32.18,4018.0
2021-01-01,3575.0,3605.0,3563.05,3567.8,453083.0
2021-01-04,32.18,32.18,31.9,32.01,6804.0
2021-01-04,3589.0,3593.9,3537.0,3552.9,698402.0
2021-01-05,3549.0,3563.95,3540.0,3551.1,725278.0
2021-01-05,32.01,32.29,32.0,32.03,2221.0
2021-01-06,3568.0,3602.0,3510.0,3539.7,1099588.0
2021-01-06,32.0,32.43,32.0,32.04,6384.0
2021-01-07,3560.0,3567.95,3516.45,3552.8,621487.0
2021-01-07,30.2,32.37,30.2,32.01,3227.0
2021-01-08,3574.0,3589.95,3532.85,3575.25,961239.0
2021-01-08,32.0,32.29,32.0,32.01,2771.0
2021-01-11,32.01,32.2,32.0,32.0,7831.0
2021-01-11,3603.8,3625.0,3547.65,3612.85,1043630.0
2021-01-12,3624.0,3648.8,3586.3,3631.65,893653.0
2021-01-12,31.9,32.22,31.9,32.01,5578.0
2021-01-13,3640.0,3648.0,3600.0,3621.15,798273.0
2021-01-13,32.0,32.24,32.0,32.04,4898.0
2021-01-14,3623.0,3704.9,3619.6,3665.45,1192074.0
2021-01-14,32.0,32.3,32.0,32.0,3429.0
2021-01-15,3680.0,3685.0,3571.0,3609.05,597621.0
2021-01-15,32.47,32.47,32.0,32.14,6010.0
2021-01-18,32.0,32.19,32.0,32.12,2754.0
2021-01-18,3609.05,3665.0,3575.0,3607.85,826497.0
2021-01-19,3628.75,3649.85,3587.0,3601.25,594091.0
2021-01-19,32.15,32.19,32.01,32.02,3661.0
2021-01-20,3605.0,3641.0,3585.0,3592.3,607449.0
2021-01-20,32.01,32.23,32.01,32.05,12295.0
2021-01-21,3604.7,3666.55,3602.6,3630.8,834432.0
2021-01-21,32.02,32.1,32.01,32.04,3581.0
2021-01-22,3649.0,3690.0,3591.0,3608.0,791205.0
2021-01-22,32.5,32.5,32.0,32.03,8382.0
2021-01-25,32.0,32.38,32.0,32.0,5575.0
2021-01-25,3633.85,3639.85,3576.25,3613.55,467367.0
2021-01-27,3613.55,3649.9,3593.8,3610.75,646880.0
2021-01-27,32.0,32.39,32.0,32.0,11317.0
2021-01-28,3588.7,3650.0,3559.25,3603.75,643832.0
2021-01-28,32.45,32.45,32.0,32.02,5722.0
2021-01-29,3605.2,3620.8,3480.2,3501.1,733173.0
2021-01-29,31.9,32.33,31.9,32.0,5984.0
2021-02-01,3539.0,3557.9,3483.0,3520.75,544282.0
2021-02-01,32.0,32.2,32.0,32.05,2892.0
2021-02-02,32.0,32.27,32.0,32.0,9175.0
2021-02-02,3547.9,3554.0,3483.75,3501.25,869950.0
2021-02-03,32.14,32.2,32.0,32.01,5798.0
2021-02-03,3526.05,3544.0,3501.0,3516.5,786972.0
2021-02-04,3521.95,3608.05,3511.05,3580.0,958717.0
2021-02-04,32.0,32.31,32.0,32.16,3737.0
2021-02-05,32.16,32.29,32.0,32.02,2476.0
2021-02-05,3616.0,3616.0,3530.45,3541.65,1159183.0
2021-02-08,32.0,32.44,32.0,32.03,15379.0
2021-02-08,3601.0,3616.9,3464.1,3473.7,2388271.0
2021-02-09,32.0,32.24,32.0,32.13,14196.0
2021-02-09,3505.0,3505.0,3455.0,3462.4,951124.0
2021-02-10,3467.9,3485.1,3417.05,3424.85,893690.0
2021-02-10,32.02,32.19,32.0,32.0,13010.0
2021-02-11,32.0,32.2,32.0,32.05,4236.0
2021-02-11,3430.75,3470.0,3420.0,3462.75,873772.0
2021-02-12,3480.0,3489.0,3409.05,3421.25,618874.0
2021-02-12,32.05,32.2,32.02,32.07,4167.0
2021-02-15,32.19,32.28,32.02,32.05,5327.0
2021-02-15,3429.0,3445.0,3403.0,3417.0,513578.0
2021-02-16,32.01,32.23,32.01,32.03,1494.0
2021-02-16,3432.0,3432.35,3385.05,3389.45,693631.0
2021-02-17,32.0,32.1,32.0,32.0,13400.0
2021-02-17,3370.0,3404.85,3360.0,3364.0,866571.0
2021-02-18,32.0,32.05,32.0,32.0,7706.0
2021-02-18,3368.0,3390.95,3340.1,3359.45,616156.0
2021-02-19,3359.0,3383.0,3320.0,3331.2,765676.0
2021-02-19,32.0,32.26,32.0,32.0,12980.0
2021-02-22,3350.0,3373.75,3317.3,3341.2,666371.0
2021-02-22,32.0,32.31,32.0,32.05,9042.0
2021-02-23,3349.8,3368.0,3325.3,3335.95,484686.0
2021-02-23,32.0,32.39,32.0,32.03,9338.0
2021-02-24,3360.0,3415.0,3341.0,3405.55,512568.0
2021-02-24,32.31,32.49,32.01,32.03,10451.0
2021-02-25,32.1,32.1,32.01,32.02,758.0
2021-02-25,3420.0,3425.7,3374.6,3405.0,586357.0
2021-02-26,32.04,32.35,32.01,32.01,3426.0
2021-02-26,3389.0,3408.95,3343.0,3363.75,748717.0
2021-03-01,32.2,32.2,32.01,32.03,2741.0
2021-03-01,3371.5,3420.0,3367.05,3411.8,377869.0
2021-03-02,32.2,32.2,32.0,32.06,5361.0
2021-03-02,3411.8,3450.0,3395.0,3447.95,383968.0
2021-03-03,32.01,32.13,32.0,32.03,2868.0
2021-03-03,3460.0,3487.15,3435.0,3481.15,409493.0
2021-03-04,32.0,32.19,32.0,32.02,5170.0
2021-03-04,3450.0,3514.8,3450.0,3501.9,537283.0
2021-03-05,3486.0,3506.65,3460.75,3491.75,612423.0
2021-03-05,32.01,32.01,32.0,32.01,18913.0
2021-03-08,32.2,32.3,32.0,32.23,8079.0
2021-03-08,3493.6,3508.95,3451.0,3463.2,463984.0
2021-03-09,32.25,32.25,32.01,32.04,6515.0
2021-03-09,3473.5,3489.15,3397.35,3426.75,589556.0
2021-03-10,32.0,32.5,32.0,32.15,3443.0
2021-03-10,3451.9,3489.0,3438.5,3480.35,270942.0
2021-03-12,32.03,32.15,32.03,32.1,2084.0
2021-03-12,3491.9,3493.85,3425.0,3434.25,344205.0
2021-03-15,3443.6,3456.55,3399.0,3450.4,311078.0
2021-03-15,32.1,32.4,32.0,32.01,766.0
2021-03-16,32.01,32.15,32.0,32.04,12211.0
2021-03-16,3462.6,3500.0,3456.05,3489.1,383099.0
2021-03-17,32.0,32.14,32.0,32.04,5488.0
2021-03-17,3488.0,3499.0,3446.3,3467.9,378136.0
2021-03-18,32.13,32.13,32.02,32.02,3157.0
2021-03-18,3480.0,3487.9,3427.4,3439.65,430166.0
2021-03-19,32.0,32.09,32.0,32.09,1444.0
2021-03-19,3424.6,3494.85,3379.0,3466.6,1312375.0
2021-03-22,32.0,32.09,32.0,32.01,2509.0
2021-03-22,3440.1,3570.0,3440.1,3564.4,820046.0
2021-03-23,32.03,32.12,32.0,32.09,5710.0
2021-03-23,3570.0,3578.0,3525.0,3568.4,461046.0
2021-03-24,3536.0,3568.2,3522.0,3537.75,480657.0
2021-03-24,32.04,32.1,32.04,32.05,2243.0
2021-03-25,3535.0,3564.8,3429.0,3443.85,486516.0
2021-03-25,32.1,32.1,32.02,32.06,8963.0
2021-03-26,32.03,32.1,32.03,32.09,2830.0
2021-03-26,3455.35,3515.0,3455.35,3504.6,273033.0
2021-03-30,3514.0,3625.0,3510.05,3616.0,567450.0
2021-03-30,32.01,32.19,32.01,32.01,6909.0
2021-03-31,3616.0,3655.0,3592.5,3625.05,441583.0
2021-03-31,32.0,32.04,32.0,32.04,5966.0
2021-04-01,32.1,32.19,32.01,32.17,76811.0
2021-04-01,3635.0,3670.0,3610.25,3618.5,460658.0
2021-04-05,32.17,32.38,32.07,32.16,4986.0
2021-04-05,3635.0,3720.0,3630.0,3700.35,807938.0
2021-04-06,32.08,32.48,32.08,32.28,4327.0
2021-04-06,3708.0,3736.4,3680.0,3730.6,462351.0
2021-04-07,3732.0,3820.0,3711.55,3808.55,633677.0
2021-04-07,32.26,32.5,32.2,32.47,8567.0
2021-04-08,3780.0,3834.0,3761.05,3816.75,613388.0
2021-04-08,32.05,32.99,32.05,32.53,5894.0
2021-04-09,32.6,32.6,32.28,32.38,7385.0
2021-04-09,3816.75,3843.7,3790.0,3797.7,526934.0
2021-04-12,3777.95,3850.0,3750.0,3812.75,1108910.0
2021-04-12,32.1,32.38,32.07,32.21,7319.0
2021-04-13,3814.1,3847.0,3729.05,3746.0,411660.0
2021-04-13,32.21,32.5,32.21,32.35,23568.0
2021-04-15,3751.0,3799.9,3673.0,3692.7,494464.0
2021-04-15,32.35,32.4,32.2,32.34,1420.0
2021-04-16,3695.5,3733.95,3676.55,3696.5,251741.0
2021-04-16,32.26,32.35,32.26,32.3,2921.0
2021-04-19,32.3,33.0,32.12,32.45,21573.0
2021-04-19,3685.0,3755.0,3653.05,3742.8,560398.0
2021-04-20,3731.9,3752.75,3690.1,3729.9,331477.0
2021-04-20,32.99,32.99,32.26,32.42,2198.0
2021-04-22,3725.1,3766.0,3692.15,3752.0,424370.0
2021-04-22,32.25,32.63,32.25,32.44,3744.0
2021-04-23,32.91,32.91,32.32,32.42,2804.0
2021-04-23,3755.0,3760.9,3640.5,3650.3,491834.0
2021-04-26,3661.1,3662.0,3531.0,3539.2,1031406.0
2021-04-26,32.25,32.42,32.25,32.33,1954.0
2021-04-27,32.8,32.8,32.32,32.35,2239.0
2021-04-27,3572.7,3574.6,3517.0,3541.2,813608.0
2021-04-28,32.38,32.6,32.1,32.3,8482.0
2021-04-28,3488.0,3527.0,3469.0,3478.75,1498181.0
2021-04-29,32.35,32.57,32.35,32.4,11658.0
2021-04-29,3496.75,3505.9,3447.0,3468.9,611087.0
2021-04-30,3460.0,3468.35,3437.0,3449.0,436187.0
2021-04-30,32.4,32.51,32.25,32.35,2593.0
2021-05-03,32.28,32.33,32.28,32.32,1078.0
2021-05-03,3439.1,3478.7,3431.6,3439.25,570022.0
2021-05-04,3432.0,3462.0,3420.0,3435.85,337838.0
2021-05-04,32.33,32.66,32.33,32.49,1099.0
2021-05-05,32.14,32.67,32.14,32.35,1686.0
2021-05-05,3441.1,3458.9,3436.25,3451.6,234116.0
2021-05-06,32.36,32.59,32.36,32.4,7721.0
2021-05-06,3452.0,3491.5,3439.7,3452.05,384450.0
2021-05-07,32.4,32.87,32.35,32.55,5009.0
2021-05-07,3484.7,3484.7,3452.25,3461.25,189156.0
2021-05-10,32.16,32.78,32.16,32.36,728.0
2021-05-10,3478.0,3478.0,3403.5,3413.8,694001.0
2021-05-11,3413.8,3434.7,3396.05,3418.4,455412.0
2021-05-11,32.36,32.75,32.26,32.58,6548.0
2021-05-12,3404.0,3445.0,3401.15,3439.55,252497.0
2021-05-12,32.58,32.77,32.31,32.4,5542.0
2021-05-14,32.4,32.6,32.2,32.41,4747.0
2021-05-14,3450.0,3524.5,3438.2,3501.45,677498.0
2021-05-17,3518.95,3533.9,3496.05,3507.25,338003.0
2021-05-17,32.3,32.7,32.3,32.4,6692.0
2021-05-18,32.0,32.72,32.0,32.39,2825.0
2021-05-18,3525.2,3533.9,3480.0,3525.45,474368.0
2021-05-19,3535.0,3555.0,3516.05,3534.4,688416.0
2021-05-19,32.3,32.68,32.3,32.41,8951.0
2021-05-20,32.32,32.5,32.32,32.36,2718.0
2021-05-20,3500.0,3517.7,3415.0,3422.55,1046540.0
2021-05-21,3449.0,3449.0,3418.0,3435.75,521688.0
2021-05-21,32.7,32.7,32.32,32.44,6271.0
2021-05-24,32.5,32.7,32.3,32.51,6054.0
2021-05-24,3459.0,3459.0,3371.4,3379.1,1643611.0
2021-05-25,32.5,32.69,32.28,32.51,3751.0
2021-05-25,3385.0,3447.0,3385.0,3439.5,1318946.0
2021-05-26,3441.05,3453.85,3413.05,3416.0,373186.0
2021-05-26,32.75,32.75,32.1,32.59,3533.0
2021-05-27,3430.0,3437.5,3400.05,3414.65,444547.0
2021-05-27,32.59,32.72,32.38,32.47,3093.0
2021-05-28,32.47,32.51,32.33,32.46,8662.0
2021-05-28,3417.0,3449.0,3410.0,3423.45,249529.0
2021-05-31,3428.75,3458.4,3427.25,3447.85,352802.0
2021-05-31,32.45,32.73,32.36,32.47,4190.0
2021-06-01,32.47,32.47,32.36,32.44,1673.0
2021-06-01,3458.0,3469.1,3442.0,3446.75,236580.0
2021-06-02,32.41,32.63,32.41,32.5,2701.0
2021-06-02,3446.75,3486.0,3446.05,3475.25,420074.0
2021-06-03,32.45,32.6,32.42,32.48,12747.0
2021-06-03,3480.0,3499.5,3467.4,3496.25,380896.0
2021-06-04,32.49,32.57,32.49,32.5,11910.0
2021-06-04,3500.0,3512.0,3480.0,3489.3,312826.0
2021-06-07,32.15,32.8,32.15,32.5,17968.0
2021-06-07,3506.5,3555.0,3478.5,3542.6,357312.0
2021-06-08,32.47,32.6,32.3,32.59,5609.0
2021-06-08,3544.5,3622.0,3542.6,3601.75,787313.0
2021-06-09,3598.0,3608.35,3557.1,3574.7,546202.0
2021-06-09,32.2,32.74,32.2,32.53,31152.0
2021-06-10,3571.0,3611.6,3555.0,3576.3,355092.0
2021-06-10,32.88,32.88,32.51,32.56,4865.0
2021-06-11,3575.0,3595.0,3551.0,3557.9,301375.0
2021-06-11,32.56,32.89,32.51,32.59,3011.0
2021-06-14,3557.9,3598.0,3510.45,3591.25,312420.0
2021-06-14,32.55,32.98,32.55,32.67,13836.0
2021-06-15,32.57,32.94,32.57,32.78,33116.0
2021-06-15,3593.35,3640.5,3593.0,3631.85,451019.0
2021-06-16,3631.05,3644.8,3605.05,3639.45,232534.0
2021-06-16,32.73,32.85,32.61,32.83,15544.0
2021-06-17,3625.9,3663.0,3609.5,3658.15,300185.0
2021-06-17,32.06,32.85,32.06,32.77,9904.0
2021-06-18,3661.4,3679.0,3595.0,3619.2,731807.0
2021-06-18,32.77,32.8,32.05,32.7,4788.0
2021-06-21,3600.0,3653.95,3581.1,3648.85,231475.0
2021-06-21,32.7,32.89,32.66,32.7,2649.0
2021-06-22,32.75,32.88,32.66,32.73,4695.0
2021-06-22,3650.0,3665.0,3616.0,3650.9,235555.0
2021-06-23,3652.0,3684.3,3631.0,3659.3,378997.0
2021-06-23,32.93,32.93,32.7,32.79,3106.0
2021-06-24,3659.3,3704.85,3651.0,3689.1,385390.0
2021-06-24,32.79,32.8,32.71,32.76,17341.0
2021-06-25,3709.9,3709.9,3644.9,3670.05,176772.0
2021-06-25,32.7,32.84,32.7,32.75,2669.0
2021-06-28,3670.05,3685.0,3643.0,3667.25,181793.0
2021-06-28,32.75,32.9,32.73,32.74,4102.0
2021-06-29,3655.0,3667.1,3610.05,3657.15,357263.0
2021-06-29,32.25,32.85,32.25,32.76,1668.0
2021-06-30,32.74,32.84,32.74,32.75,4308.0
2021-06-30,3675.0,3690.0,3632.95,3649.65,428387.0
2021-07-01,3640.0,3661.0,3580.65,3595.8,612678.0
2021-07-01,32.75,32.94,32.75,32.78,11467.0
2021-07-02,3609.0,3609.0,3535.0,3545.3,292855.0
2021-07-02,32.78,32.95,32.76,32.79,2479.0
2021-07-05,3564.0,3584.5,3512.4,3523.55,519061.0
2021-07-05,32.54,32.89,32.54,32.76,6217.0
2021-07-06,32.27,32.84,32.27,32.79,20574.0
2021-07-06,3526.0,3533.85,3508.65,3519.0,282115.0
2021-07-07,32.63,32.94,32.63,32.75,11423.0
2021-07-07,3521.0,3542.0,3506.0,3521.35,524482.0
2021-07-08,32.89,32.89,32.7,32.75,4021.0
2021-07-08,3499.0,3525.9,3473.25,3491.4,627227.0
2021-07-09,32.62,32.8,32.62,32.8,2633.0
2021-07-09,3491.0,3518.0,3468.0,3475.95,595359.0
2021-07-12,3482.2,3500.0,3464.1,3470.4,146119.0
2021-07-12,32.8,32.88,32.63,32.81,5596.0
2021-07-13,32.85,32.9,32.72,32.76,23529.0
2021-07-13,3488.75,3489.45,3465.1,3485.5,182918.0
2021-07-14,3474.0,3488.15,3454.15,3485.75,458955.0
2021-07-14,32.89,32.89,32.5,32.79,597666.0
2021-07-15,32.72,32.84,32.71,32.71,9193.0
2021-07-15,3503.0,3503.0,3455.5,3460.85,264604.0
2021-07-16,32.88,32.88,32.69,32.83,6302.0
2021-07-16,3460.0,3472.7,3437.1,3441.0,399006.0
2021-07-19,32.26,32.84,32.26,32.78,4293.0
2021-07-19,3440.4,3457.5,3426.1,3450.15,226731.0
2021-07-20,3455.0,3466.95,3426.5,3433.55,152954.0
2021-07-20,32.75,32.9,32.72,32.75,3344.0
2021-07-20,29.22,30.0,29.0,29.25,14035888.0
2021-07-22,32.75,32.95,32.7,32.81,895955.0
2021-07-22,3449.5,3449.5,3415.0,3425.3,389457.0
2021-07-22,30.5,30.5,29.05,29.26,3440947.0
2021-07-23,32.94,32.94,32.73,32.82,10435.0
2021-07-23,29.0,30.5,29.0,29.28,2223525.0
2021-07-23,3427.0,3452.5,3425.3,3439.8,247778.0
2021-07-26,32.55,32.85,32.55,32.76,15573.0
2021-07-26,29.4,29.4,29.27,29.29,1615472.0
2021-07-26,3439.95,3498.0,3431.0,3482.0,433827.0
2021-07-27,32.75,32.89,32.75,32.81,1791.0
2021-07-27,3496.0,3504.85,3435.15,3450.75,210607.0
2021-07-27,29.9,29.9,29.15,29.29,204501.0
2021-07-28,32.75,32.99,32.75,32.81,10094.0
2021-07-28,29.06,29.7,29.06,29.37,3507464.0
2021-07-28,3469.0,3469.0,3410.0,3424.1,352127.0
2021-07-29,29.06,29.4,29.06,29.32,4827150.0
2021-07-29,3424.2,3428.95,3402.0,3405.6,321411.0
2021-07-29,32.75,32.9,32.75,32.8,5179.0
2021-07-30,32.8,32.9,32.73,32.83,16580.0
2021-07-30,29.31,29.4,29.31,29.32,326406.0
2021-07-30,3424.0,3440.0,3378.0,3423.4,988317.0
2021-08-02,3446.7,3542.0,3440.05,3504.65,1887580.0
2021-08-02,29.32,29.55,29.06,29.33,208103.0
2021-08-02,32.8,32.93,32.69,32.88,3833.0
2021-08-03,3550.0,3579.0,3531.0,3573.2,1326045.0
2021-08-03,32.76,32.89,32.76,32.85,5531.0
2021-08-03,29.27,29.4,29.27,29.37,55644.0
2021-08-04,32.77,32.82,32.73,32.79,1267812.0
2021-08-04,3579.0,3599.0,3540.0,3578.3,478788.0
2021-08-04,29.25,29.45,29.24,29.4,6249153.0
2021-08-05,29.4,29.5,29.39,29.4,529890.0
2021-08-05,32.69,32.84,32.69,32.75,4090.0
2021-08-05,3578.3,3617.7,3547.6,3611.15,497146.0
2021-08-06,29.4,30.15,29.4,29.48,1264990.0
2021-08-06,32.67,35.9,32.67,33.49,100628.0
2021-08-06,3611.15,3620.0,3590.1,3604.0,258380.0
2021-08-09,3619.9,3649.0,3606.25,3636.1,444706.0
2021-08-09,33.49,33.74,32.75,33.73,59127.0
2021-08-09,29.32,29.6,29.32,29.4,72551.0
2021-08-10,3636.1,3644.0,3611.5,3637.2,249493.0
2021-08-10,33.73,33.73,33.0,33.41,10199.0
2021-08-10,29.4,29.5,29.32,29.41,89378.0
2021-08-11,3637.2,3648.95,3571.1,3625.5,233115.0
2021-08-11,29.41,30.0,29.38,29.4,190394.0
2021-08-11,33.55,33.67,33.03,33.15,6475.0
2021-08-12,33.15,33.88,32.76,33.03,10833.0
2021-08-12,3634.4,3642.95,3607.5,3620.8,232971.0
2021-08-12,29.39,29.5,29.39,29.41,12986.0
2021-08-13,3620.8,3644.1,3575.1,3579.55,323144.0
2021-08-13,33.03,33.49,32.95,33.06,7877.0
2021-08-13,29.4,29.51,29.39,29.42,471777.0
2021-08-16,29.42,29.45,29.4,29.42,14969.0
2021-08-16,3570.0,3673.95,3553.05,3655.3,348972.0
2021-08-16,33.01,33.5,33.01,33.11,7097.0
2021-08-17,29.37,29.5,29.37,29.43,14341.0
2021-08-17,33.01,33.29,33.01,33.02,2869.0
2021-08-17,3670.0,3707.6,3668.0,3696.5,579154.0
2021-08-18,33.0,33.45,33.0,33.07,15399.0
2021-08-18,3708.8,3730.0,3686.95,3720.75,426843.0
2021-08-18,29.4,29.53,29.37,29.43,25256.0
2021-08-20,33.07,33.2,32.8,33.14,20461.0
2021-08-20,3640.0,3967.5,3635.3,3895.95,1567252.0
2021-08-20,29.4,29.7,29.38,29.47,143810.0
2021-08-23,33.14,33.45,32.65,33.23,17791.0
2021-08-23,29.16,29.7,29.16,29.45,23328.0
2021-08-23,3910.0,3964.65,3850.6,3866.25,645088.0
2021-08-24,3874.85,3892.0,3795.5,3812.2,437167.0
2021-08-24,33.0,33.35,33.0,33.25,46211.0
2021-08-24,29.47,30.0,29.43,29.46,21508.0
2021-08-25,3812.2,3898.0,3797.0,3842.8,360778.0
2021-08-25,31.15,32.37,30.9,30.9,99836.0
2021-08-25,29.19,29.65,29.19,29.5,19969.0
2021-08-26,29.45,29.75,29.45,29.47,326345.0
2021-08-26,30.9,31.4,30.88,31.08,31257.0
2021-08-26,3825.2,3946.95,3825.2,3930.9,1114234.0
2021-08-27,3944.7,3972.95,3911.75,3941.55,475524.0
2021-08-27,29.38,29.59,29.38,29.5,4697583.0
2021-08-27,31.49,31.49,30.9,30.92,42991.0
2021-08-30,30.87,31.0,30.87,30.89,55565.0
2021-08-30,29.47,29.69,29.47,29.5,188911.0
2021-08-30,3960.0,3993.55,3932.2,3986.35,466524.0
2021-08-31,29.5,29.66,29.48,29.58,744843.0
2021-08-31,3995.0,4027.3,3960.0,3997.5,688613.0
2021-08-31,30.9,31.0,30.88,30.93,6566.0
2021-09-01,3984.6,4025.9,3963.85,4015.35,352460.0
2021-09-01,30.88,31.0,30.88,30.92,4674.0
2021-09-01,29.49,29.68,29.47,29.57,24027.0
2021-09-02,30.8,31.5,30.8,31.01,3656.0
2021-09-02,4015.0,4104.0,4002.05,4086.1,525680.0
2021-09-02,30.5,30.5,29.56,29.61,454105.0
2021-09-03,31.8,31.8,30.89,31.02,2588.0
2021-09-03,29.62,30.0,29.57,29.62,30770.0
2021-09-03,4105.0,4134.7,4073.15,4124.2,426377.0
2021-09-06,4144.4,4149.3,4061.0,4079.05,312608.0
2021-09-06,30.9,31.99,30.9,30.94,17318.0
2021-09-06,29.47,29.89,29.47,29.62,174499.0
2021-09-07,31.0,31.18,30.9,30.99,1348302.0
2021-09-07,4096.9,4129.6,4080.0,4095.45,259534.0
2021-09-07,29.5,29.73,29.5,29.6,27619.0
2021-09-08,29.45,29.71,29.45,29.63,7898.0
2021-09-08,4079.8,4087.9,4015.7,4061.4,236283.0
2021-09-08,31.18,31.18,30.96,30.96,10307.0
2021-09-09,30.97,31.1,30.95,30.96,22779.0
2021-09-09,29.63,29.99,29.6,29.61,52446.0
2021-09-09,4058.8,4118.8,4050.1,4070.8,295134.0
2021-09-13,4070.8,4103.0,4058.8,4093.85,171201.0
2021-09-13,30.96,31.06,30.95,31.01,4807.0
2021-09-13,29.61,29.65,29.55,29.6,45796.0
2021-09-14,4097.0,4153.0,4082.4,4101.5,419441.0
2021-09-14,30.97,31.05,30.97,31.04,1850.0
2021-09-14,29.6,29.8,29.6,29.65,6338.0
2021-09-15,29.6,29.68,29.6,29.62,45893.0
2021-09-15,4105.2,4135.0,4071.05,4086.35,218163.0
2021-09-15,30.25,31.1,30.25,30.99,2603.0
2021-09-16,29.62,29.68,29.62,29.64,42793.0
2021-09-16,30.98,31.0,30.98,30.99,8661.0
2021-09-16,4086.35,4120.0,4039.8,4073.05,243636.0
2021-09-17,4077.4,4115.0,4041.0,4051.85,621517.0
2021-09-17,30.99,31.15,30.98,31.0,6970.0
2021-09-17,25.15,29.7,25.15,29.65,120334.0
2021-09-20,29.65,29.7,29.63,29.67,9874.0
2021-09-20,31.0,32.0,31.0,31.0,5753.0
2021-09-20,4035.0,4115.0,4000.0,4084.5,291097.0
2021-09-21,31.81,31.81,30.99,31.0,5218.0
2021-09-21,29.67,29.7,29.45,29.63,11695.0
2021-09-21,4062.2,4111.55,4053.0,4075.55,424258.0
2021-09-22,29.63,29.7,29.63,29.65,46072.0
2021-09-22,4082.0,4105.0,4049.1,4058.5,259937.0
2021-09-22,31.0,31.14,31.0,31.03,4358.0
2021-09-23,31.0,31.1,31.0,31.05,26775.0
2021-09-23,4060.0,4075.45,4017.5,4042.35,322858.0
2021-09-23,29.45,29.7,29.45,29.63,24529.0
2021-09-24,4040.0,4098.95,4030.0,4042.9,373614.0
2021-09-24,31.1,31.1,30.98,31.01,208077.0
2021-09-24,29.65,29.7,29.63,29.63,31302.0
2021-09-27,4049.9,4064.6,4000.0,4009.6,248898.0
2021-09-27,31.01,31.25,31.01,31.03,18990.0
2021-09-27,29.61,29.65,29.57,29.57,13446.0
2021-09-28,29.57,29.7,28.45,29.61,38034.0
2021-09-28,4005.2,4068.95,3990.05,4003.65,354948.0
2021-09-28,31.0,31.05,31.0,31.01,2181.0
2021-09-29,3982.0,4019.9,3959.15,3972.75,332446.0
2021-09-29,30.96,31.2,30.96,31.0,1498.0
2021-09-29,29.58,29.58,29.05,29.5,11930.0
2021-09-30,3972.0,3993.0,3940.3,3948.95,217501.0
2021-09-30,30.96,31.09,30.95,31.0,22412.0
2021-09-30,29.5,29.7,29.45,29.5,11742.0
2021-10-01,30.95,31.09,30.95,31.0,895.0
2021-10-01,3958.8,3958.8,3885.0,3921.1,181917.0
2021-10-01,29.5,29.65,29.11,29.51,9031.0
2021-10-04,30.0,30.0,29.4,29.44,80461.0
2021-10-04,30.95,31.09,30.95,31.0,16529.0
2021-10-04,3910.0,3967.25,3881.0,3892.9,372752.0
2021-10-04,3921.1,3921.1,3921.1,3921.1,102478.0
2021-10-05,3894.0,3905.25,3865.5,3882.2,131731.0
2021-10-05,30.95,31.14,30.95,31.07,7483.0
2021-10-05,29.44,29.75,29.4,29.49,23220.0
2021-10-06,29.4,29.64,29.4,29.49,17024.0
2021-10-06,30.96,31.19,30.96,31.09,3403.0
2021-10-06,3893.0,3993.15,3882.25,3938.6,409840.0
2021-10-07,3959.8,3963.65,3877.45,3900.6,187556.0
2021-10-07,29.43,29.65,29.05,29.52,40262.0
2021-10-07,31.0,31.25,30.92,30.97,6159.0
2021-10-08,30.97,31.26,30.91,30.97,3662.0
2021-10-08,3915.0,3929.0,3846.85,3883.3,316870.0
2021-10-08,29.26,29.7,29.26,29.46,16281.0
2021-10-11,3880.0,3900.75,3831.2,3840.6,253051.0
2021-10-11,29.46,29.5,29.32,29.47,9960.0
2021-10-11,30.97,31.27,30.96,31.1,4250.0
2021-10-12,30.15,30.15,29.35,29.49,15797.0
2021-10-12,3821.0,3874.75,3815.0,3867.95,253262.0
2021-10-12,31.1,31.12,30.97,30.98,4209.0
2021-10-13,32.0,32.0,31.0,31.01,4360.0
2021-10-13,3871.4,3894.1,3854.5,3883.7,174222.0
2021-10-13,29.36,29.7,29.36,29.52,6613.0
2021-10-14,31.0,31.24,31.0,31.07,3110.0
2021-10-14,3912.0,3925.0,3881.0,3894.85,299078.0
2021-10-14,29.48,29.6,29.43,29.51,12022.0
2021-10-18,31.09,31.2,30.96,30.99,9272.0
2021-10-18,29.51,29.7,29.47,29.51,6444.0
2021-10-18,3960.0,3960.0,3825.0,3837.35,256837.0
2021-10-19,30.98,31.29,30.92,30.97,9394.0
2021-10-19,3860.35,3868.35,3780.0,3795.9,282932.0
2021-10-19,29.51,29.69,29.38,29.45,10769.0
2021-10-20,3800.0,3917.35,3740.0,3762.0,523002.0
2021-10-20,31.0,31.27,30.9,30.97,35056.0
2021-10-20,29.45,29.47,29.35,29.44,67642.0
2021-10-21,29.35,29.69,29.35,29.46,11730.0
2021-10-21,3798.5,3798.5,3680.0,3714.35,335589.0
2021-10-21,31.32,31.32,30.93,31.0,2077.0
2021-10-22,29.0,29.5,29.0,29.47,5920.0
2021-10-22,3734.0,3760.0,3650.0,3690.0,192033.0
2021-10-22,30.92,31.13,30.92,30.97,25241.0
2021-10-25,3690.0,3696.55,3617.7,3631.05,289025.0
2021-10-25,30.97,31.2,30.9,30.98,2459.0
2021-10-25,29.4,29.5,29.4,29.43,488499.0
2021-10-26,3649.0,3705.05,3605.85,3692.8,326825.0
2021-10-26,30.95,31.2,30.95,30.98,1611.0
2021-10-26,29.49,29.65,29.3,29.45,24245.0
2021-10-27,30.93,31.0,30.93,30.97,2520.0
2021-10-27,29.45,29.6,29.31,29.46,10984.0
2021-10-27,3700.9,3731.2,3681.45,3697.85,441016.0
2021-10-28,3725.0,3728.7,3654.0,3681.9,193658.0
2021-10-28,30.94,31.2,30.94,30.96,2413.0
2021-10-28,29.35,29.6,29.35,29.46,7889.0
2021-10-29,3681.0,3708.95,3641.05,3675.75,283538.0
2021-10-29,30.96,31.14,30.92,31.14,4337.0
2021-10-29,29.45,29.6,29.12,29.48,145014.0
2021-11-01,29.4,29.69,29.0,29.46,7908.0
2021-11-01,3694.0,3700.0,3651.1,3678.15,139766.0
2021-11-01,30.95,31.25,30.0,30.98,10510.0
2021-11-02,29.21,29.7,29.21,29.46,7620.0
2021-11-02,3680.2,3707.6,3667.05,3682.9,151547.0
2021-11-02,30.9,31.13,30.9,30.98,3392.0
2021-11-03,3695.0,3699.8,3618.05,3629.85,185296.0
2021-11-03,30.9,31.13,30.9,30.97,2043.0
2021-11-03,29.46,29.59,29.28,29.41,4706.0
2021-11-04,3658.0,3666.5,3639.35,3652.6,23648.0
2021-11-04,30.9,31.14,30.9,31.08,432.0
2021-11-04,29.41,29.95,29.11,29.45,2275.0
2021-11-08,30.98,31.25,30.98,31.01,4630.0
2021-11-08,29.4,29.65,29.4,29.45,9892.0
2021-11-08,3666.0,3728.85,3620.0,3717.7,336938.0
2021-11-09,31.0,31.28,30.9,31.0,12337.0
2021-11-09,3590.0,3639.0,3535.15,3621.6,1399094.0
2021-11-09,29.45,29.58,29.05,29.52,29924.0
2021-11-10,30.92,31.2,30.92,31.04,948.0
2021-11-10,3629.45,3720.0,3600.0,3698.5,706755.0
2021-11-10,29.52,29.7,29.52,29.64,21054.0
2021-11-11,29.52,29.75,29.52,29.64,6933.0
2021-11-11,3699.1,3718.0,3633.3,3643.4,298625.0
2021-11-11,31.04,31.25,31.04,31.14,2341.0
2021-11-12,29.64,29.82,29.55,29.69,23187.0
2021-11-12,31.04,31.12,31.04,31.05,6668.0
2021-11-12,3668.6,3701.95,3641.25,3687.95,275060.0
2021-11-15,31.04,31.32,31.04,31.09,2573.0
2021-11-15,3700.0,3747.6,3674.0,3742.6,320669.0
2021-11-15,29.54,29.75,29.54,29.7,33291.0
2021-11-16,3751.0,3760.0,3681.0,3690.75,199179.0
2021-11-16,31.32,31.32,31.04,31.14,2556.0
2021-11-16,29.56,29.82,29.56,29.72,11205.0
2021-11-17,3690.75,3699.95,3607.8,3615.05,250996.0
2021-11-17,29.9,29.9,29.57,29.75,26048.0
2021-11-17,31.13,31.29,31.12,31.12,12492.0
2021-11-18,3644.8,3644.8,3555.0,3571.6,248828.0
2021-11-18,31.1,31.26,31.08,31.12,7566.0
2021-11-18,29.58,29.82,29.58,29.72,16053.0
2021-11-22,3589.0,3628.5,3570.0,3581.6,364653.0
2021-11-22,31.12,31.3,31.12,31.17,2599.0
2021-11-22,29.25,29.8,29.25,29.77,6385.0
2021-11-23,29.6,29.77,29.6,29.75,37245.0
2021-11-23,31.17,31.3,31.16,31.16,1217.0
2021-11-23,3577.8,3670.0,3574.0,3662.15,365672.0
2021-11-24,31.12,31.28,31.12,31.14,2907.0
2021-11-24,29.75,29.8,29.63,29.67,5539.0
2021-11-24,3660.0,3674.0,3610.0,3623.35,149025.0
2021-11-25,31.09,31.27,31.09,31.13,1176.0
2021-11-25,29.63,29.81,29.63,29.65,3088.0
2021-11-25,3610.5,3633.8,3566.0,3573.4,232784.0
2021-11-26,3560.0,3635.1,3533.95,3555.3,372530.0
2021-11-26,31.12,31.26,31.12,31.13,2935.0
2021-11-26,29.63,29.8,29.63,29.68,7902.0
2021-11-29,31.1,31.25,31.1,31.19,1593.0
2021-11-29,29.68,29.7,29.26,29.69,10735.0
2021-11-29,3550.0,3550.0,3469.1,3528.6,281082.0
2021-11-30,31.0,31.25,31.0,31.1,1915.0
2021-11-30,29.31,29.79,29.31,29.45,251625.0
2021-11-30,3514.0,3565.0,3501.1,3545.5,633377.0
2021-12-01,3550.5,3606.7,3528.0,3535.25,312855.0
2021-12-01,31.1,31.2,31.1,31.15,1269.0
2021-12-01,29.45,29.8,29.45,29.57,2931.0
2021-12-02,31.0,31.22,31.0,31.22,3098.0
2021-12-02,3540.0,3607.3,3530.0,3578.5,377041.0
2021-12-02,29.25,30.1,29.25,29.97,54240.0
2021-12-03,29.41,29.84,29.4,29.55,6239.0
2021-12-03,3557.0,3593.45,3550.0,3553.75,313990.0
2021-12-03,31.29,31.29,31.0,31.27,1546.0
2021-12-06,29.55,29.85,29.35,29.66,6710.0
2021-12-06,31.25,31.3,30.94,31.02,12284.0
2021-12-06,3556.0,3581.1,3490.0,3496.2,165986.0
2021-12-07,29.41,29.75,29.36,29.57,7557.0
2021-12-07,30.0,31.5,30.0,31.1,588.0
2021-12-07,3502.05,3529.0,3467.0,3474.2,254445.0
2021-12-08,3489.95,3582.45,3483.0,3575.75,326189.0
2021-12-08,31.0,31.29,31.0,31.06,3198.0
2021-12-08,29.5,29.84,29.36,29.68,7765.0
2021-12-09,31.06,31.11,31.0,31.04,498917.0
2021-12-09,29.68,29.84,29.41,29.73,6685.0
2021-12-09,3565.0,3634.45,3564.0,3623.9,284117.0
2021-12-10,3623.9,3642.0,3604.4,3632.45,190379.0
2021-12-10,31.08,31.28,31.03,31.07,88033.0
2021-12-10,30.0,30.0,29.4,29.58,4888.0
2021-12-13,3641.0,3658.35,3576.95,3588.75,311904.0
2021-12-13,31.07,31.56,30.93,31.48,2449.0
2021-12-13,29.41,29.83,29.41,29.53,13090.0
2021-12-14,29.4,29.8,29.4,29.55,15710.0
2021-12-14,3580.0,3597.45,3543.05,3579.65,297867.0
2021-12-14,31.0,31.4,31.0,31.11,1033.0
2021-12-15,31.0,31.4,30.93,31.11,3216.0
2021-12-15,29.55,29.8,29.36,29.51,2293.0
2021-12-15,3571.0,3579.6,3521.5,3541.6,152079.0
2021-12-16,3550.0,3571.65,3536.65,3560.6,121782.0
2021-12-16,31.08,31.24,31.08,31.09,6062.0
2021-12-16,29.51,29.8,29.43,29.76,9614.0
2021-12-17,30.9,31.44,30.9,31.1,1346.0
2021-12-17,3546.0,3556.0,3500.0,3536.15,307396.0
2021-12-17,29.51,29.84,29.41,29.51,14053.0
2021-12-20,29.5,29.83,29.37,29.67,4513.0
2021-12-20,3522.0,3530.0,3430.1,3471.9,382144.0
2021-12-20,31.1,31.19,30.93,30.99,3591.0
2021-12-21,31.0,31.18,31.0,31.09,1128.0
2021-12-21,29.5,29.94,29.44,29.55,38347.0
2021-12-21,3473.9,3541.35,3461.05,3505.75,222991.0
2021-12-22,29.3,29.8,29.3,29.59,4417.0
2021-12-22,30.9,31.19,30.9,31.07,6449.0
2021-12-22,3522.0,3538.6,3484.6,3497.0,257611.0
2021-12-23,29.36,29.71,29.36,29.54,3642.0
2021-12-23,3503.1,3560.0,3502.0,3554.6,163291.0
2021-12-23,31.0,31.29,31.0,31.24,7260.0
2021-12-24,29.11,29.79,25.15,29.59,4910.0
2021-12-24,31.05,31.19,31.05,31.15,1458.0
2021-12-24,3560.0,3565.0,3519.0,3541.3,136780.0
2021-12-27,31.01,31.19,31.01,31.14,1476.0
2021-12-27,29.39,29.68,29.39,29.5,5928.0
2021-12-27,3540.0,3544.55,3506.7,3513.2,94111.0
2021-12-28,3531.0,3562.0,3511.1,3550.65,99497.0
2021-12-28,31.01,31.34,31.01,31.11,6307.0
2021-12-28,29.84,29.84,29.35,29.58,5549.0
2021-12-29,31.11,31.19,31.03,31.18,13007.0
2021-12-29,29.38,29.79,29.38,29.53,5687.0
2021-12-29,3550.65,3569.8,3525.2,3559.6,163737.0
2021-12-30,29.2,31.18,29.2,31.1,3251.0
2021-12-30,29.33,29.95,29.32,29.56,5275.0
2021-12-30,3570.0,3586.0,3526.05,3573.9,167005.0
2021-12-31,3586.0,3623.2,3569.05,3606.0,244207.0
2021-12-31,30.9,31.3,30.9,31.1,4443.0
2021-12-31,29.36,29.7,29.36,29.55,5748.0
2022-01-03,3610.0,3626.0,3582.2,3617.55,149689.0
2022-01-03,30.9,31.15,30.9,31.14,5919.0
2022-01-03,29.36,29.65,29.36,29.6,5822.0
2022-01-04,29.03,29.85,29.03,29.57,7031.0
2022-01-04,3623.0,3643.85,3610.0,3638.45,317247.0
2022-01-04,31.07,31.25,31.07,31.19,2201.0
2022-01-05,3638.0,3689.0,3633.05,3659.7,245395.0
2022-01-05,29.56,29.8,29.46,29.51,5524.0
2022-01-05,32.0,32.0,31.0,31.08,26508.0
2022-01-06,31.1,32.0,30.91,31.13,10034.0
2022-01-06,29.51,29.8,29.41,29.6,3024.0
2022-01-06,3659.7,3686.95,3625.8,3675.1,340345.0
2022-01-07,31.1,31.4,31.1,31.15,15753.0
2022-01-07,29.0,29.8,29.0,29.58,6759.0
2022-01-07,3685.0,3742.0,3682.85,3737.35,241905.0
2022-01-10,29.0,29.58,29.0,29.56,24159.0
2022-01-10,3737.35,3778.0,3727.9,3768.3,351447.0
2022-01-10,31.75,31.75,31.0,31.06,102436.0
2022-01-11,31.0,31.15,31.0,31.1,1220.0
2022-01-11,29.41,29.54,29.41,29.51,12914.0
2022-01-11,3768.3,3800.95,3738.1,3743.35,206008.0
2022-01-12,31.1,31.2,31.03,31.13,9579.0
2022-01-12,29.47,29.72,29.38,29.53,11268.0
2022-01-12,3750.0,3759.75,3691.0,3700.2,311095.0
2022-01-13,3700.2,3759.95,3691.3,3749.05,129143.0
2022-01-13,30.92,31.19,30.92,31.08,5104.0
2022-01-13,29.35,29.7,29.35,29.6,4051.0
2022-01-14,3749.05,3754.9,3695.3,3712.05,97013.0
2022-01-14,29.5,29.71,29.46,29.56,72860.0
2022-01-14,31.2,31.2,31.02,31.13,7424.0
2022-01-17,31.01,31.35,31.01,31.16,1972.0
2022-01-17,29.56,29.69,29.41,29.52,4108.0
2022-01-17,3697.0,3712.8,3642.35,3665.15,170221.0
2022-01-18,31.24,31.24,31.05,31.13,2774.0
2022-01-18,29.52,29.65,29.45,29.53,5335.0
2022-01-18,3668.0,3694.7,3611.1,3621.9,168104.0
2022-01-19,29.48,29.69,29.48,29.52,4569.0
2022-01-19,3620.0,3627.55,3565.0,3575.65,129227.0
2022-01-19,31.0,31.2,31.0,31.1,1071.0
2022-01-20,31.07,31.19,31.07,31.18,7312.0
2022-01-20,29.5,29.6,29.47,29.47,7711.0
2022-01-20,3590.0,3624.0,3576.5,3605.15,173547.0
2022-01-21,31.02,31.18,31.02,31.13,9028.0
2022-01-21,29.45,29.68,29.45,29.54,6700.0
2022-01-21,3606.0,3629.0,3575.7,3618.3,162594.0
2022-01-24,3610.0,3626.55,3505.0,3523.85,240598.0
2022-01-24,31.05,31.13,31.05,31.09,31615.0
2022-01-24,29.44,29.6,29.44,29.52,14616.0
2022-01-25,29.52,29.59,29.43,29.51,8549.0
2022-01-25,3502.0,3565.45,3430.25,3539.3,306411.0
2022-01-25,31.1,31.1,31.06,31.07,1083.0
2022-01-27,31.08,31.19,31.0,31.14,7345.0
2022-01-27,29.42,29.67,29.42,29.47,6439.0
2022-01-27,3535.0,3535.0,3435.65,3494.15,353612.0
2022-01-28,30.97,31.15,30.97,31.13,7716.0
2022-01-28,29.47,29.67,29.42,29.48,4309.0
2022-01-28,3494.15,3595.0,3494.15,3509.65,249034.0
2022-01-31,29.25,29.57,29.25,29.49,4134.0
2022-01-31,3510.0,3636.0,3510.0,3535.3,462842.0
2022-01-31,30.9,31.19,30.9,31.15,2039.0
2022-02-01,30.95,31.19,30.95,31.14,3994.0
2022-02-01,29.49,29.6,29.45,29.52,10755.0
2022-02-01,3560.0,3710.0,3545.05,3656.6,631482.0
2022-02-02,31.01,31.2,31.01,31.19,12289.0
2022-02-02,29.3,29.64,29.3,29.51,8942.0
2022-02-02,3670.0,3670.0,3604.8,3621.05,209928.0
2022-02-03,3622.0,3652.0,3555.0,3562.4,203975.0
2022-02-03,31.19,33.0,31.05,31.6,22914.0
2022-02-03,29.42,29.63,29.42,29.62,7087.0
2022-02-04,3583.45,3593.7,3540.0,3562.0,162672.0
2022-02-04,29.25,29.74,29.25,29.5,3005.0
2022-02-04,31.2,31.28,31.11,31.2,2282.0
2022-02-07,31.2,31.49,31.11,31.2,1661.0
2022-02-07,29.33,29.5,29.33,29.44,4191.0
2022-02-07,3561.95,3579.8,3440.0,3448.6,279194.0
2022-02-08,31.12,31.2,31.12,31.19,14369.0
2022-02-08,29.4,29.94,29.32,29.47,6185.0
2022-02-08,3441.0,3490.0,3418.4,3473.45,363856.0
2022-02-09,29.31,29.7,29.31,29.42,5008.0
2022-02-09,3509.0,3540.7,3473.45,3517.35,172750.0
2022-02-09,31.13,31.25,31.11,31.15,2516.0
2022-02-10,31.1,31.89,31.1,31.23,591.0
2022-02-10,29.43,29.64,29.41,29.45,3383.0
2022-02-10,3522.0,3543.85,3485.0,3534.55,172088.0
2022-02-11,31.14,31.16,31.14,31.16,7482.0
2022-02-11,29.29,29.7,29.25,29.36,53419.0
2022-02-11,3499.0,3509.35,3429.0,3480.55,340217.0
2022-02-14,3428.0,3455.0,3388.05,3398.0,209831.0
2022-02-14,31.16,31.27,31.07,31.14,14996.0
2022-02-14,29.35,29.67,29.35,29.4,9554.0
2022-02-15,29.26,29.5,29.26,29.3,69932.0
2022-02-15,3425.0,3490.0,3400.0,3477.9,209065.0
2022-02-15,31.1,31.27,31.1,31.17,1264.0
2022-02-16,29.3,29.69,29.3,29.46,8591.0
2022-02-16,3480.0,3498.8,3435.0,3462.0,190567.0
2022-02-16,31.1,31.39,31.1,31.2,3406.0
2022-02-17,3482.6,3483.0,3430.0,3464.1,173362.0
2022-02-17,29.82,29.82,29.35,29.49,1998.0
2022-02-17,31.07,31.27,31.07,31.21,445.0
2022-02-18,31.9,31.9,31.22,31.23,3059.0
2022-02-18,29.3,29.74,29.3,29.66,13366.0
2022-02-18,3450.0,3495.0,3444.15,3481.65,121161.0
2022-02-21,31.23,31.69,31.23,31.69,1767.0
2022-02-21,29.66,29.7,29.25,29.54,3595.0
2022-02-21,3431.1,3500.0,3430.0,3475.25,138287.0
2022-02-22,29.27,29.82,29.27,29.52,4785.0
2022-02-22,3405.0,3498.0,3405.0,3489.75,246372.0
2022-02-22,31.68,31.68,31.25,31.3,2102.0
2022-02-23,31.3,31.37,31.28,31.29,19294.0
2022-02-23,29.25,29.82,29.25,29.78,7429.0
2022-02-23,3497.75,3530.0,3470.0,3511.15,326853.0
2022-02-24,31.29,31.49,31.07,31.29,27960.0
2022-02-24,29.75,29.75,29.25,29.36,6553.0
2022-02-24,3439.5,3504.0,3414.0,3446.0,529995.0
2022-02-25,3435.0,3444.0,3350.4,3422.75,722637.0
2022-02-25,31.29,31.48,31.29,31.29,1197.0
2022-02-25,29.27,29.68,29.27,29.4,3845.0
2022-02-28,3405.0,3440.0,3327.35,3427.45,426929.0
2022-02-28,29.4,29.84,29.26,29.63,11368.0
2022-02-28,31.29,31.52,31.2,31.48,22975.0
2022-03-02,31.5,31.5,31.3,31.3,18507.0
2022-03-02,29.63,29.84,29.34,29.65,6266.0
2022-03-02,3420.95,3420.95,3371.75,3391.75,416582.0
2022-03-03,31.3,31.45,31.3,31.32,746.0
2022-03-03,29.64,29.64,29.36,29.54,9119.0
2022-03-03,3405.0,3439.55,3350.0,3366.4,429892.0
2022-03-04,29.26,29.54,29.26,29.46,3362.0
2022-03-04,3350.0,3394.85,3275.0,3371.35,331936.0
2022-03-04,31.32,31.33,31.32,31.32,778.0
2022-03-07,31.32,31.85,31.3,31.35,6163.0
2022-03-07,29.46,29.74,29.3,29.43,14298.0
2022-03-07,3300.0,3300.55,3138.55,3153.45,711477.0
2022-03-08,31.3,31.35,31.3,31.31,4335.0
2022-03-08,29.74,29.8,29.35,29.45,10550.0
2022-03-08,3115.0,3180.0,3050.0,3113.75,541966.0
2022-03-09,3144.0,3170.0,3093.7,3123.85,483468.0
2022-03-09,31.3,31.46,31.3,31.33,2851.0
2022-03-09,29.3,29.83,29.3,29.44,2053.0
2022-03-10,29.43,29.9,29.43,29.66,9256.0
2022-03-10,3225.0,3248.0,3144.8,3222.95,490457.0
2022-03-10,31.34,31.4,31.31,31.32,1447.0
2022-03-11,31.32,31.33,31.0,31.27,65181.0
2022-03-11,29.41,30.0,29.41,29.5,2856.0
2022-03-11,3250.0,3256.6,3192.8,3199.9,362091.0
2022-03-14,31.13,31.44,31.13,31.31,4555.0
2022-03-14,29.5,30.0,29.42,29.62,15669.0
2022-03-14,3199.9,3215.0,3145.1,3185.85,335292.0
2022-03-15,29.6,29.97,29.49,29.69,2181.0
2022-03-15,3186.0,3249.0,3181.65,3222.85,258636.0
2022-03-15,31.36,31.42,31.28,31.32,12353.0
2022-03-16,31.32,31.5,31.32,31.43,2029.0
2022-03-16,29.46,29.69,29.45,29.53,3753.0
2022-03-16,3244.0,3318.35,3232.25,3313.65,239522.0
2022-03-17,31.49,31.49,31.27,31.49,2945.0
2022-03-17,29.42,30.0,29.42,29.98,11039.0
2022-03-17,3322.0,3362.0,3300.55,3355.95,436218.0
2022-03-21,3350.0,3350.0,3230.0,3237.55,354460.0
2022-03-21,31.49,31.49,31.34,31.39,3695.0
2022-03-21,29.98,30.05,29.98,30.0,26135.0
2022-03-22,3230.0,3250.0,3132.25,3158.4,583821.0
2022-03-22,30.0,30.05,30.0,30.01,16976.0
2022-03-22,32.75,32.75,31.35,31.4,1397.0
2022-03-23,31.35,33.0,31.35,31.45,3911.0
2022-03-23,30.01,30.4,30.0,30.01,4737.0
2022-03-23,3167.4,3173.85,3092.0,3102.25,1044283.0
2022-03-24,31.45,31.57,31.45,31.46,712.0
2022-03-24,30.01,30.4,30.01,30.19,6635.0
2022-03-24,3087.0,3130.0,3080.55,3103.85,459226.0
2022-03-25,30.16,30.2,30.16,30.19,4250.0
2022-03-25,3110.0,3122.75,3074.1,3094.5,339040.0
2022-03-25,31.57,31.57,31.43,31.43,1737.0
2022-03-28,31.4,31.49,31.4,31.45,3828.0
2022-03-28,30.0,30.21,29.25,30.06,112868.0
2022-03-28,3094.5,3118.95,3060.05,3094.8,310240.0
2022-03-29,31.45,31.45,31.42,31.43,3746.0
2022-03-29,30.06,30.2,29.76,30.15,8251.0
2022-03-29,3112.0,3134.0,3090.2,3103.8,359318.0
2022-03-30,3123.65,3160.0,3114.65,3148.4,450273.0
2022-03-30,31.43,31.5,31.43,31.46,1332.0
2022-03-30,29.51,30.2,29.51,29.65,3022.0
2022-03-31,29.1,30.2,29.1,29.59,2582.0
2022-03-31,3149.3,3218.5,3147.3,3206.4,413897.0
2022-03-31,31.46,31.6,31.46,31.58,1273.0
2022-04-01,3210.0,3237.9,3191.65,3230.65,260712.0
2022-04-01,29.59,30.0,29.4,29.71,4344.0
2022-04-01,31.37,31.59,31.37,31.52,2530.0
2022-04-04,31.41,31.59,31.41,31.52,2627.0
2022-04-04,29.71,30.05,29.63,29.71,8726.0
2022-04-04,3230.0,3276.4,3215.0,3270.0,275388.0
2022-04-05,31.45,31.55,31.45,31.51,2171.0
2022-04-05,29.3,29.97,29.3,29.59,7416.0
2022-04-05,3280.0,3314.95,3271.9,3303.4,236853.0
2022-04-06,29.59,30.1,29.42,30.06,5328.0
2022-04-06,3282.0,3295.0,3254.65,3282.5,245111.0
2022-04-06,31.49,31.59,31.49,31.5,1549.0
2022-04-07,31.48,31.8,31.48,31.57,944.0
2022-04-07,30.01,30.25,30.01,30.07,4034.0
2022-04-07,3275.0,3322.0,3265.65,3294.1,302703.0
2022-04-08,31.62,31.75,31.36,31.52,2905.0
2022-04-08,30.07,30.2,30.06,30.09,4742.0
2022-04-08,3287.0,3354.3,3287.0,3347.9,168952.0
2022-04-11,3347.9,3370.0,3297.05,3350.65,186130.0
2022-04-11,31.52,31.68,31.52,31.53,2776.0
2022-04-11,30.19,30.19,29.41,29.76,3541.0
2022-04-12,29.51,30.0,29.51,29.66,9921.0
2022-04-12,3340.0,3364.9,3302.3,3344.1,238043.0
2022-04-12,31.7,31.7,31.53,31.63,6745.0
2022-04-13,31.57,31.63,31.53,31.61,4126.0
2022-04-13,29.0,29.97,29.0,29.7,7328.0
2022-04-13,3340.0,3388.0,3340.0,3349.65,205852.0
2022-04-18,31.61,31.7,31.53,31.59,4112.0
2022-04-18,29.25,29.79,29.25,29.67,5085.0
2022-04-18,3345.0,3367.9,3306.05,3343.9,197878.0
2022-04-19,3343.9,3388.0,3245.3,3267.9,296680.0
2022-04-19,31.54,31.77,31.54,31.6,4080.0
2022-04-19,29.6,29.78,29.45,29.68,8599.0
2022-04-20,3266.0,3335.0,3242.0,3304.2,235572.0
2022-04-20,29.5,29.78,29.5,29.56,6806.0
2022-04-20,31.6,31.75,31.56,31.63,2658.0
2022-04-21,31.55,31.77,31.55,31.62,1012.0
2022-04-21,29.52,29.7,29.52,29.61,2974.0
2022-04-21,3297.0,3369.95,3274.4,3359.9,152205.0
2022-04-22,3341.3,3377.5,3325.0,3364.1,148494.0
2022-04-22,31.62,31.7,31.6,31.7,1161.0
2022-04-22,29.56,29.78,29.56,29.59,3283.0
2022-04-25,30.0,30.0,29.33,29.64,3797.0
2022-04-25,3280.0,3347.05,3132.05,3295.9,630312.0
2022-04-25,31.7,31.7,31.61,31.63,1267.0
2022-04-26,3308.3,3402.0,3301.3,3372.7,398545.0
2022-04-26,31.63,31.79,31.56,31.64,2088.0
2022-04-26,29.33,29.85,29.32,29.64,7089.0
2022-04-27,31.0,31.75,31.0,31.66,1359.0
2022-04-27,29.59,29.7,29.56,29.6,2146.0
2022-04-27,3350.0,3384.7,3312.15,3338.25,248769.0
2022-04-28,31.55,32.94,31.55,31.65,5222.0
2022-04-28,29.3,29.99,29.3,29.6,3098.0
2022-04-28,3270.0,3391.55,3263.1,3357.9,322548.0
2022-04-29,31.65,31.8,31.6,31.64,2258.0
2022-04-29,29.6,29.9,29.4,29.66,2802.0
2022-04-29,3360.1,3370.9,3266.5,3279.25,259398.0
2022-05-02,3242.0,3284.9,3203.0,3271.3,215783.0
2022-05-02,31.65,31.85,31.65,31.65,2054.0
2022-05-02,29.4,29.9,29.4,29.61,2129.0
2022-05-04,31.66,31.75,31.66,31.67,6525.0
2022-05-04,29.5,29.95,29.5,29.67,10391.0
2022-05-04,3340.0,3596.0,3328.15,3385.45,2871830.0
2022-05-05,31.65,31.7,31.65,31.67,2373.0
2022-05-05,29.51,29.67,29.51,29.52,11467.0
2022-05-05,3410.0,3423.55,3260.0,3277.0,623098.0
2022-05-06,3245.0,3323.85,3187.1,3307.8,560373.0
2022-05-06,29.5,29.95,29.5,29.51,2996.0
2022-05-06,31.68,31.85,31.67,31.78,1634.0
2022-05-09,31.65,31.75,31.63,31.75,3656.0
2022-05-09,29.51,29.99,29.51,29.54,5253.0
2022-05-09,3282.5,3338.3,3225.0,3252.05,403409.0
2022-05-10,32.0,32.0,31.66,31.73,5089.0
2022-05-10,29.51,29.99,29.51,29.68,95606.0
2022-05-10,3261.0,3320.6,3235.0,3246.55,285192.0
2022-05-11,29.68,30.0,29.56,29.6,3332.0
2022-05-11,3240.0,3283.8,3195.0,3259.85,269579.0
2022-05-11,31.68,31.8,31.68,31.8,1188.0
2022-05-12,31.64,31.74,31.64,31.7,3432.0
2022-05-12,29.5,29.75,29.5,29.54,4658.0
2022-05-12,3225.5,3239.95,3156.9,3216.85,310942.0
2022-05-13,31.7,31.98,31.64,31.73,2917.0
2022-05-13,29.51,30.0,29.51,29.61,5122.0
2022-05-13,3225.0,3321.0,3225.0,3278.5,326757.0
2022-05-16,29.62,29.8,29.62,29.62,3085.0
2022-05-16,31.64,32.0,31.64,31.74,606.0
2022-05-16,3337.0,3337.95,3253.4,3284.9,270772.0
2022-05-17,3289.0,3382.9,3285.45,3368.85,277190.0
2022-05-17,29.26,29.66,29.25,29.66,2495.0
2022-05-17,31.72,31.88,31.72,31.8,1121.0
2022-05-18,31.72,31.9,31.72,31.84,2511.0
2022-05-18,29.6,30.0,29.26,29.48,2187.0
2022-05-18,3350.0,3432.65,3350.0,3394.35,435712.0
2022-05-19,31.85,31.89,31.75,31.83,3986.0
2022-05-19,29.95,29.95,29.51,29.54,2323.0
2022-05-19,3365.0,3388.6,3308.05,3332.05,394058.0
2022-05-20,31.75,31.97,31.75,31.9,3767.0
2022-05-20,29.48,29.95,29.4,29.63,4657.0
2022-05-20,3360.0,3463.8,3352.0,3450.25,525530.0
2022-05-23,3451.25,3538.0,3451.25,3487.05,524978.0
2022-05-23,29.65,29.75,29.31,29.55,24659.0
2022-05-23,31.9,31.9,31.85,31.88,5499.0
2022-05-24,31.85,31.9,31.85,31.9,390.0
2022-05-24,29.55,29.6,29.43,29.51,4381.0
2022-05-24,3515.0,3518.0,3440.0,3470.45,230532.0
2022-05-25,31.9,31.9,31.71,31.82,1443.0
2022-05-25,29.5,29.87,29.5,29.62,2624.0
2022-05-25,3491.7,3525.0,3472.15,3516.5,286553.0
2022-05-26,31.82,31.82,31.65,31.81,16962.0
2022-05-26,29.39,29.45,28.56,28.78,8832.0
2022-05-26,3550.0,3577.85,3513.5,3560.95,545260.0
2022-05-27,3583.0,3583.35,3510.25,3557.6,165721.0
2022-05-27,31.81,32.01,31.66,31.86,19266.0
2022-05-27,28.78,28.8,28.25,28.42,9059.0
2022-05-30,31.85,31.95,31.81,31.83,1323.0
2022-05-30,28.02,28.48,28.02,28.42,3221.0
2022-05-30,3561.4,3617.65,3541.6,3576.25,213495.0
2022-05-31,31.84,31.96,31.83,31.85,1749.0
2022-05-31,28.2,28.6,28.1,28.17,14081.0
2022-05-31,3576.6,3700.0,3555.25,3647.8,562987.0
2022-06-01,3649.1,3669.75,3533.0,3551.3,241386.0
2022-06-01,28.15,28.35,28.01,28.02,39652.0
2022-06-01,31.84,31.95,31.84,31.87,2267.0
2022-06-02,31.84,31.93,31.8,31.82,2508.0
2022-06-02,28.39,28.39,27.95,28.02,12841.0
2022-06-02,3570.0,3583.8,3505.75,3577.05,213099.0
2022-06-03,31.8,32.0,31.8,31.83,2224.0
2022-06-03,28.05,28.46,27.97,28.15,11177.0
2022-06-03,3575.0,3597.1,3493.0,3530.0,271462.0
2022-06-06,28.15,28.29,28.06,28.15,2272.0
2022-06-06,3530.0,3535.0,3450.05,3491.95,153889.0
2022-06-06,31.83,31.9,31.82,31.86,1003.0
2022-06-07,3465.0,3478.9,3354.0,3383.45,338018.0
2022-06-07,31.99,32.9,31.81,31.83,1939.0
2022-06-07,28.1,28.27,27.97,28.13,8667.0
2022-06-08,31.83,31.94,31.83,31.93,240.0
2022-06-08,28.49,28.49,28.06,28.07,2336.0
2022-06-08,3385.0,3402.6,3310.0,3361.5,320103.0
2022-06-09,31.81,31.94,31.81,31.86,1510.0
2022-06-09,28.07,28.3,28.0,28.06,3763.0
2022-06-09,3361.15,3382.05,3306.0,3347.25,347351.0
2022-06-10,28.06,28.29,28.06,28.07,2384.0
2022-06-10,3316.0,3372.25,3301.1,3360.85,503822.0
2022-06-10,31.82,31.96,31.82,31.9,8882.0
2022-06-13,31.87,31.99,31.81,31.9,1190.0
2022-06-13,28.07,28.2,27.96,28.13,3613.0
2022-06-13,3339.0,3375.0,3310.95,3359.0,463899.0
2022-06-14,31.81,31.94,31.81,31.86,2557.0
2022-06-14,28.8,28.8,27.95,28.06,10598.0
2022-06-14,3359.55,3393.0,3330.05,3382.85,224645.0
2022-06-15,31.86,31.94,31.86,31.9,12156.0
2022-06-15,28.4,28.4,28.0,28.11,1861.0
2022-06-15,3388.0,3402.9,3352.05,3385.4,245702.0
2022-06-16,3400.1,3431.9,3372.05,3390.4,481507.0
2022-06-16,27.91,29.0,27.91,28.03,1535.0
2022-06-16,31.84,31.9,31.84,31.89,405.0
2022-06-17,31.87,31.98,31.87,31.97,714.0
2022-06-17,28.03,28.3,27.91,28.02,2639.0
2022-06-17,3390.4,3390.4,3300.3,3332.1,527370.0
2022-06-20,31.97,31.97,31.85,31.93,4527.0
2022-06-20,27.95,28.05,27.95,27.97,2721.0
2022-06-20,3300.0,3399.9,3270.95,3378.6,364703.0
2022-06-21,28.92,28.92,27.93,27.94,5698.0
2022-06-21,38.31,38.31,31.95,31.95,1848.0
2022-06-21,3378.6,3472.85,3375.05,3429.3,223641.0
2022-06-22,31.93,31.95,31.9,31.92,2297.0
2022-06-22,27.94,28.45,27.94,28.01,2220.0
2022-06-22,3412.0,3454.9,3386.2,3403.65,170854.0
2022-06-23,27.0,28.5,27.0,28.02,6978.0
2022-06-23,3414.95,3447.85,3390.5,3411.45,351311.0
2022-06-23,31.92,31.99,31.92,31.93,847.0
2022-06-24,27.95,28.24,27.95,27.98,2707.0
2022-06-24,3429.0,3504.95,3429.0,3469.35,301133.0
2022-06-24,32.0,32.0,31.86,31.91,4231.0
2022-06-27,3502.0,3505.95,3447.25,3459.1,419730.0
2022-06-27,31.94,32.2,31.93,31.96,1613.0
2022-06-27,27.95,28.39,27.92,28.01,2971.0
2022-06-28,31.96,32.39,31.96,32.02,1095.0
2022-06-28,28.01,28.39,27.97,28.06,5545.0
2022-06-28,3455.0,3469.9,3388.05,3434.7,182574.0
2022-06-29,32.09,32.09,32.0,32.0,3309.0
2022-06-29,28.0,29.0,28.0,28.06,2124.0
2022-06-29,3434.7,3455.6,3360.0,3404.15,374478.0
2022-06-30,28.9,28.9,28.02,28.04,639.0
2022-06-30,3380.0,3483.15,3380.0,3466.4,479308.0
2022-06-30,32.1,32.1,31.97,32.02,560.0
2022-07-01,32.25,32.3,31.9,32.0,1040.0
2022-07-01,28.01,28.45,28.01,28.06,1740.0
2022-07-01,3412.0,3600.0,3412.0,3584.35,292487.0
2022-07-04,32.0,32.05,31.8,31.92,4156.0
2022-07-04,28.0,28.49,28.0,28.05,4630.0
2022-07-04,3575.0,3713.45,3575.0,3700.45,614359.0
2022-07-05,3709.0,3714.0,3636.0,3656.6,612519.0
2022-07-05,31.92,32.05,31.91,32.05,7626.0
2022-07-05,28.06,28.3,28.06,28.11,4590.0
2022-07-06,28.39,28.39,28.07,28.14,4686.0
2022-07-06,31.92,32.04,31.92,31.99,4124.0
2022-07-06,3650.15,3840.9,3642.25,3830.8,1043070.0
2022-07-07,3828.0,3882.1,3799.85,3810.25,519620.0
2022-07-07,32.01,32.05,32.0,32.04,1038.0
2022-07-07,28.1,28.49,28.1,28.18,5028.0
2022-07-08,3830.0,3850.95,3792.5,3816.95,379513.0
2022-07-08,31.95,32.1,31.95,32.01,1714.0
2022-07-08,28.17,28.2,28.11,28.11,4908.0
2022-07-11,3829.2,3840.4,3780.0,3795.4,208602.0
2022-07-11,32.0,32.1,32.0,32.04,1568.0
2022-07-11,28.5,28.5,28.09,28.16,679.0
2022-07-12,3783.0,3787.85,3716.15,3725.5,283587.0
2022-07-12,32.04,32.15,32.03,32.03,608.0
2022-07-12,28.14,28.19,28.14,28.18,1513.0
2022-07-13,32.03,32.15,32.03,32.05,2557.0
2022-07-13,28.14,28.2,28.1,28.19,6581.0
2022-07-13,3731.05,3762.1,3712.1,3726.0,164377.0
2022-07-14,32.18,32.18,32.05,32.05,1738.0
2022-07-14,28.14,28.5,28.14,28.21,1485.0
2022-07-14,3726.0,3789.0,3713.05,3774.15,265732.0
2022-07-15,28.65,28.65,28.18,28.2,2540.0
2022-07-15,32.05,32.18,32.05,32.07,11071.0
2022-07-15,3785.0,3862.8,3779.1,3848.9,660790.0
2022-07-18,3860.0,3880.0,3759.0,3774.95,455399.0
2022-07-18,32.1,32.2,32.0,32.18,1975.0
2022-07-18,28.2,28.88,28.2,28.23,4993.0
2022-07-19,32.03,32.1,32.03,32.1,15.0
2022-07-19,28.23,28.55,28.23,28.26,1933.0
2022-07-19,3774.95,3797.1,3742.3,3787.45,228968.0
2022-07-20,3805.0,3849.0,3793.85,3828.3,440495.0
2022-07-20,32.3,32.3,32.11,32.12,3706.0
2022-07-20,28.25,28.65,28.25,28.31,2260.0
2022-07-21,3844.0,3865.75,3821.0,3855.5,282104.0
2022-07-21,32.06,32.1,32.06,32.1,667.0
2022-07-21,28.29,28.6,28.24,28.39,5376.0
2022-07-22,3860.0,3929.0,3843.65,3871.45,433423.0
2022-07-22,32.07,32.1,32.07,32.07,998.0
2022-07-22,28.39,28.5,28.26,28.3,6579.0
2022-07-25,28.3,28.5,28.16,28.4,2049.0
2022-07-25,3871.45,3871.45,3871.45,3871.45,144887.0
2022-07-25,3871.45,3915.0,3850.0,3885.9,290157.0
2022-07-25,32.0,32.45,32.0,32.1,9556.0
2022-07-26,3900.0,3900.0,3795.5,3807.15,267527.0
2022-07-26,32.4,32.4,32.1,32.15,765.0
2022-07-26,28.4,28.5,28.3,28.4,1552.0
2022-07-27,3800.0,3863.9,3781.15,3854.55,200264.0
2022-07-27,32.15,32.28,32.1,32.12,1291.0
2022-07-27,28.4,28.4,28.15,28.27,8189.0
2022-07-28,32.12,32.34,31.0,32.11,2445.0
2022-07-28,28.28,28.59,28.28,28.29,2919.0
2022-07-28,3863.5,3882.0,3836.4,3869.35,316008.0
2022-07-29,3883.0,3949.35,3876.9,3900.4,418970.0
2022-07-29,32.11,32.27,32.0,32.16,3461.0
2022-07-29,28.95,28.95,28.16,28.31,4244.0
2022-08-01,3900.4,3916.0,3838.2,3855.65,323129.0
2022-08-01,31.05,32.28,31.05,32.2,3890.0
2022-08-01,28.32,28.65,28.31,28.35,4172.0
2022-08-02,28.35,28.5,28.3,28.33,3895.0
2022-08-02,3875.0,3909.0,3758.1,3788.15,355859.0
2022-08-02,32.05,32.28,32.05,32.2,8856.0
2022-08-03,28.95,28.95,28.31,28.33,3323.0
2022-08-03,3780.0,3793.35,3726.05,3770.0,428088.0
2022-08-03,32.2,32.34,32.07,32.11,3908.0
2022-08-04,28.33,28.99,28.17,28.29,5229.0
2022-08-04,3762.75,3792.0,3726.0,3775.05,506667.0
2022-08-04,32.12,32.32,32.12,32.15,1404.0
2022-08-05,32.04,32.28,32.04,32.17,4442.0
2022-08-05,28.35,28.75,28.29,28.34,2034.0
2022-08-05,3745.0,3835.9,3678.85,3688.1,798850.0
2022-08-08,3688.1,3701.9,3612.8,3631.4,310094.0
2022-08-08,3688.1,3688.1,3688.1,3688.1,144889.0
2022-08-08,32.06,32.2,32.06,32.18,2565.0
2022-08-08,28.2,28.9,28.2,28.34,6786.0
2022-08-10,32.18,32.2,32.06,32.2,4613.0
2022-08-10,28.33,28.5,28.33,28.34,4367.0
2022-08-10,3640.0,3674.8,3624.05,3647.75,191222.0
2022-08-11,32.21,32.3,32.21,32.21,8152.0
2022-08-11,28.34,28.38,28.3,28.36,2264.0
2022-08-11,3666.0,3682.8,3632.2,3640.3,167070.0
2022-08-12,28.32,28.65,28.31,28.34,2484.0
2022-08-12,3650.0,3667.3,3607.65,3659.75,228587.0
2022-08-12,32.21,32.3,32.06,32.18,3716.0
2022-08-16,32.1,32.4,32.1,32.28,2956.0
2022-08-16,28.35,28.8,28.16,28.33,29759.0
2022-08-16,3678.05,3723.95,3675.0,3690.45,239514.0
2022-08-17,32.28,32.32,31.55,32.2,3367.0
2022-08-17,28.26,28.87,28.17,28.34,3816.0
2022-08-17,3693.0,3714.95,3681.15,3705.2,353941.0
2022-08-18,28.28,28.5,28.28,28.43,4764.0
2022-08-18,32.2,32.2,30.9,32.05,1749.0
2022-08-18,3712.0,3726.95,3681.05,3693.05,232262.0
2022-08-19,3693.05,3709.45,3642.45,3662.55,177955.0
2022-08-19,28.33,29.0,28.3,28.36,6597.0
2022-08-22,28.88,28.88,28.16,28.26,1933.0
2022-08-22,3662.55,3733.0,3635.05,3676.45,366371.0
2022-08-23,28.26,28.64,28.18,28.26,4215.0
2022-08-23,3650.0,3704.95,3638.0,3678.7,189150.0
2022-08-24,28.26,28.49,28.15,28.3,2706.0
2022-08-24,3677.0,3688.0,3636.45,3659.15,187721.0
2022-08-25,28.17,28.49,28.17,28.34,3035.0
2022-08-25,3677.45,3678.2,3640.0,3646.6,208578.0
2022-08-26,3664.85,3668.0,3627.1,3650.15,220796.0
2022-08-26,28.34,28.49,28.18,28.37,3609.0
2022-08-29,28.37,28.74,28.16,28.42,1307.0
2022-08-29,3618.0,3730.0,3585.25,3707.65,525684.0
2022-08-30,28.38,28.79,28.37,28.48,6402.0
2022-08-30,3717.0,3766.15,3717.0,3747.75,467342.0
2022-09-01,28.15,28.86,28.15,28.52,6604.0
2022-09-01,3730.0,3745.4,3672.1,3718.15,314888.0
2022-09-02,28.52,28.88,28.26,28.52,2108.0
2022-09-02,3736.75,3758.9,3700.0,3704.25,202152.0
2022-09-05,28.52,28.8,28.52,28.56,5961.0
2022-09-05,3681.0,3715.0,3658.1,3662.6,234232.0
2022-09-06,3672.0,3692.6,3595.0,3608.8,390746.0
2022-09-06,28.5,28.77,28.36,28.66,3875.0
2022-09-07,28.5,28.7,28.46,28.65,9264.0
2022-09-07,3600.0,3674.8,3588.0,3667.9,287734.0
2022-09-08,28.51,28.7,28.51,28.65,7784.0
2022-09-08,3683.0,3687.0,3632.9,3672.65,384831.0
2022-09-09,28.65,28.7,28.52,28.64,6551.0
2022-09-09,3685.5,3700.0,3641.85,3649.5,134487.0
2022-09-12,28.3,28.7,28.3,28.66,3768.0
2022-09-12,3640.2,3697.95,3640.2,3671.85,212688.0
2022-09-13,3665.0,3765.0,3665.0,3757.7,398871.0
2022-09-13,28.4,28.7,28.31,28.57,4065.0
2022-09-14,28.69,28.88,28.58,28.58,3417.0
2022-09-14,3708.0,3761.7,3708.0,3747.0,389253.0
2022-09-15,28.46,28.87,28.46,28.6,12132.0
2022-09-15,3765.0,3789.0,3713.05,3721.55,311462.0
2022-09-16,28.48,28.88,28.48,28.58,2533.0
2022-09-16,3703.55,3741.4,3621.1,3639.55,559137.0
2022-09-19,28.51,28.74,28.39,28.55,3283.0
2022-09-19,3635.0,3642.15,3564.1,3592.35,211795.0
2022-09-20,28.55,28.88,28.35,28.47,7782.0
2022-09-20,3610.35,3665.0,3602.0,3650.6,346604.0
2022-09-21,3646.0,3789.0,3637.0,3765.65,773841.0
2022-09-21,28.47,28.73,28.42,28.55,5053.0
2022-09-22,3764.0,3835.45,3751.0,3825.95,687172.0
2022-09-22,28.54,28.64,28.46,28.49,2059.0
2022-09-23,3825.95,3842.8,3782.35,3796.7,326581.0
2022-09-23,28.49,28.75,28.34,28.47,3147.0
2022-09-26,3796.7,3827.85,3775.5,3787.5,626882.0
2022-09-26,28.47,28.48,28.32,28.48,3615.0
2022-09-27,3806.45,3889.8,3800.0,3824.15,584760.0
2022-09-27,28.41,28.73,28.41,28.45,1399.0
2022-09-28,28.39,28.73,28.39,28.46,3595.0
2022-09-28,3817.9,3868.0,3795.6,3853.2,364917.0
2022-09-29,3871.45,3873.0,3810.0,3864.5,450207.0
2022-09-29,28.46,28.74,28.42,28.48,3285.0
2022-09-30,3870.0,3887.65,3820.05,3843.05,309896.0
2022-09-30,28.48,28.75,28.42,28.55,3320.0
2022-10-03,3862.0,3878.2,3753.8,3768.95,251830.0
2022-10-03,28.75,28.75,28.42,28.5,1793.0
2022-10-03,3843.05,3843.05,3843.05,3843.05,140565.0
2022-10-04,3807.0,3826.65,3775.55,3818.15,153835.0
2022-10-04,28.51,28.73,28.42,28.44,8569.0
2022-10-06,3837.25,3847.65,3760.7,3767.55,308216.0
2022-10-06,28.44,28.74,28.44,28.51,8680.0
2022-10-07,3776.0,3795.0,3732.25,3785.65,318472.0
2022-10-07,28.44,28.74,28.44,28.52,2000.0
2022-10-10,3750.0,3812.0,3717.0,3797.85,185199.0
2022-10-10,28.75,28.75,28.44,28.65,626.0
2022-10-11,3816.85,3820.7,3718.0,3727.9,202644.0
2022-10-11,28.7,29.0,28.46,28.5,23854.0
2022-10-12,28.5,28.74,28.47,28.53,3761.0
2022-10-12,3746.55,3774.4,3726.35,3763.0,271156.0
2022-10-13,28.53,28.74,28.41,28.43,3623.0
2022-10-13,3771.5,3794.0,3748.9,3784.6,156770.0
2022-10-14,28.45,28.5,28.41,28.45,4763.0
2022-10-14,3800.1,3814.9,3769.25,3796.25,350141.0
2022-10-17,3801.9,3801.9,3752.55,3777.7,93315.0
2022-10-17,28.45,28.78,28.42,28.44,1263.0
2022-10-18,3796.6,3804.95,3748.6,3766.85,189866.0
2022-10-18,28.41,28.9,28.35,28.43,2385.0
2022-10-19,28.41,28.69,28.41,28.59,3983.0
2022-10-19,3770.0,3789.5,3742.0,3768.5,182278.0
2022-10-20,3763.0,3802.9,3747.65,3790.15,230082.0
2022-10-20,28.42,28.68,28.42,28.56,14732.0
2022-10-21,28.56,28.75,28.1,28.3,864394.0
2022-10-21,3793.0,3814.55,3761.6,3792.7,404955.0
2022-10-24,28.31,28.99,28.31,28.4,1555.0
2022-10-24,3799.0,3835.6,3712.0,3801.85,32851.0
2022-10-25,3804.0,3804.9,3690.0,3713.1,228569.0
2022-10-25,28.4,28.56,28.34,28.44,2130.0
2022-10-27,28.31,30.0,28.31,28.9,69904.0
2022-10-27,3714.0,3769.9,3701.3,3755.3,317971.0
2022-10-28,28.8,28.98,28.6,28.7,28033.0
2022-10-28,3767.0,3792.0,3732.0,3777.7,215005.0
2022-10-31,29.0,29.0,28.47,28.52,3052.0
2022-10-31,3788.0,3800.0,3739.35,3766.55,198318.0
2022-11-01,28.46,28.89,28.46,28.5,4521.0
2022-11-01,3780.0,3808.6,3755.05,3788.0,338873.0
2022-11-02,28.45,28.6,28.45,28.46,1914.0
2022-11-02,3788.0,3794.4,3714.3,3723.95,185469.0
2022-11-03,28.46,28.75,28.46,28.71,4646.0
2022-11-03,3723.95,3723.95,3723.95,3723.95,169925.0
2022-11-03,3707.0,3760.55,3705.45,3748.05,140994.0
2022-11-04,3748.05,3814.95,3746.15,3804.2,258490.0
2022-11-04,28.45,28.74,28.45,28.54,1780.0
2022-11-07,28.52,28.56,28.52,28.53,8063.0
2022-11-07,3930.05,4190.0,3930.05,4139.25,3142443.0
2022-11-09,28.52,28.59,28.52,28.55,9601.0
2022-11-09,4140.0,4237.0,4140.0,4175.35,1198458.0
2022-11-10,4152.6,4189.65,4108.3,4134.65,417581.0
2022-11-10,28.55,28.85,28.52,28.54,1811.0
2022-11-11,4155.35,4177.0,4085.0,4098.65,344558.0
2022-11-11,28.54,28.85,28.52,28.55,5148.0
2022-11-14,4100.0,4153.5,4074.6,4103.95,336120.0
2022-11-14,28.5,28.79,28.5,28.56,2491.0
2022-11-14,4098.65,4098.65,4098.65,4098.65,169925.0
2022-11-15,4124.5,4153.6,4083.25,4139.35,325881.0
2022-11-15,28.52,28.97,28.48,28.55,8120.0
2022-11-16,28.52,28.79,28.52,28.54,6976.0
2022-11-16,4126.75,4145.0,4093.75,4131.5,149924.0
2022-11-17,4120.0,4150.0,4105.15,4125.2,238478.0
2022-11-17,28.55,28.74,28.55,28.61,1146.0
2022-11-18,4138.0,4138.0,4061.1,4106.05,281217.0
2022-11-18,28.54,28.83,28.54,28.62,5329.0
2022-11-21,4118.0,4149.0,4095.1,4120.05,288522.0
2022-11-21,28.62,28.98,28.55,28.61,1885.0
2022-11-22,4133.95,4164.25,4107.6,4157.6,319387.0
2022-11-22,28.56,28.82,28.52,28.59,1416.0
2022-11-23,28.52,28.66,28.48,28.56,3196.0
2022-11-23,4160.0,4194.05,4139.5,4155.15,247440.0
2022-11-24,4172.0,4209.55,4155.15,4191.2,231515.0
2022-11-24,28.98,28.98,28.52,28.57,4766.0
2022-11-25,4212.0,4212.0,4148.3,4183.7,244021.0
2022-11-25,28.57,28.87,28.53,28.62,3660.0
2022-11-28,4168.85,4229.3,4161.0,4213.05,222792.0
2022-11-28,28.5,28.7,28.5,28.61,6362.0
2022-11-29,4225.0,4302.0,4225.0,4285.35,598884.0
2022-11-29,28.51,28.67,28.5,28.55,4982.0
2022-11-30,28.7,28.7,28.52,28.57,5331.0
2022-11-30,4297.95,4387.9,4290.05,4362.3,1101544.0
2022-12-01,4364.55,4410.5,4335.35,4401.25,501703.0
2022-12-01,28.57,28.75,28.52,28.61,5994.0
2022-12-02,4400.0,4444.05,4380.3,4432.9,530333.0
2022-12-02,28.6,28.79,28.6,28.72,8208.0
2022-12-05,4422.85,4427.65,4370.0,4403.35,212913.0
2022-12-05,28.72,28.79,28.62,28.65,4111.0
2022-12-06,4398.9,4451.65,4382.05,4424.35,349352.0
2022-12-06,28.62,28.85,28.62,28.63,4635.0
2022-12-07,4424.35,4435.0,4383.35,4393.55,252294.0
2022-12-07,28.6,28.9,28.6,28.64,1673.0
2022-12-08,28.64,28.98,28.63,28.78,3891.0
2022-12-08,4393.55,4442.65,4384.2,4394.9,282421.0
2022-12-09,28.63,28.78,28.63,28.69,1019.0
2022-12-09,4402.0,4426.4,4384.2,4410.3,233437.0
2022-12-12,4419.05,4439.05,4384.0,4432.55,233360.0
2022-12-12,28.6,28.99,28.6,28.67,6289.0
2022-12-13,4452.0,4452.0,4410.0,4426.55,158169.0
2022-12-13,28.67,28.94,28.67,28.71,4503.0
2022-12-14,4440.0,4446.0,4390.1,4409.7,195654.0
2022-12-14,28.61,28.98,28.61,28.65,1980.0
2022-12-15,4428.3,4485.0,4412.0,4465.45,370501.0
2022-12-15,28.65,28.9,28.62,28.78,4429.0
2022-12-16,4459.5,4477.15,4416.7,4444.7,346508.0
2022-12-16,28.98,28.98,28.62,28.69,2559.0
2022-12-19,28.64,29.49,28.62,28.84,1970.0
2022-12-19,4455.0,4537.0,4423.5,4526.5,330662.0
2022-12-20,4529.0,4533.95,4467.05,4509.05,206833.0
2022-12-20,28.82,29.0,28.6,28.7,2606.0
2022-12-21,4509.05,4530.0,4406.15,4418.85,303234.0
2022-12-21,28.65,28.9,28.65,28.75,2878.0
2022-12-22,4444.0,4446.35,4377.0,4391.45,243325.0
2022-12-22,28.76,28.9,28.45,28.7,6029.0
2022-12-23,4375.15,4398.95,4324.1,4331.9,224215.0
2022-12-23,28.55,28.89,28.55,28.8,7094.0
2022-12-26,28.8,28.92,28.7,28.8,9433.0
2022-12-26,4315.5,4399.9,4313.8,4375.35,166686.0
2022-12-27,4380.7,4400.0,4350.0,4369.25,138087.0
2022-12-27,28.7,28.89,28.7,28.83,1467.0
2022-12-28,4362.0,4407.45,4362.0,4385.95,159245.0
2022-12-28,28.95,29.0,28.73,28.93,2219.0
2022-12-29,4375.0,4389.75,4296.55,4348.3,244626.0
2022-12-29,28.72,28.98,28.72,28.75,3453.0
2022-12-30,4355.2,4374.95,4298.55,4307.45,117753.0
2022-12-30,28.75,29.0,28.73,28.9,1672.0
2023-01-02,4379.95,4379.95,4275.1,4292.15,255314.0
2023-01-02,28.83,28.97,28.45,28.89,6752.0
2023-01-03,28.63,29.0,28.63,28.91,7255.0
2023-01-03,4255.1,4295.65,4206.3,4241.85,496975.0
2023-01-04,28.65,28.95,28.65,28.95,1978.0
2023-01-04,4254.95,4276.0,4216.35,4235.0,216319.0
2023-01-05,28.9,28.99,28.85,28.98,5059.0
2023-01-05,4235.0,4387.0,4235.0,4313.2,686633.0
2023-01-06,28.98,29.0,28.8,28.96,62615.0
2023-01-06,4313.2,4369.0,4310.0,4359.05,297438.0
2023-01-09,28.8,28.98,28.8,28.86,2026.0
2023-01-09,4380.0,4387.9,4336.2,4364.3,170110.0
2023-01-10,4360.0,4363.0,4317.3,4326.85,235445.0
2023-01-10,28.8,29.0,28.71,28.98,9365.0
2023-01-11,28.98,29.1,28.98,29.01,3858.0
2023-01-11,4326.0,4358.65,4298.0,4314.3,224668.0
2023-01-12,28.92,29.3,28.92,29.03,1048.0
2023-01-12,4319.3,4340.9,4284.0,4299.25,248083.0
2023-01-13,28.88,29.3,28.88,29.01,962.0
2023-01-13,4304.0,4370.7,4287.45,4336.1,183772.0
2023-01-16,28.9,29.35,28.9,29.0,1105.0
2023-01-16,4336.1,4346.45,4300.0,4309.6,84814.0
2023-01-17,4309.0,4372.95,4291.75,4362.05,169798.0
2023-01-17,29.0,29.3,28.91,29.05,1526.0
2023-01-18,29.05,29.3,28.96,29.03,7379.0
2023-01-18,4360.0,4422.0,4355.55,4393.7,192855.0
2023-01-19,28.96,29.01,28.95,28.99,32994.0
2023-01-19,4379.8,4399.95,4357.1,4372.4,139431.0
2023-01-20,29.0,31.0,28.99,29.0,6321.0
2023-01-20,4362.0,4362.0,4312.85,4318.95,154486.0
2023-01-23,29.0,29.87,29.0,29.04,1908.0
2023-01-23,4330.0,4357.45,4319.15,4337.85,119143.0
2023-01-24,29.04,29.04,29.0,29.01,4206.0
2023-01-24,4350.8,4408.95,4323.2,4396.05,135586.0
2023-01-25,4384.0,4444.0,4360.0,4388.15,288089.0
2023-01-25,29.47,29.88,28.96,29.09,3740.0
2023-01-27,28.96,29.49,28.96,29.3,4492.0
2023-01-27,4435.0,4439.0,4353.8,4380.4,340484.0
2023-01-30,29.11,29.15,29.11,29.12,3368.0
2023-01-30,4396.5,4418.0,4320.0,4406.75,218721.0
2023-01-31,29.11,29.4,29.1,29.14,9761.0
2023-01-31,4418.0,4418.0,4264.0,4317.6,605699.0
2023-02-01,29.5,29.5,29.1,29.15,9593.0
2023-02-01,4329.9,4444.5,4326.85,4370.95,622541.0
2023-02-02,4518.95,4596.0,4370.0,4573.05,1669243.0
2023-02-02,29.1,29.64,29.1,29.12,1276.0
2023-02-03,29.12,29.15,29.1,29.14,1605.0
2023-02-03,4590.0,4659.75,4570.1,4628.85,517467.0
2023-02-06,29.14,29.25,29.1,29.11,2661.0
2023-02-06,4605.0,4635.3,4600.0,4625.65,315190.0
2023-02-07,29.1,29.4,29.1,29.14,3631.0
2023-02-07,4639.0,4664.0,4596.7,4606.85,327040.0
2023-02-08,29.1,29.59,29.1,29.16,4496.0
2023-02-08,4604.95,4640.25,4578.0,4594.8,252710.0
2023-02-09,4594.85,4656.1,4575.15,4637.35,284415.0
2023-02-09,29.14,29.5,29.12,29.12,6520.0
2023-02-10,4660.0,4669.2,4597.05,4622.7,207919.0
2023-02-10,29.59,29.59,29.1,29.12,19592.0
2023-02-13,29.01,29.45,29.01,29.04,2226.0
2023-02-13,4600.0,4636.0,4579.0,4588.0,185536.0
2023-02-14,29.04,29.1,29.02,29.05,1641.0
2023-02-14,4590.3,4624.0,4581.0,4599.85,245495.0
2023-02-15,29.02,29.44,29.02,29.06,3760.0
2023-02-15,4599.85,4599.85,4530.2,4588.45,197822.0
2023-02-16,29.06,29.33,29.02,29.14,3056.0
2023-02-16,4597.0,4617.9,4567.0,4572.0,160313.0
2023-02-17,4570.0,4588.0,4514.8,4533.25,203456.0
2023-02-17,29.06,29.1,29.06,29.07,5130.0
2023-02-20,29.05,29.39,29.05,29.25,4057.0
2023-02-20,4535.25,4545.0,4444.0,4453.8,308681.0
2023-02-21,29.25,29.25,29.03,29.07,1293.0
2023-02-21,4454.95,4527.85,4450.6,4503.35,229380.0
2023-02-22,29.07,29.39,29.01,29.07,5852.0
2023-02-22,4505.0,4540.9,4477.7,4484.5,262918.0
2023-02-23,29.06,29.15,29.02,29.08,5155.0
2023-02-23,4490.0,4496.0,4424.8,4451.5,210031.0
2023-02-24,29.03,29.1,29.02,29.04,4519.0
2023-02-24,4460.0,4495.55,4419.65,4442.55,234456.0
2023-02-27,4428.55,4470.0,4375.0,4388.25,162723.0
2023-02-27,29.04,29.45,29.04,29.09,1021.0
2023-02-28,29.49,29.49,29.01,29.07,2168.0
2023-02-28,4390.0,4475.25,4380.0,4461.75,349283.0
2023-03-01,29.03,29.41,29.03,29.24,2302.0
2023-03-01,4439.0,4454.55,4355.15,4379.8,331092.0
2023-03-02,29.07,29.39,29.07,29.26,2460.0
2023-03-02,4390.0,4405.0,4343.05,4394.2,147032.0
2023-03-03,29.28,29.29,29.02,29.14,16696.0
2023-03-03,4400.0,4444.75,4380.4,4411.95,212204.0
2023-03-06,4389.0,4389.0,4279.9,4319.85,681562.0
2023-03-06,29.14,29.34,29.14,29.21,4839.0
2023-03-08,29.14,29.48,29.14,29.2,2014.0
2023-03-08,4319.85,4370.0,4305.75,4339.65,228626.0
2023-03-09,29.03,29.39,28.5,29.34,245084.0
2023-03-09,4339.65,4350.0,4275.2,4291.7,242653.0
2023-03-10,29.22,29.3,29.22,29.24,2219.0
2023-03-10,4307.4,4361.75,4282.75,4311.0,367075.0
2023-03-13,29.2,29.4,29.2,29.25,20687.0
2023-03-13,4309.0,4346.05,4290.0,4307.6,282671.0
2023-03-14,4315.0,4343.9,4277.0,4292.95,197998.0
2023-03-14,29.25,29.47,29.17,29.31,6373.0
2023-03-15,4315.0,4323.65,4237.6,4243.1,195193.0
2023-03-15,29.33,29.5,29.25,29.29,5529.0
2023-03-16,29.29,29.38,29.29,29.36,3132.0
2023-03-16,4263.95,4320.0,4250.0,4311.2,260044.0
2023-03-17,29.36,29.39,29.05,29.31,1220.0
2023-03-17,4325.95,4370.0,4305.6,4362.55,294948.0
2023-03-20,29.29,29.35,29.29,29.31,1500.0
2023-03-20,4364.6,4366.6,4262.5,4331.85,176552.0
2023-03-21,29.31,29.41,29.15,29.4,2215.0
2023-03-21,4355.0,4386.0,4260.0,4264.7,231876.0
2023-03-22,29.05,29.41,29.05,29.4,7415.0
2023-03-22,4279.0,4279.0,4230.0,4244.45,146015.0
2023-03-23,4250.0,4255.5,4196.75,4242.7,197372.0
2023-03-23,29.05,29.3,28.75,29.25,365259.0
2023-03-24,29.25,29.4,29.05,29.18,6294.0
2023-03-24,4242.0,4242.0,4189.85,4199.95,198393.0
2023-03-27,28.5,29.34,28.5,29.25,8655.0
2023-03-27,4224.05,4245.3,4198.8,4214.8,283791.0
2023-03-28,29.16,29.3,29.16,29.18,34727.0
2023-03-28,4229.5,4229.5,4153.0,4200.0,224554.0
2023-03-29,29.19,29.47,29.0,29.19,266807.0
2023-03-29,4205.0,4297.95,4198.95,4276.2,316461.0
2023-03-31,4277.45,4333.8,4257.05,4322.15,244995.0
2023-03-31,29.19,29.4,29.05,29.29,5790.0
2023-04-03,29.29,29.5,29.15,29.37,11563.0
2023-04-03,4344.0,4346.0,4282.35,4324.05,365323.0
2023-04-05,29.2,29.6,29.2,29.53,35126.0
2023-04-05,4334.0,4358.9,4295.0,4327.55,390846.0
2023-04-06,29.53,29.6,29.2,29.51,4964.0
2023-04-06,4327.8,4327.8,4288.3,4299.8,208718.0
2023-04-10,29.51,29.83,29.23,29.51,10835.0
2023-04-10,4299.8,4299.8,4243.0,4266.4,253654.0
2023-04-11,4266.4,4305.3,4258.25,4277.35,248398.0
2023-04-11,29.5,29.7,29.5,29.57,14054.0
2023-04-12,29.57,29.85,29.45,29.56,1434.0
2023-04-12,4277.35,4298.8,4263.0,4271.3,325329.0
2023-04-13,29.53,29.67,29.46,29.51,3648.0
2023-04-13,4239.0,4350.0,4222.55,4264.2,454438.0
2023-04-17,29.35,29.86,29.35,29.55,5083.0
2023-04-17,4278.0,4405.0,4259.7,4338.6,631457.0
2023-04-18,29.55,29.6,29.5,29.58,10793.0
2023-04-18,4350.95,4374.9,4290.0,4301.85,190132.0
2023-04-19,4326.0,4326.0,4270.45,4293.85,347248.0
2023-04-19,29.58,29.75,29.46,29.6,8899.0
2023-04-20,29.6,29.74,29.48,29.5,490580.0
2023-04-20,4295.0,4318.5,4246.3,4256.4,164008.0
2023-04-21,29.51,29.69,29.51,29.66,1508.0
2023-04-21,4259.0,4335.0,4248.3,4327.8,273401.0
2023-04-24,29.52,29.66,29.52,29.59,1624.0
2023-04-24,4327.8,4339.45,4297.0,4311.0,182843.0
2023-04-25,29.59,29.65,29.58,29.59,2528.0
2023-04-25,4313.0,4411.0,4311.0,4402.55,353719.0
2023-04-26,29.59,29.79,29.58,29.62,2276.0
2023-04-26,4400.0,4422.85,4370.8,4405.0,306037.0
2023-04-27,4407.0,4429.35,4397.0,4415.85,179769.0
2023-04-27,29.46,29.62,29.45,29.59,4653.0
2023-04-28,29.5,29.7,29.5,29.57,3709.0
2023-04-28,4415.95,4564.85,4408.65,4553.55,482939.0
2023-05-02,29.45,29.89,29.45,29.86,4155.0
2023-05-02,4565.25,4605.75,4500.0,4511.05,261449.0
2023-05-03,29.5,29.86,29.5,29.78,2099.0
2023-05-03,4490.0,4548.0,4443.35,4527.1,525015.0
2023-05-04,29.5,29.8,29.5,29.69,2440.0
2023-05-04,4527.05,4596.0,4510.0,4587.05,244670.0
2023-05-05,4594.65,4636.95,4584.4,4626.0,332347.0
2023-05-05,29.69,29.69,29.5,29.61,5980.0
2023-05-08,29.61,29.89,29.45,29.59,5450.0
2023-05-08,4640.0,4700.0,4573.55,4598.4,831450.0
2023-05-09,29.47,29.82,29.46,29.64,3794.0
2023-05-09,4624.0,4633.25,4582.55,4595.15,367650.0
2023-05-10,29.75,29.75,29.56,29.58,4316.0
2023-05-10,4629.7,4667.8,4586.5,4604.95,368807.0
2023-05-11,29.6,29.7,29.1,29.48,31917.0
2023-05-11,4610.2,4652.0,4605.0,4635.15,282060.0
2023-05-12,4634.0,4675.0,4601.85,4616.5,311033.0
2023-05-12,29.43,29.7,29.43,29.54,6054.0
2023-05-15,29.54,29.7,29.45,29.54,2824.0
2023-05-15,4647.85,4679.0,4621.45,4630.85,276965.0
2023-05-16,29.52,29.69,29.52,29.59,3727.0
2023-05-16,4632.0,4660.2,4565.0,4606.9,263119.0
2023-05-17,28.75,28.75,28.15,28.34,51147.0
2023-05-17,4610.0,4639.2,4583.65,4631.9,268353.0
2023-05-18,28.3,28.42,28.2,28.32,3908.0
2023-05-18,4650.0,4655.5,4558.0,4564.35,155214.0
2023-05-19,28.32,28.39,28.26,28.33,9857.0
2023-05-19,4588.0,4593.1,4484.15,4499.85,367664.0
2023-05-22,4500.0,4540.25,4485.0,4498.95,172174.0
2023-05-22,28.33,28.33,28.21,28.25,15516.0
2023-05-23,28.29,28.5,28.18,28.25,4266.0
2023-05-23,4487.0,4581.55,4486.0,4521.65,297514.0
2023-05-24,28.84,28.84,28.18,28.26,6041.0
2023-05-24,4538.2,4569.9,4501.35,4519.8,302733.0
2023-05-25,28.25,28.55,28.0,28.18,50239.0
2023-05-25,4580.0,4705.45,4533.25,4563.3,861989.0
2023-05-26,28.18,28.49,28.18,28.21,13880.0
2023-05-26,4582.0,4624.2,4563.15,4596.2,231911.0
2023-05-29,4611.45,4625.1,4566.0,4575.25,194968.0
2023-05-29,28.21,28.84,28.21,28.24,17650.0
2023-05-30,28.25,28.45,28.24,28.29,3792.0
2023-05-30,4583.0,4623.5,4563.0,4573.25,199772.0
2023-05-31,28.29,28.35,28.23,28.29,11308.0
2023-05-31,4571.0,4683.3,4565.25,4657.05,1536463.0
2023-06-01,28.29,28.55,28.0,28.2,40905.0
2023-06-01,4655.0,4655.0,4587.55,4635.25,188427.0
2023-06-02,28.2,28.33,28.15,28.23,7525.0
2023-06-02,4637.0,4718.7,4635.35,4654.15,359550.0
2023-06-05,28.23,28.39,28.2,28.25,4802.0
2023-06-05,4659.9,4712.5,4657.05,4682.6,349558.0
2023-06-06,4682.6,4717.7,4673.05,4705.4,185910.0
2023-06-06,28.26,28.55,28.23,28.24,1974.0
2023-06-07,28.24,28.5,28.24,28.27,8157.0
2023-06-07,4715.0,4907.95,4715.0,4893.15,1390193.0
2023-06-08,28.27,28.59,28.25,28.26,2998.0
2023-06-08,4901.9,4914.75,4856.5,4875.05,381452.0
2023-06-09,28.84,28.84,28.26,28.26,5030.0
2023-06-09,4886.3,4980.0,4836.1,4878.75,820375.0
2023-06-12,28.3,28.53,28.25,28.31,4167.0
2023-06-12,4899.0,4910.0,4865.0,4900.25,233763.0
2023-06-13,4904.95,4951.65,4892.3,4940.1,326814.0
2023-06-13,28.31,28.84,28.25,28.31,2494.0
2023-06-14,28.31,28.49,28.28,28.31,2591.0
2023-06-14,4947.0,4977.0,4922.0,4941.65,234174.0
2023-06-15,28.49,28.49,28.28,28.3,6608.0
2023-06-15,4950.0,5019.9,4914.3,4975.45,452909.0
2023-06-16,28.3,28.84,28.2,28.21,17166.0
2023-06-16,4975.45,5058.6,4970.0,5044.7,407485.0
2023-06-19,5050.0,5064.4,5002.3,5021.05,197576.0
2023-06-19,28.21,28.59,28.21,28.32,2153.0
2023-06-20,28.22,28.48,28.16,28.26,2041.0
2023-06-20,5021.05,5062.5,5008.05,5056.45,251372.0
2023-06-21,28.27,28.4,28.27,28.3,2113.0
2023-06-21,5070.6,5085.25,5045.65,5069.55,272200.0
2023-06-22,5065.0,5071.9,4975.0,4987.05,145196.0
2023-06-22,28.3,28.49,28.17,28.19,4812.0
2023-06-23,28.19,28.39,28.19,28.29,2944.0
2023-06-23,4972.05,4986.95,4945.3,4970.8,191942.0
2023-06-26,28.29,28.51,28.06,28.25,8611.0
2023-06-26,4978.95,5022.0,4952.3,5009.2,179192.0
2023-06-27,28.25,28.49,28.25,28.27,2325.0
2023-06-27,5000.55,5037.8,4949.15,4954.25,175475.0
2023-06-28,4989.0,5019.95,4959.9,4992.15,253814.0
2023-06-28,28.27,28.47,28.21,28.43,7205.0
2023-06-30,28.49,28.49,28.17,28.27,3431.0
2023-06-30,4990.2,5032.35,4955.05,5024.55,196106.0
2023-07-03,28.27,28.45,28.27,28.31,3738.0
2023-07-03,5035.0,5048.6,4990.1,5008.3,139105.0
2023-07-04,28.32,28.49,28.1,28.16,19258.0
2023-07-04,5008.3,5024.9,4972.55,5010.15,121493.0
2023-07-05,5024.8,5115.4,4960.5,5096.1,186513.0
2023-07-05,28.16,28.45,28.16,28.38,22445.0
2023-07-06,5199.0,5270.35,5121.0,5173.55,966410.0
2023-07-06,28.37,28.38,28.31,28.31,3652.0
2023-07-07,28.5,28.94,28.22,28.35,4592.0
2023-07-07,5173.55,5189.55,5042.9,5054.5,224712.0
2023-07-10,5073.0,5099.45,4991.5,5031.85,308544.0
2023-07-10,28.49,28.49,28.31,28.31,2836.0
2023-07-11,5050.0,5157.2,5050.0,5083.9,385742.0
2023-07-11,28.18,28.49,28.18,28.3,4978.0
2023-07-12,5083.9,5114.85,5042.35,5073.9,180640.0
2023-07-12,28.49,28.49,28.25,28.29,4676.0
2023-07-13,5089.9,5148.0,5071.45,5090.35,232034.0
2023-07-13,28.29,28.4,28.29,28.36,3127.0
2023-07-14,28.3,28.75,28.27,28.4,3358.0
2023-07-14,5118.0,5150.0,5085.1,5133.2,220335.0
2023-07-17,5149.95,5199.0,5121.1,5143.45,272290.0
2023-07-17,28.4,28.7,28.31,28.35,4160.0
2023-07-18,5150.0,5160.55,5052.0,5064.15,189358.0
2023-07-18,28.35,28.94,28.35,28.35,3666.0
2023-07-19,5081.95,5144.0,5050.1,5065.9,353528.0
2023-07-19,28.15,28.45,28.15,28.43,2635.0
2023-07-20,5070.0,5094.0,5016.05,5052.55,327126.0
2023-07-20,28.43,28.43,28.31,28.37,1459.0
2023-07-21,28.37,28.94,28.26,28.44,5054.0
2023-07-21,5061.55,5108.95,5000.0,5047.0,438176.0
2023-07-24,5047.0,5048.0,4944.2,4968.9,224646.0
2023-07-24,28.44,28.68,28.15,28.39,4195.0
2023-07-25,28.15,28.58,28.15,28.36,1354.0
2023-07-25,5007.0,5007.0,4875.0,4885.6,396810.0
2023-07-26,28.36,28.65,28.17,28.38,3608.0
2023-07-26,4900.0,4994.95,4880.0,4983.6,231869.0
2023-07-27,28.38,28.85,28.36,28.64,3011.0
2023-07-27,4965.0,5016.0,4763.8,4873.4,558492.0
2023-07-28,28.41,28.69,28.35,28.39,3502.0
2023-07-28,4904.0,4959.4,4851.0,4903.35,357681.0
2023-07-31,28.39,28.89,28.35,28.37,13237.0
2023-07-31,4905.1,4910.4,4765.25,4793.95,800189.0
2023-08-01,4825.1,4843.5,4750.1,4817.35,413904.0
2023-08-01,28.28,28.49,28.28,28.42,2109.0
2023-08-02,28.42,28.79,28.26,28.46,1932.0
2023-08-02,4839.0,4839.0,4770.0,4809.45,395487.0
2023-08-03,28.46,28.94,28.35,28.51,5073.0
2023-08-03,4809.95,4818.6,4770.0,4798.95,239070.0
2023-08-04,28.51,28.51,28.34,28.44,4206.0
2023-08-04,4790.0,4832.0,4766.65,4798.5,401478.0
2023-08-07,28.4,28.69,28.4,28.62,3655.0
2023-08-07,4751.0,4815.0,4618.2,4659.75,1079453.0
2023-08-08,4632.75,4677.45,4596.05,4605.35,533341.0
2023-08-08,28.4,28.68,28.3,28.45,2501.0
2023-08-09,28.45,28.64,28.45,28.5,2290.0
2023-08-09,4619.9,4633.35,4575.0,4600.9,912658.0
2023-08-10,28.5,28.68,28.46,28.63,5618.0
2023-08-10,4601.0,4618.65,4531.3,4540.45,587011.0
2023-08-11,28.5,28.63,28.48,28.52,2658.0
2023-08-11,4540.0,4561.0,4489.65,4510.3,1112908.0
2023-08-14,28.52,28.7,28.52,28.56,6948.0
2023-08-14,4519.7,4525.0,4455.0,4499.6,557851.0
2023-08-16,4488.6,4512.55,4421.4,4498.5,518358.0
2023-08-16,28.56,28.73,28.47,28.6,7445.0
2023-08-17,28.4,28.79,28.4,28.6,1796.0
2023-08-17,4498.5,4525.0,4472.3,4501.6,394002.0
2023-08-18,28.6,28.9,28.43,28.59,4373.0
2023-08-18,4499.0,4554.8,4461.0,4535.05,423415.0
2023-08-21,28.6,28.72,28.46,28.59,1008.0
2023-08-21,4555.95,4560.0,4498.5,4510.5,244783.0
2023-08-22,4524.8,4524.95,4490.0,4511.65,217446.0
2023-08-22,28.6,28.71,28.53,28.6,4527.0
2023-08-23,4555.0,4555.0,4484.7,4512.45,346764.0
2023-08-23,28.6,28.89,28.57,28.58,1727.0
2023-08-24,28.6,28.94,28.6,28.8,3541.0
2023-08-24,4538.3,4559.5,4515.45,4542.8,357303.0
2023-08-25,28.65,28.68,28.51,28.63,36365.0
2023-08-25,4544.6,4560.05,4506.2,4525.8,333873.0
2023-08-28,28.63,28.84,28.63,28.64,2790.0
2023-08-28,4525.0,4525.8,4485.6,4510.95,343698.0
2023-08-29,28.64,28.79,28.52,28.7,4995.0
2023-08-29,4510.95,4540.0,4486.1,4530.75,340257.0
2023-08-30,4552.95,4558.55,4511.7,4550.8,367571.0
2023-08-30,28.7,28.79,28.64,28.7,3324.0
2023-08-31,28.99,28.99,28.66,28.73,1352.0
2023-08-31,4564.9,4575.0,4442.0,4467.75,874564.0
2023-09-01,28.73,28.99,28.63,28.67,6361.0
2023-09-01,4475.0,4491.95,4426.0,4484.35,383124.0
2023-09-04,28.67,28.98,28.6,28.68,7810.0
2023-09-04,4484.35,4511.0,4449.75,4507.2,394391.0
2023-09-05,28.68,28.99,28.66,28.74,5510.0
2023-09-05,4507.2,4539.0,4485.0,4514.95,453349.0
2023-09-06,4520.0,4590.0,4503.05,4569.15,300673.0
2023-09-06,28.68,28.95,28.68,28.75,2082.0
2023-09-07,28.99,28.99,28.63,28.73,9260.0
2023-09-07,4590.0,4590.4,4521.0,4530.7,479124.0
2023-09-08,28.5,28.95,28.5,28.76,3434.0
2023-09-08,4540.7,4548.6,4513.8,4540.5,278293.0
2023-09-11,28.76,29.85,28.55,28.74,7919.0
2023-09-11,4540.9,4574.0,4540.0,4568.55,302448.0
2023-09-12,28.74,29.25,28.74,28.77,4134.0
2023-09-12,4568.55,4574.4,4508.9,4567.15,321129.0
2023-09-13,4567.15,4630.45,4549.1,4608.25,435792.0
2023-09-13,28.95,28.95,28.75,28.78,5908.0
2023-09-14,28.75,28.94,28.75,28.79,8318.0
2023-09-14,4619.0,4631.95,4552.65,4574.35,473085.0
2023-09-15,28.77,29.27,28.77,28.8,2641.0
2023-09-15,4583.0,4589.25,4518.6,4532.85,408326.0
2023-09-18,28.8,29.0,28.56,28.92,3480.0
2023-09-18,4540.0,4603.0,4520.0,4596.2,304844.0
2023-09-20,28.92,28.92,28.74,28.82,2161.0
2023-09-20,4596.2,4597.0,4507.7,4527.4,357295.0
2023-09-21,28.82,28.99,28.82,28.91,2615.0
2023-09-21,4520.0,4565.7,4478.0,4558.55,367638.0
2023-09-22,4558.55,4572.0,4510.0,4564.65,210753.0
2023-09-22,28.85,29.25,28.82,28.96,3850.0
2023-09-25,28.99,28.99,28.27,28.88,3276.0
2023-09-25,4574.05,4585.0,4510.55,4570.05,498354.0
2023-09-26,28.88,29.0,28.86,28.88,3112.0
2023-09-26,4570.25,4609.0,4549.45,4600.15,330231.0
2023-09-27,28.87,29.29,28.87,28.89,6583.0
2023-09-27,4601.2,4634.05,4569.0,4627.35,358156.0
2023-09-28,28.92,29.24,28.92,28.94,1399.0
2023-09-28,4627.35,4634.3,4505.05,4524.55,390490.0
2023-09-29,4555.0,4560.45,4501.55,4537.15,230125.0
2023-09-29,28.94,29.19,28.66,28.94,9133.0
2023-10-03,28.85,29.45,28.85,28.96,6991.0
2023-10-03,4524.8,4553.25,4486.6,4495.45,543482.0
2023-10-04,28.96,29.39,28.82,28.97,5876.0
2023-10-04,4490.0,4540.0,4466.75,4532.5,318564.0
2023-10-05,28.97,29.29,28.97,28.99,5571.0
2023-10-05,4540.25,4548.2,4500.0,4533.9,302015.0
2023-10-06,29.0,29.29,28.99,29.0,4334.0
2023-10-06,4533.85,4549.45,4515.0,4538.45,238131.0
2023-10-09,29.0,29.19,28.56,29.0,6721.0
2023-10-09,4511.0,4535.0,4493.5,4522.5,255764.0
2023-10-10,4522.2,4541.95,4503.0,4529.95,222750.0
2023-10-10,28.95,29.19,28.95,29.03,6092.0
2023-10-11,29.03,29.2,28.61,29.07,6087.0
2023-10-11,4522.0,4568.95,4520.65,4554.95,368192.0
2023-10-12,29.0,29.2,29.0,29.06,4081.0
2023-10-12,4582.0,4591.6,4531.0,4560.75,518582.0
2023-10-13,29.06,29.45,28.55,29.01,34819.0
2023-10-13,4550.0,4582.0,4515.0,4574.7,445822.0
2023-10-16,29.01,29.4,29.01,29.29,33752.0
2023-10-16,4559.95,4591.45,4555.0,4586.05,292118.0
2023-10-17,4586.2,4609.9,4562.2,4600.35,196669.0
2023-10-17,29.09,29.39,29.09,29.22,5180.0
2023-10-18,29.0,29.28,29.0,29.12,2570.0
2023-10-18,4605.0,4623.0,4586.25,4607.7,217179.0
2023-10-19,29.0,29.22,28.67,29.2,2386.0
2023-10-19,4600.05,4616.0,4561.7,4602.45,228881.0
2023-10-20,29.01,29.25,29.01,29.16,2790.0
2023-10-20,4603.0,4608.0,4558.75,4580.0,351045.0
2023-10-23,29.16,29.16,29.12,29.12,2022.0
2023-10-23,4572.7,4600.0,4516.35,4530.6,203004.0
2023-10-25,29.12,29.37,29.12,29.14,3254.0
2023-10-25,4470.0,4585.6,4470.0,4533.75,330082.0
2023-10-26,4517.6,4524.8,4476.75,4507.8,488909.0
2023-10-26,29.0,29.25,28.9,29.14,2899.0
2023-10-27,28.92,29.34,28.92,29.14,4045.0
2023-10-27,4512.0,4544.0,4491.0,4514.3,382794.0
2023-10-30,29.14,29.34,29.14,29.16,2844.0
2023-10-30,4500.0,4508.7,4441.0,4461.6,450526.0
2023-10-31,29.16,29.33,29.16,29.17,2029.0
2023-10-31,4460.1,4479.75,4401.9,4426.5,504625.0
2023-11-01,29.17,29.33,29.16,29.16,3566.0
2023-11-01,4442.6,4456.0,4347.7,4397.3,395359.0
2023-11-02,4512.1,4568.8,4454.25,4527.25,822845.0
2023-11-02,29.16,29.24,29.16,29.18,2682.0
2023-11-03,29.18,29.33,28.81,29.19,13497.0
2023-11-03,4528.0,4582.4,4524.15,4539.55,335012.0
2023-11-06,29.09,29.31,29.09,29.2,2879.0
2023-11-06,4554.9,4628.15,4546.05,4623.6,205763.0
2023-11-07,29.2,29.34,29.1,29.21,2526.0
2023-11-07,4610.1,4670.0,4590.85,4655.2,282612.0
2023-11-08,29.21,29.34,29.21,29.22,1495.0
2023-11-08,4670.95,4686.5,4650.5,4670.6,385727.0
2023-11-09,4670.6,4685.5,4630.5,4652.1,208210.0
2023-11-09,29.22,29.4,29.03,29.23,3203.0
2023-11-10,4657.45,4685.85,4621.0,4681.95,142336.0
2023-11-10,29.23,29.3,29.23,29.24,2821.0
2023-11-12,29.0,29.39,29.0,29.36,537.0
2023-11-12,4694.65,4699.0,4660.05,4676.6,23883.0
2023-11-13,29.36,29.36,29.25,29.26,8605.0
2023-11-13,4662.3,4703.15,4644.0,4696.35,260394.0
2023-11-15,29.26,29.4,29.11,29.27,3244.0
2023-11-15,4723.0,4725.0,4667.4,4710.8,269650.0
2023-11-16,29.27,29.4,29.21,29.23,4169.0
2023-11-16,4710.0,4729.0,4679.6,4702.1,178375.0
2023-11-17,29.24,29.38,29.24,29.26,2731.0
2023-11-17,4703.0,4745.6,4690.1,4718.3,138652.0
2023-11-20,4691.25,4739.45,4690.9,4712.0,126069.0
2023-11-20,29.26,29.39,29.2,29.26,2471.0
2023-11-21,29.26,29.39,29.2,29.28,2038.0
2023-11-21,4730.0,4730.0,4665.0,4699.75,129602.0
2023-11-22,29.28,29.4,29.21,29.29,2970.0
2023-11-22,4709.9,4712.85,4662.75,4694.2,72533.0
2023-11-23,29.29,29.4,28.86,29.27,9203.0
2023-11-23,4699.0,4710.95,4678.95,4705.8,109775.0
2023-11-24,29.3,29.38,29.25,29.3,2279.0
2023-11-24,4705.8,4715.0,4640.5,4644.15,123628.0
2023-11-28,4632.25,4722.9,4626.0,4713.45,182790.0
2023-11-28,29.2,29.4,29.1,29.32,2024.0
2023-11-29,29.32,29.4,29.26,29.33,3738.0
2023-11-29,4715.95,4832.1,4701.4,4803.65,363702.0
2023-11-30,29.33,29.4,29.3,29.36,2661.0
2023-11-30,4815.0,4875.95,4797.5,4852.65,961054.0
2023-12-01,29.13,29.37,29.13,29.34,1413.0
2023-12-01,4873.0,4984.0,4860.05,4970.75,485597.0
2023-12-04,29.15,29.38,29.15,29.25,3077.0
2023-12-04,4990.0,4994.95,4915.0,4937.75,310152.0
2023-12-05,4937.75,4975.0,4933.0,4948.4,280497.0
2023-12-05,29.25,29.4,29.25,29.29,3192.0
2023-12-06,29.29,29.4,29.16,29.31,3271.0
2023-12-06,4953.0,5022.7,4952.3,5003.15,295686.0
2023-12-07,29.31,29.4,29.2,29.31,1621.0
2023-12-07,5003.15,5025.0,4963.15,5016.0,268095.0
2023-12-08,29.21,29.33,29.21,29.32,10718.0
2023-12-08,5024.0,5060.0,4931.0,4942.2,282713.0
2023-12-11,29.3,29.36,29.22,29.3,4024.0
2023-12-11,4959.9,4974.5,4900.05,4944.15,147976.0
2023-12-12,4968.0,4971.45,4875.0,4903.05,184238.0
2023-12-12,29.3,29.4,29.22,29.29,3403.0
2023-12-13,29.3,29.4,29.22,29.26,11763.0
2023-12-13,4910.0,4928.0,4860.0,4919.3,153558.0
2023-12-14,29.26,29.4,29.24,29.26,2909.0
2023-12-14,4932.2,4965.0,4897.0,4946.65,174503.0
2023-12-15,29.26,29.4,29.25,29.26,3400.0
2023-12-15,4938.0,4969.85,4880.5,4913.9,216579.0
2023-12-18,29.26,29.95,29.2,29.33,13385.0
2023-12-18,4913.85,4925.5,4837.05,4879.5,223278.0
2023-12-19,4891.35,4927.45,4858.7,4911.25,200718.0
2023-12-19,29.23,29.5,29.23,29.33,12383.0
2023-12-20,29.33,29.4,29.26,29.37,7870.0
2023-12-20,4920.0,5051.95,4916.0,4954.95,457942.0
2023-12-21,4930.0,5113.3,4877.55,5059.6,796081.0
2023-12-21,29.15,29.5,29.15,29.34,3492.0
2023-12-22,5075.0,5183.7,5050.05,5161.1,582688.0
2023-12-22,29.24,29.35,29.24,29.31,1194.0
2023-12-26,5155.0,5244.5,5146.0,5235.95,574310.0
2023-12-26,29.31,29.95,29.31,29.37,3401.0
2023-12-27,5242.0,5245.0,5160.0,5216.8,241944.0
2023-12-27,29.95,29.95,29.35,29.38,5254.0
2023-12-28,5224.95,5338.65,5186.75,5282.0,655367.0
2023-12-28,29.29,29.63,29.29,29.44,3319.0
2023-12-29,5260.55,5386.05,5238.65,5338.45,535691.0
2023-12-29,29.28,29.6,29.28,29.42,8987.0
2024-01-01,29.42,29.67,29.41,29.51,2536.0
2024-01-01,5339.0,5349.9,5290.0,5319.8,130032.0
