date,open,high,low,close,volume
2018-01-01,1090.99,1091.0,1090.99,1091.0,145.0
2018-01-01,1150.0,1150.0,1132.0,1132.0,51.0
2018-01-01,1110.05,1144.9,1110.05,1144.9,109.0
2018-01-01,1317.99,1317.99,1317.99,1317.99,1.0
2018-01-01,13.6,13.7,13.6,13.69,27309.0
2018-01-01,177.05,177.35,175.7,176.55,5574802.0
2018-01-02,1160.0,1175.0,1160.0,1170.0,1158.0
2018-01-02,1133.0,1133.0,1133.0,1133.0,100.0
2018-01-02,1148.0,1148.0,1080.0,1080.0,148.0
2018-01-02,1295.99,1295.99,1284.99,1284.99,106.0
2018-01-02,13.0,13.7,13.0,13.63,27306.0
2018-01-02,176.8,179.25,176.55,178.9,8476281.0
2018-01-03,13.61,13.74,13.61,13.66,62331.0
2018-01-03,179.5,180.3,176.75,177.05,10341665.0
2018-01-03,1132.99,1133.0,1125.01,1125.01,142.0
2018-01-03,1295.99,1295.99,1261.63,1261.63,2.0
2018-01-04,1139.99,1140.0,1121.01,1140.0,259.0
2018-01-04,1295.99,1295.99,1266.13,1266.13,19.0
2018-01-04,13.62,13.7,13.62,13.66,24141.0
2018-01-04,177.45,177.9,176.55,177.1,7260268.0
2018-01-05,13.63,13.75,13.63,13.68,52658.0
2018-01-05,177.3,178.25,176.5,177.5,10359225.0
2018-01-05,1294.99,1294.99,1265.0,1270.0,1604.0
2018-01-08,1073.55,1073.55,1073.55,1073.55,1.0
2018-01-08,1285.0,1285.0,1270.0,1279.97,133.0
2018-01-08,1150.0,1160.0,1149.99,1159.29,938.0
2018-01-08,1125.05,1145.0,1125.05,1145.0,8.0
2018-01-08,13.65,13.72,13.65,13.69,29570.0
2018-01-08,177.6,178.5,176.9,177.65,6075105.0
2018-01-09,1126.05,1126.05,1126.0,1126.02,77.0
2018-01-09,177.9,178.4,175.75,176.7,6557247.0
2018-01-09,1170.0,1170.0,1170.0,1170.0,354.0
2018-01-09,13.65,13.7,13.65,13.67,26823.0
2018-01-09,1074.04,1074.05,1074.04,1074.05,4.0
2018-01-09,1172.0,1172.0,1172.0,1172.0,20.0
2018-01-09,1275.0,1277.0,1275.0,1277.0,793.0
2018-01-10,1150.2,1210.0,1150.2,1190.0,79.0
2018-01-10,1073.0,1095.0,1073.0,1095.0,62.0
2018-01-10,1277.0,1284.9,1277.0,1277.0,182.0
2018-01-10,1126.0,1126.0,1126.0,1126.0,30.0
2018-01-10,13.65,13.75,13.65,13.68,31524.0
2018-01-10,176.2,176.8,173.4,173.95,8197173.0
2018-01-11,1285.0,1298.0,1285.0,1298.0,22.0
2018-01-11,1175.0,1175.0,1145.0,1145.0,124.0
2018-01-11,13.65,13.75,13.65,13.69,41394.0
2018-01-11,1150.35,1150.35,1150.35,1150.35,47.0
2018-01-11,174.0,174.9,173.0,173.5,5536143.0
2018-01-12,173.7,174.1,171.8,172.5,6974418.0
2018-01-12,1150.35,1165.0,1150.35,1153.85,333.0
2018-01-12,13.65,13.75,13.65,13.65,45784.0
2018-01-12,1078.0,1078.0,1078.0,1078.0,8.0
2018-01-12,1158.0,1158.0,1158.0,1158.0,100.0
2018-01-12,1295.99,1295.99,1277.0,1277.0,512.0
2018-01-15,1120.01,1120.01,1120.0,1120.0,400.0
2018-01-15,1295.99,1295.99,1280.0,1280.0,194.0
2018-01-15,13.6,13.7,13.6,13.62,48936.0
2018-01-15,173.0,175.4,171.8,172.95,4553198.0
2018-01-16,173.6,174.6,170.6,173.25,8448334.0
2018-01-16,13.6,13.69,13.6,13.6,35405.0
2018-01-16,1078.0,1099.0,1078.0,1097.89,34.0
2018-01-16,1292.79,1292.79,1270.0,1270.0,339.0
2018-01-17,1105.6,1105.6,1105.6,1105.6,1.0
2018-01-17,1275.0,1275.0,1275.0,1275.0,59.0
2018-01-17,13.6,13.67,13.6,13.64,55407.0
2018-01-17,1156.0,1156.0,1156.0,1156.0,47.0
2018-01-17,173.2,174.85,170.85,174.25,6330277.0
2018-01-18,1156.0,1156.15,1156.0,1156.1,172.0
2018-01-18,174.85,174.85,171.65,172.15,6900318.0
2018-01-18,13.6,13.7,13.6,13.62,45253.0
2018-01-18,1120.25,1120.25,1120.05,1120.05,157.0
2018-01-18,1287.99,1287.99,1270.2,1270.2,562.0
2018-01-18,1071.45,1071.45,1071.45,1071.45,78.0
2018-01-19,1199.0,1199.0,1105.6,1150.0,4.0
2018-01-19,1296.6,1296.6,1276.5,1276.54,754.0
2018-01-19,13.6,13.65,13.6,13.61,39545.0
2018-01-19,172.05,173.45,170.2,172.75,3197248.0
2018-01-22,173.0,173.3,171.45,172.4,4518855.0
2018-01-22,1152.25,1152.25,1152.25,1152.25,41.0
2018-01-22,1290.0,1290.0,1278.6,1279.39,200.0
2018-01-22,13.6,13.65,13.6,13.61,29124.0
2018-01-23,1152.0,1180.0,1152.0,1180.0,926.0
2018-01-23,1270.0,1284.0,1268.06,1278.87,662.0
2018-01-23,13.6,13.65,13.6,13.62,70363.0
2018-01-23,1195.5,1195.5,1195.5,1195.5,137.0
2018-01-23,172.1,176.25,172.1,172.7,5398827.0
2018-01-24,172.65,174.7,171.6,174.0,9731185.0
2018-01-24,13.61,13.75,13.6,13.64,91044.0
2018-01-24,1080.0,1080.05,1080.0,1080.05,44.0
2018-01-24,1296.6,1296.6,1275.1,1283.0,1311.0
2018-01-24,1120.05,1120.05,1120.05,1120.05,604.0
2018-01-25,1080.0,1080.0,1080.0,1080.0,18.0
2018-01-25,1296.5,1296.5,1276.0,1276.0,1003.0
2018-01-25,13.6,13.73,13.6,13.64,39161.0
2018-01-25,1156.65,1156.65,1156.6,1156.6,50.0
2018-01-25,173.55,175.5,171.4,171.95,11304494.0
2018-01-29,1293.99,1293.99,1284.0,1287.0,63.0
2018-01-29,13.6,13.74,13.6,13.62,36810.0
2018-01-29,1057.6,1065.0,1042.0,1057.72,514.0
2018-01-29,1156.5,1156.6,1156.5,1156.6,66.0
2018-01-29,172.0,172.75,170.5,171.05,10765685.0
2018-01-30,171.05,172.5,169.8,170.3,7670738.0
2018-01-30,1060.0,1060.0,1060.0,1060.0,9.0
2018-01-30,1156.0,1156.0,1156.0,1156.0,31.0
2018-01-30,1287.0,1287.0,1280.0,1280.18,263.0
2018-01-30,13.6,13.73,13.6,13.61,30188.0
2018-01-31,1200.0,1200.0,1157.12,1157.29,110.0
2018-01-31,1285.0,1285.0,1277.0,1277.0,18.0
2018-01-31,13.61,13.65,13.6,13.6,478710.0
2018-01-31,1065.0,1065.0,1065.0,1065.0,134.0
2018-01-31,170.0,170.95,168.75,170.25,6517115.0
2018-02-01,1285.0,1285.0,1285.0,1285.0,1.0
2018-02-01,1140.0,1140.0,1140.0,1140.0,500.0
2018-02-01,13.57,13.64,13.57,13.59,122250.0
2018-02-01,1155.8,1155.8,1155.5,1155.59,626.0
2018-02-01,169.25,169.8,167.4,169.05,9187297.0
2018-02-02,167.5,168.55,164.8,165.2,4003119.0
2018-02-02,1196.01,1196.01,1195.9,1196.0,850.0
2018-02-02,1150.07,1150.07,1150.07,1150.07,31.0
2018-02-02,1105.01,1140.9,1105.01,1140.9,6.0
2018-02-02,1290.0,1290.0,1270.0,1270.08,97.0
2018-02-02,13.55,13.75,13.45,13.51,114258.0
2018-02-05,1195.0,1195.0,1180.0,1180.0,26.0
2018-02-05,1070.1,1070.1,1070.0,1070.0,18.0
2018-02-05,1268.01,1294.55,1268.01,1281.5,31.0
2018-02-05,1135.0,1135.0,1130.0,1130.0,280.0
2018-02-05,13.5,13.7,13.48,13.51,33099.0
2018-02-05,1150.05,1151.0,1150.05,1151.0,167.0
2018-02-05,162.0,167.4,162.0,166.25,5941662.0
2018-02-06,1270.0,1296.6,1267.06,1271.0,2255.0
2018-02-06,13.46,13.6,13.46,13.54,51438.0
2018-02-06,1160.0,1160.0,1160.0,1160.0,60.0
2018-02-06,162.0,166.0,161.25,165.3,4044285.0
2018-02-07,13.5,13.58,13.5,13.56,25889.0
2018-02-07,1296.0,1296.0,1279.0,1279.0,1050.0
2018-02-07,164.5,166.25,158.85,165.45,9478496.0
2018-02-08,13.52,13.7,13.51,13.58,23861.0
2018-02-08,165.45,165.75,163.0,163.7,6238973.0
2018-02-08,1284.99,1284.99,1274.0,1276.5,934.0
2018-02-08,1070.1,1071.0,1070.0,1071.0,5.0
2018-02-08,1620.0,1620.0,1220.0,1416.0,12.0
2018-02-08,1130.0,1130.0,1130.0,1130.0,1.0
2018-02-09,162.45,164.05,160.5,163.25,3765185.0
2018-02-09,1294.96,1294.96,1271.11,1278.91,781.0
2018-02-09,1149.99,1150.0,1130.0,1130.0,1210.0
2018-02-09,13.58,13.6,13.55,13.57,21649.0
2018-02-09,1230.0,1630.0,1230.0,1630.0,32.0
2018-02-09,1150.0,1150.0,1150.0,1150.0,50.0
2018-02-09,1169.9,1170.0,1169.9,1170.0,500.0
2018-02-09,1145.9,1146.0,1145.9,1146.0,200.0
2018-02-12,1200.0,1416.0,1177.0,1177.0,66.0
2018-02-12,1199.0,1199.0,1199.0,1199.0,250.0
2018-02-12,1295.97,1295.97,1280.0,1280.0,358.0
2018-02-12,13.5,13.65,13.5,13.61,28067.0
2018-02-12,163.8,165.3,162.1,164.9,8722064.0
2018-02-14,13.5,13.64,13.5,13.61,44298.0
2018-02-14,165.0,165.7,162.15,162.95,4101637.0
2018-02-14,1136.0,1164.99,1136.0,1164.99,12.0
2018-02-14,1070.1,1070.1,1070.1,1070.1,1.0
2018-02-14,1320.0,1617.0,1310.0,1600.0,84.0
2018-02-14,1296.39,1296.39,1270.0,1270.0,994.0
2018-02-15,1175.0,1180.0,1175.0,1180.0,598.0
2018-02-15,1280.0,1280.0,1271.9,1271.9,1514.0
2018-02-15,1164.99,1164.99,1164.99,1164.99,180.0
2018-02-15,13.75,13.75,13.56,13.64,104185.0
2018-02-15,163.45,164.35,162.65,163.2,2151637.0
2018-02-16,163.5,163.8,162.05,162.8,6117270.0
2018-02-16,1180.0,1180.0,1157.25,1157.25,63.0
2018-02-16,1280.0,1280.0,1271.01,1271.24,305.0
2018-02-16,13.6,13.65,13.6,13.63,23826.0
2018-02-19,13.6,13.67,13.6,13.64,35600.0
2018-02-19,163.35,163.65,161.45,162.9,2195735.0
2018-02-19,1117.01,1117.01,1117.01,1117.01,16.0
2018-02-19,1272.0,1272.0,1272.0,1272.0,1.0
2018-02-20,1150.0,1150.0,1150.0,1150.0,15.0
2018-02-20,1075.03,1080.0,1075.03,1077.51,2.0
2018-02-20,1179.9,1257.25,1179.9,1257.25,283.0
2018-02-20,13.6,13.69,13.6,13.63,31773.0
2018-02-20,162.35,165.1,162.1,164.2,5188315.0
2018-02-21,1150.0,1150.0,1150.0,1150.0,200.0
2018-02-21,1090.0,1090.0,1090.0,1090.0,14.0
2018-02-21,1272.0,1274.9,1269.11,1269.11,585.0
2018-02-21,1159.99,1159.99,1145.0,1145.0,180.0
2018-02-21,13.55,13.65,13.55,13.64,48427.0
2018-02-21,1177.6,1177.6,1177.6,1177.6,3.0
2018-02-21,165.0,165.0,161.5,162.3,7763625.0
2018-02-22,161.9,162.3,160.15,160.75,4945614.0
2018-02-22,1289.94,1289.94,1269.45,1269.45,7.0
2018-02-22,13.6,13.65,13.6,13.61,13884.0
2018-02-22,1140.01,1140.01,1140.01,1140.01,16.0
2018-02-22,1073.28,1073.28,1073.28,1073.28,5.0
2018-02-23,1120.0,1120.0,1120.0,1120.0,1000.0
2018-02-23,1180.0,1180.0,1151.2,1156.62,153.0
2018-02-23,1271.05,1271.05,1262.55,1267.7,1123.0
2018-02-23,13.6,13.65,13.6,13.63,54595.0
2018-02-23,1181.0,1181.0,1181.0,1181.0,137.0
2018-02-23,161.05,164.0,160.85,163.55,3809344.0
2018-02-26,163.6,163.65,161.5,162.95,2905593.0
2018-02-26,1170.0,1170.0,1150.2,1150.2,31.0
2018-02-26,13.6,13.65,13.6,13.64,37752.0
2018-02-26,1105.0,1110.05,1105.0,1110.05,167.0
2018-02-26,1139.0,1139.0,1139.0,1139.0,7.0
2018-02-26,1273.99,1273.99,1268.95,1269.5,220.0
2018-02-26,1225.0,1250.0,1225.0,1250.0,2.0
2018-02-26,1115.0,1138.0,1115.0,1138.0,10.0
2018-02-27,164.0,166.0,162.55,165.55,3204111.0
2018-02-27,1160.0,1160.0,1153.1,1153.1,217.0
2018-02-27,13.61,13.69,13.61,13.62,98726.0
2018-02-27,1195.0,1195.0,1195.0,1195.0,100.0
2018-02-27,1270.0,1273.29,1268.5,1273.29,205.0
2018-02-27,1138.0,1138.0,1138.0,1138.0,16.0
2018-02-27,1140.1,1148.0,1140.1,1148.0,72.0
2018-02-28,1650.0,1650.0,1300.0,1301.0,41.0
2018-02-28,1274.98,1274.98,1272.89,1272.89,42.0
2018-02-28,13.65,13.65,13.57,13.63,71533.0
2018-02-28,164.0,165.2,162.55,163.25,4381524.0
2018-03-01,1273.5,1273.5,1267.0,1267.48,210.0
2018-03-01,1120.01,1120.01,1120.01,1120.01,1.0
2018-03-01,1120.0,1120.0,1120.0,1120.0,68.0
2018-03-01,13.6,13.64,13.58,13.61,19445.0
2018-03-01,1160.0,1160.0,1160.0,1160.0,11.0
2018-03-01,163.7,163.75,162.0,163.0,2146760.0
2018-03-05,161.5,165.1,160.05,163.3,3287892.0
2018-03-05,1135.12,1160.0,1135.1,1160.0,47.0
2018-03-05,13.6,13.7,13.55,13.64,31350.0
2018-03-05,1267.9,1267.9,1265.0,1265.0,202.0
2018-03-05,1250.0,1550.0,1250.0,1550.0,56.0
2018-03-05,1125.0,1125.0,1125.0,1125.0,2.0
2018-03-06,1180.0,1180.0,1180.0,1180.0,100.0
2018-03-06,1280.0,1287.94,1275.0,1287.94,439.0
2018-03-06,1100.1,1340.0,1100.1,1150.0,233.0
2018-03-06,13.56,13.64,13.56,13.61,28842.0
2018-03-06,164.3,164.95,162.2,163.35,5114754.0
2018-03-07,1284.98,1284.98,1275.0,1275.0,8.0
2018-03-07,1150.0,1150.0,1150.0,1150.0,50.0
2018-03-07,13.46,13.64,13.46,13.61,21777.0
2018-03-07,163.0,164.7,161.9,163.5,2609001.0
2018-03-08,164.0,166.0,162.25,165.3,4538911.0
2018-03-08,1295.97,1295.97,1266.0,1293.8,112.0
2018-03-08,13.6,13.69,13.58,13.63,58087.0
2018-03-08,1071.4,1071.4,1071.4,1071.4,78.0
2018-03-08,1121.01,1125.01,1121.01,1125.01,1585.0
2018-03-09,1296.59,1296.59,1271.0,1271.0,16.0
2018-03-09,1115.05,1115.1,1115.05,1115.1,61.0
2018-03-09,13.5,13.5,12.58,12.68,60367.0
2018-03-09,165.1,165.3,162.55,164.4,3737738.0
2018-03-12,12.65,12.66,12.53,12.61,46638.0
2018-03-12,1128.07,1200.0,1122.6,1124.32,1327.0
2018-03-12,1070.2,1070.2,1070.1,1070.1,157.0
2018-03-12,1298.98,1298.98,1270.0,1270.0,157.0
2018-03-12,1120.0,1120.0,1120.0,1120.0,66.0
2018-03-12,1150.0,1150.0,1150.0,1150.0,1.0
2018-03-12,164.8,172.75,164.1,171.15,2911168.0
2018-03-13,169.4,170.75,167.3,169.4,3126930.0
2018-03-13,1160.0,1164.0,1160.0,1164.0,357.0
2018-03-13,1153.99,1175.0,1153.99,1175.0,1730.0
2018-03-13,1271.0,1291.98,1265.52,1272.09,1227.0
2018-03-13,1175.0,1230.0,1126.01,1230.0,3.0
2018-03-13,12.5,12.65,12.5,12.63,37847.0
2018-03-13,1076.28,1076.38,1076.28,1076.38,28.0
2018-03-14,12.6,12.7,12.6,12.61,27862.0
2018-03-14,1288.0,1288.0,1275.0,1285.0,102.0
2018-03-14,1160.0,1165.0,1160.0,1165.0,270.0
2018-03-14,169.3,170.15,168.15,169.7,3707403.0
2018-03-15,12.61,12.75,12.6,12.62,31419.0
2018-03-15,1250.0,1250.0,1160.25,1160.64,871.0
2018-03-15,1095.0,1095.0,1089.99,1090.0,29.0
2018-03-15,1287.98,1287.98,1287.98,1287.98,9.0
2018-03-15,1135.0,1143.0,1135.0,1139.0,2.0
2018-03-15,169.0,170.15,167.3,169.9,3652747.0
2018-03-16,1160.5,1160.5,1156.0,1156.0,100.0
2018-03-16,167.8,169.45,163.65,164.85,12378708.0
2018-03-16,1139.0,1139.0,1125.23,1127.2,1000.0
2018-03-16,1089.99,1090.0,1089.99,1090.0,200.0
2018-03-16,1288.0,1288.5,1284.0,1286.9,158.0
2018-03-16,12.6,12.69,12.6,12.63,40658.0
2018-03-19,12.63,12.72,12.6,12.63,45105.0
2018-03-19,1090.0,1099.99,1090.0,1099.99,190.0
2018-03-19,1110.05,1113.1,1110.05,1110.5,28.0
2018-03-19,1184.99,1184.99,1184.99,1184.99,40.0
2018-03-19,165.0,167.9,163.65,167.0,5021670.0
2018-03-20,12.6,12.69,12.6,12.64,19202.0
2018-03-20,1100.0,1100.0,1100.0,1100.0,30.0
2018-03-20,1275.0,1275.0,1270.0,1270.48,285.0
2018-03-20,1169.99,1169.99,1169.99,1169.99,5.0
2018-03-20,1111.15,1111.15,1111.1,1111.11,156.0
2018-03-20,166.4,167.3,164.65,166.4,3150362.0
2018-03-21,1156.4,1157.0,1156.4,1157.0,330.0
2018-03-21,167.5,170.85,165.65,170.35,5721685.0
2018-03-21,12.6,12.73,12.6,12.69,59890.0
2018-03-21,1133.0,1169.99,1133.0,1133.0,69.0
2018-03-22,12.64,12.7,12.64,12.68,54763.0
2018-03-22,1090.0,1090.0,1075.55,1075.55,158.0
2018-03-22,1254.08,1254.08,1254.08,1254.08,4015.0
2018-03-22,1133.0,1133.0,1133.0,1133.0,53.0
2018-03-22,169.0,171.2,168.5,170.95,3726928.0
2018-03-23,168.9,171.8,168.3,170.05,9023161.0
2018-03-23,1120.01,1120.01,1120.01,1120.01,54.0
2018-03-23,1279.99,1279.99,1275.0,1275.0,128.0
2018-03-23,12.0,12.7,12.0,12.67,44301.0
2018-03-23,1100.0,1100.0,1090.0,1090.0,52.0
2018-03-26,1170.0,1170.0,1170.0,1170.0,1000.0
2018-03-26,12.63,12.67,12.63,12.65,580782.0
2018-03-26,1288.0,1288.5,1288.0,1288.0,4.0
2018-03-26,1185.0,1185.0,1185.0,1185.0,1000.0
2018-03-26,169.95,171.0,168.75,169.85,5500046.0
2018-03-27,170.25,171.5,168.45,171.05,3496078.0
2018-03-27,1288.0,1299.99,1286.0,1286.0,506.0
2018-03-27,1170.0,1170.0,1155.04,1169.93,358.0
2018-03-27,12.6,12.75,12.6,12.7,43952.0
2018-03-28,12.65,12.79,12.64,12.74,81751.0
2018-03-28,1080.0,1080.0,1080.0,1080.0,1.0
2018-03-28,1242.0,1242.0,1241.01,1242.0,3.0
2018-03-28,1288.0,1298.0,1288.0,1298.0,8.0
2018-03-28,1111.3,1111.3,1111.3,1111.3,54.0
2018-03-28,1158.1,1158.1,1155.33,1158.05,206.0
2018-03-28,170.7,171.0,166.45,169.7,8449015.0
2018-04-02,169.9,170.85,168.1,170.4,2805938.0
2018-04-02,1072.01,1072.01,1072.0,1072.0,3747.0
2018-04-02,1115.05,1115.05,1115.05,1115.05,7.0
2018-04-02,12.65,12.81,12.65,12.8,32909.0
2018-04-02,1075.33,1075.33,1075.33,1075.33,7.0
2018-04-02,1160.0,1173.0,1160.0,1172.86,200.0
2018-04-02,1288.0,1291.0,1288.0,1290.98,96.0
2018-04-03,1126.01,1174.0,1126.01,1132.01,420.0
2018-04-03,170.8,171.9,168.6,169.35,3717328.0
2018-04-03,1161.05,1165.7,1161.0,1161.05,486.0
2018-04-03,1224.0,1224.0,1200.01,1200.01,20.0
2018-04-03,1288.0,1289.5,1287.0,1287.0,230.0
2018-04-03,1145.0,1145.0,1145.0,1145.0,5.0
2018-04-03,1399.0,1399.0,1326.0,1326.0,20.0
2018-04-03,1074.1,1075.0,1074.1,1075.0,16.0
2018-04-03,1230.0,1230.0,1230.0,1230.0,1.0
2018-04-03,12.81,12.89,12.81,12.86,25980.0
2018-04-04,1288.0,1289.94,1288.0,1289.9,101.0
2018-04-04,12.8,12.89,12.8,12.83,21602.0
2018-04-04,1075.0,1091.0,1075.0,1080.05,369.0
2018-04-04,169.15,169.35,165.5,166.55,3331860.0
2018-04-05,167.0,169.75,166.8,168.95,3263955.0
2018-04-05,1160.0,1160.0,1160.0,1160.0,1754.0
2018-04-05,12.9,12.9,12.83,12.89,22378.0
2018-04-05,1108.8,1108.8,1105.0,1105.0,250.0
2018-04-05,1282.0,1282.0,1282.0,1282.0,19.0
2018-04-06,12.85,12.9,12.8,12.87,18126.0
2018-04-06,1106.0,1106.0,1106.0,1106.0,153.0
2018-04-06,1122.0,1160.0,1122.0,1150.16,137.0
2018-04-06,1280.0,1349.9,1280.0,1296.2,329.0
2018-04-06,168.4,170.0,167.15,169.45,2612270.0
2018-04-09,169.0,170.45,168.45,169.65,3275669.0
2018-04-09,1121.05,1121.05,1121.05,1121.05,31.0
2018-04-09,1157.0,1163.0,1150.0,1150.0,140.0
2018-04-09,12.8,12.94,12.8,12.89,51621.0
2018-04-09,1106.0,1106.0,1080.16,1080.16,77.0
2018-04-09,1160.0,1184.8,1160.0,1165.1,42.0
2018-04-09,1296.0,1296.0,1285.0,1285.14,353.0
2018-04-10,1306.0,1313.0,1287.0,1300.0,1449.0
2018-04-10,169.9,170.4,168.15,168.4,2172698.0
2018-04-10,1122.2,1122.2,1122.2,1122.2,16.0
2018-04-10,1080.4,1080.4,1080.4,1080.4,16.0
2018-04-10,12.87,13.0,12.87,12.94,34004.0
2018-04-10,1162.0,1162.0,1162.0,1162.0,45.0
2018-04-11,12.95,12.99,12.93,12.95,12299.0
2018-04-11,1162.0,1162.0,1162.0,1162.0,367.0
2018-04-11,1309.93,1309.93,1295.0,1295.0,183.0
2018-04-11,169.3,170.6,167.7,168.5,5656579.0
2018-04-12,168.1,169.85,167.35,169.5,5722517.0
2018-04-12,1188.6,1188.6,1167.2,1188.0,132.0
2018-04-12,12.9,12.99,12.9,12.95,51510.0
2018-04-12,1311.0,1311.0,1306.99,1306.99,37.0
2018-04-13,1307.99,1307.99,1285.0,1285.0,193.0
2018-04-13,169.6,171.7,169.15,170.95,2902637.0
2018-04-13,13.0,13.23,12.95,13.15,99789.0
2018-04-13,1162.0,1162.0,1162.0,1162.0,3.0
2018-04-16,1180.0,1180.0,1180.0,1180.0,313.0
2018-04-16,1240.0,1476.0,1121.6,1141.1,58.0
2018-04-16,1090.2,1090.35,1090.2,1090.35,32.0
2018-04-16,13.0,13.34,13.0,13.02,45198.0
2018-04-16,1311.0,1311.99,1285.11,1285.11,33.0
2018-04-16,169.6,174.9,169.6,174.1,3078790.0
2018-04-17,174.45,177.8,174.1,176.95,5582697.0
2018-04-17,1285.16,1303.0,1285.16,1303.0,350.0
2018-04-17,12.91,13.05,12.91,13.02,32885.0
2018-04-17,1278.0,1278.0,1278.0,1278.0,10.0
2018-04-17,1369.0,1369.0,1136.0,1142.1,3.0
2018-04-17,1189.4,1189.5,1189.4,1189.5,265.0
2018-04-17,1090.25,1090.3,1090.25,1090.3,87.0
2018-04-18,176.5,180.0,176.35,178.55,4124162.0
2018-04-18,1137.15,1150.0,1137.15,1150.0,158.0
2018-04-18,1303.0,1310.94,1303.0,1310.93,36.0
2018-04-18,1189.5,1220.0,1189.5,1219.69,100.0
2018-04-18,1092.55,1092.61,1092.55,1092.58,2.0
2018-04-18,1075.15,1248.8,1075.15,1248.8,200.0
2018-04-18,12.95,13.08,12.95,13.05,24577.0
2018-04-19,1093.12,1093.12,1093.12,1093.12,31.0
2018-04-19,13.0,13.06,12.97,12.98,25843.0
2018-04-19,1299.99,1300.0,1287.0,1287.0,181.0
2018-04-19,1140.0,1140.0,1140.0,1140.0,78.0
2018-04-19,179.0,179.6,177.0,177.55,2617699.0
2018-04-20,177.95,177.95,173.25,174.35,2913239.0
2018-04-20,1180.0,1180.0,1180.0,1180.0,200.0
2018-04-20,12.91,13.04,12.91,13.01,19917.0
2018-04-20,1196.95,1196.95,1196.95,1196.95,210.0
2018-04-20,1311.0,1324.98,1302.0,1302.0,177.0
2018-04-23,1196.99,1197.0,1195.99,1197.0,190.0
2018-04-23,174.05,175.5,173.15,173.6,2974188.0
2018-04-23,12.96,13.04,12.96,12.98,24760.0
2018-04-23,1311.0,1319.7,1310.0,1319.7,12.0
2018-04-24,173.55,174.65,172.1,172.85,1669647.0
2018-04-24,1197.0,1197.0,1197.0,1197.0,50.0
2018-04-24,1319.7,1319.7,1302.0,1302.0,96.0
2018-04-24,1111.0,1111.0,1111.0,1111.0,381.0
2018-04-24,1092.27,1092.27,1092.27,1092.27,1.0
2018-04-24,13.0,13.0,12.93,12.93,577947.0
2018-04-25,12.95,12.95,12.7,12.73,477446.0
2018-04-25,1321.0,1321.6,1290.0,1290.0,1680.0
2018-04-25,1197.0,1197.0,1180.0,1180.0,35.0
2018-04-25,172.8,172.85,169.5,171.85,4520117.0
2018-04-26,12.7,12.84,12.7,12.77,814393.0
2018-04-26,172.65,173.85,169.55,172.0,4456282.0
2018-04-27,12.8,12.83,12.75,12.81,154187.0
2018-04-27,1220.0,1220.0,1220.0,1220.0,5.0
2018-04-27,1093.0,1102.0,1093.0,1102.0,282.0
2018-04-27,1319.69,1319.69,1319.69,1319.69,3.0
2018-04-27,172.6,172.75,169.4,170.75,7772540.0
2018-04-30,171.2,173.15,169.8,172.15,1908456.0
2018-04-30,1319.59,1319.59,1319.59,1319.59,10.0
2018-04-30,1092.12,1092.12,1092.12,1092.12,10.0
2018-04-30,12.61,12.9,12.61,12.85,12718.0
2018-05-02,12.95,12.95,12.78,12.86,27262.0
2018-05-02,1180.95,1189.99,1168.01,1189.99,335.0
2018-05-02,1318.69,1318.69,1309.69,1309.69,108.0
2018-05-02,172.75,172.75,169.8,170.4,2175321.0
2018-05-03,1237.0,1237.0,1232.7,1234.15,28075.0
2018-05-03,12.85,12.86,12.79,12.81,18856.0
2018-05-03,1096.06,1096.06,1096.06,1096.06,63.0
2018-05-03,1185.0,1195.0,1185.0,1195.0,600.0
2018-05-03,1320.99,1320.99,1310.0,1310.0,2.0
2018-05-03,170.75,176.2,170.05,174.3,2957534.0
2018-05-04,174.2,174.2,170.6,170.9,2809413.0
2018-05-04,1195.0,1195.0,1195.0,1195.0,30.0
2018-05-04,1320.98,1320.98,1320.98,1320.98,7.0
2018-05-04,1220.0,1220.0,1170.2,1170.2,27.0
2018-05-04,12.7,12.99,12.7,12.81,18715.0
2018-05-07,12.8,12.85,12.78,12.8,131122.0
2018-05-07,1194.0,1194.0,1194.0,1194.0,15.0
2018-05-07,1328.99,1328.99,1290.0,1290.0,117.0
2018-05-07,171.15,172.3,170.0,170.5,4852946.0
2018-05-08,1170.01,1170.01,1170.01,1170.01,156.0
2018-05-08,12.8,12.82,12.79,12.79,45559.0
2018-05-08,1175.01,1175.02,1175.0,1175.01,410.0
2018-05-08,1319.58,1319.58,1319.58,1319.58,1.0
2018-05-08,171.05,172.0,170.25,171.4,2878281.0
2018-05-09,170.55,172.4,169.9,170.4,9107260.0
2018-05-09,1095.0,1095.0,1095.0,1095.0,5.0
2018-05-09,1175.0,1175.0,1175.0,1175.0,190.0
2018-05-09,12.75,12.8,12.75,12.78,516935.0
2018-05-09,1219.0,1219.0,1219.0,1219.0,50.0
2018-05-10,12.76,12.8,12.75,12.77,42066.0
2018-05-10,1320.0,1320.0,1300.0,1300.0,105.0
2018-05-10,171.4,171.7,167.85,168.5,8203492.0
2018-05-11,1093.45,1247.7,1093.45,1247.7,400.0
2018-05-11,12.77,12.8,12.76,12.78,19288.0
2018-05-11,1159.95,1159.95,1159.95,1159.95,150.0
2018-05-11,1320.99,1320.99,1314.99,1314.99,20.0
2018-05-11,168.0,170.25,166.9,167.45,12968090.0
2018-05-14,1320.99,1320.99,1320.99,1320.99,36.0
2018-05-14,1200.0,1200.0,1200.0,1200.0,13.0
2018-05-14,12.8,12.85,12.75,12.76,36608.0
2018-05-14,1123.05,1123.05,1123.05,1123.05,157.0
2018-05-14,167.5,172.9,165.9,171.65,5872487.0
2018-05-15,1320.99,1320.99,1320.99,1320.99,9.0
2018-05-15,1190.0,1190.0,1190.0,1190.0,15.0
2018-05-15,170.25,173.95,169.3,170.1,4818924.0
2018-05-15,12.75,12.82,12.75,12.79,52263.0
2018-05-15,1131.01,1131.01,1131.01,1131.01,3.0
2018-05-16,1131.2,1131.2,1126.0,1126.0,492.0
2018-05-16,12.78,12.82,12.76,12.8,31908.0
2018-05-16,1133.0,1133.0,1133.0,1133.0,2.0
2018-05-16,1307.95,1307.95,1295.0,1295.0,21.0
2018-05-16,1189.99,1189.99,1189.99,1189.99,30.0
2018-05-16,170.55,171.7,168.5,170.0,3249227.0
2018-05-17,12.0,12.84,12.0,12.82,19980.0
2018-05-17,1095.0,1095.0,1095.0,1095.0,16.0
2018-05-17,1295.0,1295.0,1295.0,1295.0,60.0
2018-05-17,1133.26,1133.26,1133.26,1133.26,3.0
2018-05-17,170.1,171.1,166.6,167.1,5652872.0
2018-05-18,166.5,168.1,165.75,166.6,4580359.0
2018-05-18,1140.01,1193.99,1140.01,1193.49,406.0
2018-05-18,1136.0,1140.0,1136.0,1140.0,141.0
2018-05-18,12.8,12.83,12.79,12.8,14717.0
2018-05-18,1087.0,1087.0,1087.0,1087.0,125.0
2018-05-18,1196.5,1196.5,1196.5,1196.5,1.0
2018-05-18,1314.98,1314.98,1284.2,1284.34,595.0
2018-05-21,1351.0,1351.0,1122.0,1136.01,3.0
2018-05-21,12.75,12.84,12.75,12.81,23034.0
2018-05-21,1080.33,1080.33,1080.33,1080.33,186.0
2018-05-21,166.0,167.2,162.7,164.4,3232645.0
2018-05-22,164.25,167.95,164.0,165.15,3843560.0
2018-05-22,12.8,12.83,12.77,12.79,29658.0
2018-05-22,1260.2,1260.2,1260.2,1260.2,4.0
2018-05-22,1285.0,1285.0,1285.0,1285.0,125.0
2018-05-22,1200.0,1200.0,1200.0,1200.0,11.0
2018-05-23,1205.0,1205.0,1205.0,1205.0,41.0
2018-05-23,164.8,167.95,164.55,166.55,2896434.0
2018-05-23,12.79,12.84,12.78,12.78,13988.0
2018-05-23,1320.89,1320.89,1320.89,1320.89,1.0
2018-05-24,1190.7,1190.7,1179.0,1179.0,70.0
2018-05-24,12.8,12.83,12.77,12.79,22374.0
2018-05-24,1080.0,1080.0,1080.0,1080.0,1.0
2018-05-24,1308.99,1308.99,1295.0,1295.0,62.0
2018-05-24,1136.0,1136.0,1126.0,1126.0,356.0
2018-05-24,1210.0,1210.0,1210.0,1210.0,10.0
2018-05-24,166.65,167.8,164.25,165.05,1983233.0
2018-05-25,1179.0,1179.0,1170.01,1170.01,63.0
2018-05-25,12.79,12.83,12.76,12.79,14234.0
2018-05-25,1082.52,1082.52,1082.51,1082.51,157.0
2018-05-25,1160.01,1170.0,1160.01,1170.0,71.0
2018-05-25,1309.69,1309.69,1285.0,1298.9,282.0
2018-05-25,165.4,168.1,164.9,165.3,6421409.0
2018-05-28,1298.95,1298.95,1278.2,1286.0,427.0
2018-05-28,1162.01,1162.01,1162.01,1162.01,66.0
2018-05-28,166.05,169.85,165.55,167.7,9616871.0
2018-05-28,12.79,12.85,12.77,12.79,29379.0
2018-05-28,1181.35,1233.9,1181.35,1233.9,500.0
2018-05-28,1155.4,1170.0,1155.4,1170.0,302.0
2018-05-28,1259.99,1260.0,1259.99,1260.0,4.0
2018-05-29,1170.0,1170.0,1170.0,1170.0,14.0
2018-05-29,12.8,12.84,12.78,12.8,23932.0
2018-05-29,1290.0,1290.0,1282.6,1285.0,16.0
2018-05-29,1162.0,1162.0,1162.0,1162.0,44.0
2018-05-29,168.85,169.4,164.7,165.95,5951482.0
2018-05-30,12.78,12.83,12.78,12.8,21759.0
2018-05-30,1241.2,1241.2,1241.2,1241.2,3.0
2018-05-30,1275.0,1275.0,1261.01,1261.01,110.0
2018-05-30,1166.01,1166.01,1166.0,1166.0,175.0
2018-05-30,1115.1,1115.1,1115.1,1115.1,5.0
2018-05-30,164.5,168.35,164.4,165.3,4511734.0
2018-05-31,12.78,12.84,12.77,12.8,16955.0
2018-05-31,165.5,170.45,164.1,167.55,24527412.0
2018-06-01,1166.4,1166.4,1155.2,1162.08,78.0
2018-06-01,167.5,167.5,163.7,164.35,2479887.0
2018-06-01,1168.0,1168.0,1168.0,1168.0,5.0
2018-06-01,12.8,12.84,12.77,12.8,17694.0
2018-06-01,1241.2,1243.0,1200.0,1200.0,184.0
2018-06-01,1082.5,1082.5,1082.5,1082.5,16.0
2018-06-01,1297.99,1297.99,1270.0,1278.99,44.0
2018-06-04,11.5,12.82,11.5,12.8,20413.0
2018-06-04,1085.0,1085.0,1085.0,1085.0,3.0
2018-06-04,1241.01,1241.01,1241.01,1241.01,1000.0
2018-06-04,1299.0,1299.0,1260.0,1278.92,352.0
2018-06-04,1166.01,1166.01,1160.0,1160.86,1001.0
2018-06-04,1145.0,1155.1,1145.0,1155.1,53.0
2018-06-04,164.8,165.4,161.85,162.05,4184615.0
2018-06-05,161.5,162.55,160.0,161.3,1974515.0
2018-06-05,1165.0,1165.0,1140.01,1140.01,580.0
2018-06-05,1280.0,1280.0,1280.0,1280.0,285.0
2018-06-05,1120.0,1135.0,1120.0,1135.0,10.0
2018-06-05,1242.16,1242.16,1242.0,1242.0,1000.0
2018-06-05,1160.0,1175.0,1160.0,1175.0,230.0
2018-06-05,12.8,12.9,12.78,12.85,58894.0
2018-06-06,1078.04,1078.04,1078.04,1078.04,1.0
2018-06-06,12.85,12.9,12.81,12.82,88679.0
2018-06-06,1287.0,1296.0,1280.0,1280.0,477.0
2018-06-06,1159.25,1159.25,1159.25,1159.25,188.0
2018-06-06,161.4,163.05,160.25,162.5,3039576.0
2018-06-07,162.0,163.5,161.8,162.5,3854022.0
2018-06-07,1162.35,1162.35,1162.0,1162.07,257.0
2018-06-07,1165.0,1165.0,1165.0,1165.0,1.0
2018-06-07,1136.01,1136.01,1136.01,1136.01,100.0
2018-06-07,1078.48,1078.48,1078.48,1078.48,5.0
2018-06-07,12.81,12.86,12.81,12.81,21127.0
2018-06-07,1296.0,1296.0,1280.0,1280.0,524.0
2018-06-08,162.25,162.5,160.8,161.45,1833117.0
2018-06-08,1165.0,1165.0,1165.0,1165.0,16.0
2018-06-08,1295.0,1295.0,1265.0,1265.0,393.0
2018-06-08,12.8,12.92,12.8,12.81,14594.0
2018-06-08,1080.23,1080.23,1080.23,1080.23,8.0
2018-06-08,1151.01,1151.01,1150.01,1150.97,911.0
2018-06-11,1189.79,1189.83,1189.79,1189.83,118.0
2018-06-11,12.77,12.9,12.77,12.81,29194.0
2018-06-11,1266.0,1290.0,1265.0,1271.0,1219.0
2018-06-11,161.5,162.6,161.25,161.75,4032079.0
2018-06-12,12.77,12.85,12.77,12.83,21242.0
2018-06-12,1078.86,1078.86,1078.86,1078.86,78.0
2018-06-12,1290.0,1290.0,1288.0,1289.0,122.0
2018-06-12,1189.9,1189.9,1189.9,1189.9,100.0
2018-06-12,162.0,162.55,160.9,161.3,2569008.0
2018-06-13,1120.0,1135.0,1120.0,1125.12,46.0
2018-06-13,161.5,161.65,160.0,160.25,5439996.0
2018-06-13,1189.4,1189.4,1189.4,1189.4,200.0
2018-06-13,1077.48,1104.0,1077.48,1103.17,383.0
2018-06-13,1270.1,1270.1,1270.1,1270.1,1.0
2018-06-13,12.8,12.85,12.8,12.81,30590.0
2018-06-13,1180.0,1180.0,1180.0,1180.0,3.0
2018-06-14,12.8,12.85,12.78,12.83,25278.0
2018-06-14,1271.0,1271.0,1270.0,1270.0,1000.0
2018-06-14,1119.0,1119.0,1119.0,1119.0,1.0
2018-06-14,1179.99,1179.99,1179.99,1179.99,90.0
2018-06-14,160.2,160.2,158.0,158.4,5166879.0
2018-06-15,12.85,12.85,12.78,12.84,26927.0
2018-06-15,1287.99,1287.99,1278.0,1278.0,146.0
2018-06-15,1127.01,1127.01,1127.01,1127.01,74.0
2018-06-15,158.5,158.7,154.55,156.05,9000541.0
2018-06-18,12.8,12.84,12.8,12.81,12898.0
2018-06-18,1180.01,1180.01,1180.01,1180.01,500.0
2018-06-18,156.35,157.8,155.9,157.0,1908287.0
2018-06-19,1151.32,1151.32,1151.32,1151.32,3.0
2018-06-19,157.35,157.35,154.15,156.15,4352102.0
2018-06-19,1154.99,1154.99,1154.99,1154.99,280.0
2018-06-19,1140.01,1140.01,1140.01,1140.01,20.0
2018-06-19,1270.0,1271.5,1262.0,1269.8,637.0
2018-06-19,12.8,12.85,12.8,12.84,16762.0
2018-06-19,1140.0,1140.0,1115.0,1133.0,2900.0
2018-06-20,12.85,12.85,12.82,12.83,20591.0
2018-06-20,1083.28,1085.6,1083.18,1085.54,550.0
2018-06-20,1270.0,1270.0,1263.0,1268.82,1712.0
2018-06-20,1159.99,1159.99,1159.99,1159.99,270.0
2018-06-20,1165.0,1165.0,1165.0,1165.0,103.0
2018-06-20,156.8,157.7,155.9,157.05,6052044.0
2018-06-21,12.83,12.85,12.8,12.84,33799.0
2018-06-21,1085.02,1099.99,1085.01,1099.99,174.0
2018-06-21,1275.0,1275.0,1275.0,1275.0,350.0
2018-06-21,1165.0,1165.0,1165.0,1165.0,8.0
2018-06-21,157.7,157.7,154.9,155.25,8000295.0
2018-06-22,155.0,158.2,153.7,157.3,4284908.0
2018-06-22,1164.0,1164.0,1164.0,1164.0,16.0
2018-06-22,1099.98,1102.0,1095.0,1097.92,390.0
2018-06-22,12.81,12.82,12.81,12.81,23398.0
2018-06-22,1297.9,1297.9,1297.9,1297.9,4.0
2018-06-25,1199.0,1199.0,1199.0,1199.0,2.0
2018-06-25,12.8,12.85,12.8,12.83,12247.0
2018-06-25,1297.89,1297.89,1275.0,1275.0,114.0
2018-06-25,1155.0,1164.0,1155.0,1164.0,414.0
2018-06-25,157.05,157.7,153.35,154.65,6832181.0
2018-06-26,1200.0,1202.0,1200.0,1202.0,2.0
2018-06-26,12.8,12.84,12.8,12.8,30423.0
2018-06-26,1267.0,1276.0,1265.1,1276.0,88.0
2018-06-26,1165.0,1165.0,1165.0,1165.0,88.0
2018-06-26,154.45,156.3,153.55,155.6,5144476.0
2018-06-27,156.45,156.45,151.6,153.8,5903263.0
2018-06-27,1295.97,1295.97,1275.0,1275.0,44.0
2018-06-27,1150.0,1150.01,1150.0,1150.0,314.0
2018-06-27,1197.0,1200.0,1197.0,1200.0,2.0
2018-06-27,12.8,12.84,12.78,12.79,17819.0
2018-06-28,12.78,12.84,12.77,12.8,19885.0
2018-06-28,1298.0,1298.0,1262.5,1263.0,49.0
2018-06-28,1151.15,1151.15,1151.15,1151.15,16.0
2018-06-28,153.0,157.9,149.5,156.4,12508635.0
2018-06-29,12.75,12.8,12.75,12.76,14586.0
2018-06-29,1095.0,1102.8,1095.0,1102.8,200.0
2018-06-29,1297.89,1297.89,1279.0,1279.95,190.0
2018-06-29,1143.6,1146.02,1143.6,1146.02,605.0
2018-06-29,1180.4,1180.4,1180.4,1180.4,14.0
2018-06-29,155.35,160.9,153.6,159.65,5549364.0
2018-07-02,159.0,159.15,151.4,153.55,13295335.0
2018-07-02,1152.05,1152.05,1152.03,1152.03,100.0
2018-07-02,1150.01,1150.01,1140.1,1145.42,808.0
2018-07-02,1290.0,1290.0,1266.0,1273.15,1487.0
2018-07-02,12.8,12.8,12.75,12.76,30535.0
2018-07-03,12.75,12.8,12.75,12.78,45993.0
2018-07-03,1082.08,1082.08,1082.08,1082.08,78.0
2018-07-03,1135.2,1135.2,1135.2,1135.2,35.0
2018-07-03,1296.97,1296.97,1270.0,1273.1,402.0
2018-07-03,1100.0,1149.99,1045.0,1149.99,103.0
2018-07-03,1133.02,1165.0,1133.01,1161.0,306.0
2018-07-03,154.0,155.45,151.6,155.0,6255606.0
2018-07-04,12.75,12.8,12.75,12.79,22065.0
2018-07-04,1150.0,1150.0,1150.0,1150.0,97.0
2018-07-04,1298.99,1298.99,1290.0,1290.0,8.0
2018-07-04,154.95,155.85,152.5,152.9,9515047.0
2018-07-05,1140.97,1140.97,1140.95,1140.95,2.0
2018-07-05,1290.0,1290.0,1275.0,1276.28,101.0
2018-07-05,152.85,153.5,151.7,152.15,3462760.0
2018-07-05,1170.0,1170.0,1165.01,1165.01,197.0
2018-07-05,12.8,12.83,12.76,12.8,15644.0
2018-07-06,152.4,152.45,149.85,150.15,8868559.0
2018-07-06,1165.01,1165.01,1165.01,1165.01,31.0
2018-07-06,1298.97,1298.97,1271.25,1271.25,28.0
2018-07-06,12.77,12.83,12.75,12.81,59719.0
2018-07-09,12.76,12.8,12.75,12.76,27269.0
2018-07-09,1440.0,1440.0,1438.99,1438.99,11.0
2018-07-09,1077.09,1100.0,1077.09,1100.0,23.0
2018-07-09,1271.0,1284.0,1270.0,1284.0,304.0
2018-07-09,1165.01,1165.01,1165.01,1165.01,150.0
2018-07-09,150.3,151.9,150.25,151.25,4799995.0
2018-07-10,12.73,12.79,12.7,12.72,75152.0
2018-07-10,1125.01,1125.01,1125.01,1125.01,1.0
2018-07-10,1285.0,1320.0,1281.5,1282.2,502.0
2018-07-10,1199.95,1204.45,1199.95,1204.45,28.0
2018-07-10,1166.01,1166.01,1166.0,1166.0,188.0
2018-07-10,152.0,154.25,151.3,153.9,3241978.0
2018-07-11,152.8,153.75,151.75,152.7,3364195.0
2018-07-11,1165.01,1165.01,1165.01,1165.01,10.0
2018-07-11,1308.99,1308.99,1285.0,1285.0,102.0
2018-07-11,1142.01,1142.1,1142.01,1142.1,130.0
2018-07-11,12.7,12.75,12.7,12.72,15750.0
2018-07-12,1309.0,1364.9,1300.0,1310.0,257.0
2018-07-12,1160.0,1160.0,1160.0,1160.0,141.0
2018-07-12,1145.0,1145.0,1145.0,1145.0,375.0
2018-07-12,154.0,154.7,152.45,154.05,2854138.0
2018-07-12,12.73,12.75,12.72,12.73,21596.0
2018-07-12,1170.0,1170.0,1170.0,1170.0,194.0
2018-07-12,1090.1,1090.1,1090.1,1090.1,78.0
2018-07-13,12.73,12.75,12.68,12.69,26056.0
2018-07-13,1145.0,1145.0,1115.01,1140.0,1420.0
2018-07-13,1309.0,1319.99,1300.0,1300.0,108.0
2018-07-13,1204.45,1225.0,1204.45,1225.0,28.0
2018-07-13,154.2,155.5,151.9,152.95,3012947.0
2018-07-16,1151.6,1160.0,1151.6,1160.0,24.0
2018-07-16,153.0,157.0,152.05,155.6,3430870.0
2018-07-16,1191.2,1204.75,1191.01,1204.75,1550.0
2018-07-16,1086.9,1088.1,1086.9,1088.1,5.0
2018-07-16,12.7,12.84,12.67,12.75,45549.0
2018-07-16,1195.0,1200.0,1131.1,1131.1,850.0
2018-07-16,1309.99,1309.99,1275.0,1280.0,233.0
2018-07-17,12.75,12.77,12.69,12.74,16597.0
2018-07-17,1086.37,1087.77,1086.37,1087.77,2.0
2018-07-17,1275.0,1288.0,1275.0,1287.95,337.0
2018-07-17,1150.0,1157.99,1150.0,1150.0,501.0
2018-07-17,1121.5,1150.0,1121.5,1150.0,275.0
2018-07-17,1200.0,1200.0,1200.0,1200.0,22.0
2018-07-17,1161.01,1165.0,1161.01,1165.0,475.0
2018-07-17,155.0,156.0,153.05,155.3,2225734.0
2018-07-18,1151.0,1159.99,1151.0,1159.99,24.0
2018-07-18,155.95,156.1,152.8,155.25,2410531.0
2018-07-18,1304.99,1305.0,1304.99,1304.99,225.0
2018-07-18,1086.21,1086.21,1086.21,1086.21,50.0
2018-07-18,1191.2,1191.2,1191.2,1191.2,10.0
2018-07-18,12.7,12.78,12.7,12.7,19605.0
2018-07-18,1184.85,1185.0,1162.08,1168.24,38.0
2018-07-19,12.7,12.8,12.67,12.68,59029.0
2018-07-19,1429.0,1429.0,1429.0,1429.0,40.0
2018-07-19,1105.4,1105.4,1087.03,1098.55,154.0
2018-07-19,1150.0,1150.0,1150.0,1150.0,104.0
2018-07-19,1160.0,1163.05,1160.0,1163.05,86.0
2018-07-19,155.0,155.85,153.45,154.55,2636441.0
2018-07-20,12.65,12.71,12.65,12.68,13050.0
2018-07-20,1709.0,1709.0,1192.6,1206.0,12.0
2018-07-20,1149.0,1149.0,1149.0,1149.0,1.0
2018-07-20,1315.0,1316.0,1274.64,1274.64,11.0
2018-07-20,1165.01,1165.01,1165.01,1165.01,1.0
2018-07-20,154.0,156.0,154.0,155.65,3049914.0
2018-07-23,155.3,159.6,155.3,158.15,5238672.0
2018-07-23,1315.0,1315.6,1273.65,1276.02,20.0
2018-07-23,1087.04,1105.39,1087.04,1105.39,125.0
2018-07-23,12.65,12.7,12.65,12.68,26866.0
2018-07-24,12.7,12.75,12.66,12.68,18938.0
2018-07-24,1218.0,1218.0,1215.0,1215.0,2.0
2018-07-24,1105.45,1105.45,1105.45,1105.45,17.0
2018-07-24,1315.0,1315.0,1314.0,1314.16,219.0
2018-07-24,158.0,158.95,156.4,157.45,3520402.0
2018-07-25,156.0,157.15,149.85,151.0,12693971.0
2018-07-25,1160.1,1160.1,1160.05,1160.05,32.0
2018-07-25,12.65,12.74,12.65,12.7,33100.0
2018-07-25,1324.99,1324.99,1282.0,1282.32,1142.0
2018-07-26,12.65,12.7,12.65,12.67,85215.0
2018-07-26,1100.0,1100.0,1100.0,1100.0,16.0
2018-07-26,1300.0,1318.99,1296.0,1318.99,526.0
2018-07-26,1164.0,1164.0,1164.0,1164.0,8.0
2018-07-26,151.45,153.85,150.0,153.35,14836663.0
2018-07-27,153.0,155.25,152.1,154.95,4805306.0
2018-07-27,1164.6,1164.6,1164.01,1164.01,16.0
2018-07-27,1100.0,1100.0,1100.0,1100.0,3.0
2018-07-27,12.7,12.75,12.65,12.73,111665.0
2018-07-27,1310.0,1316.99,1305.0,1312.99,442.0
2018-07-30,12.7,12.75,12.7,12.73,20829.0
2018-07-30,1151.0,1151.0,1151.0,1151.0,7.0
2018-07-30,1324.99,1521.9,1308.99,1324.83,935.0
2018-07-30,1164.01,1164.26,1164.01,1164.26,6.0
2018-07-30,157.0,157.4,154.05,155.9,8122721.0
2018-07-31,12.7,12.77,12.7,12.73,19277.0
2018-07-31,1118.0,1120.0,1118.0,1120.0,175.0
2018-07-31,1151.0,1174.99,1151.0,1168.12,120.0
2018-07-31,1340.0,1384.0,1331.0,1331.17,102.0
2018-07-31,155.85,158.8,154.25,154.85,7554356.0
2018-08-01,1337.0,1337.0,1330.0,1330.0,2.0
2018-08-01,154.8,156.0,152.75,155.35,4085931.0
2018-08-01,1166.0,1166.0,1165.06,1165.06,471.0
2018-08-01,1155.0,1155.0,1125.01,1125.01,457.0
2018-08-01,1120.0,1120.0,1120.0,1120.0,9.0
2018-08-01,1215.01,1215.01,1215.0,1215.0,250.0
2018-08-01,12.71,12.76,12.71,12.75,228527.0
2018-08-01,1175.0,1179.99,1175.0,1179.99,100.0
2018-08-02,12.72,12.81,12.72,12.76,36468.0
2018-08-02,1180.0,1180.0,1180.0,1180.0,250.0
2018-08-02,1340.0,1340.0,1335.0,1335.0,558.0
2018-08-02,1166.0,1166.0,1165.01,1165.01,314.0
2018-08-02,154.7,155.75,154.15,155.4,3245983.0
2018-08-03,12.75,12.9,12.75,12.77,127786.0
2018-08-03,1125.01,1130.01,1125.01,1130.01,16.0
2018-08-03,1340.0,1340.0,1337.0,1340.0,21.0
2018-08-03,155.85,157.1,155.4,156.45,2730441.0
2018-08-06,12.8,12.83,12.73,12.77,24939.0
2018-08-06,156.9,158.0,156.0,156.75,1996031.0
2018-08-06,1089.01,1089.01,1089.0,1089.0,6184.0
2018-08-06,1360.0,1361.0,1340.0,1345.28,42.0
2018-08-06,1165.0,1170.0,1165.0,1170.0,39.0
2018-08-06,1145.0,1155.0,1145.0,1155.0,4997.0
2018-08-06,1154.01,1154.01,1133.6,1133.6,500.0
2018-08-07,12.8,12.84,12.8,12.82,30918.0
2018-08-07,1185.0,1188.0,1185.0,1188.0,80.0
2018-08-07,1341.0,1349.0,1288.19,1300.87,806.0
2018-08-07,1167.0,1167.0,1167.0,1167.0,31.0
2018-08-07,157.0,159.9,156.35,158.85,3709061.0
2018-08-08,1339.89,1339.89,1339.89,1339.89,1.0
2018-08-08,1187.5,1187.5,1160.1,1160.1,30.0
2018-08-08,1101.75,1101.75,1101.75,1101.75,3184.0
2018-08-08,1167.5,1199.6,1167.5,1199.6,861.0
2018-08-08,12.8,12.87,12.8,12.83,23627.0
2018-08-08,159.5,159.75,157.6,158.25,3459372.0
2018-08-09,1339.5,1339.99,1300.0,1300.0,75.0
2018-08-09,158.4,161.35,156.8,160.7,4095847.0
2018-08-09,1130.08,1130.08,1130.08,1130.08,157.0
2018-08-09,1180.0,1198.8,1172.55,1189.5,488.0
2018-08-09,12.65,12.87,12.65,12.82,36761.0
2018-08-09,1165.25,1165.25,1165.25,1165.25,25.0
2018-08-10,1190.0,1200.0,1170.01,1177.52,1369.0
2018-08-10,12.8,12.83,12.75,12.79,22449.0
2018-08-10,1120.0,1120.0,1120.0,1120.0,1.0
2018-08-10,1339.39,1339.39,1339.39,1339.39,9.0
2018-08-10,161.0,161.45,158.25,159.55,3765657.0
2018-08-13,12.8,12.83,12.76,12.79,23630.0
2018-08-13,1122.3,1122.3,1122.3,1122.3,16.0
2018-08-13,1166.0,1166.0,1165.9,1166.0,514.0
2018-08-13,1339.39,1339.39,1320.0,1320.75,98.0
2018-08-13,159.0,159.05,156.55,158.0,2251992.0
2018-08-14,157.8,158.75,156.5,156.9,1691704.0
2018-08-14,1122.0,1122.3,1122.0,1122.3,18.0
2018-08-14,1225.6,1225.6,1225.6,1225.6,25.0
2018-08-14,1170.0,1170.06,1169.02,1170.06,882.0
2018-08-14,12.75,12.81,12.75,12.77,24117.0
2018-08-14,1318.0,1318.0,1306.0,1309.77,450.0
2018-08-16,12.75,12.83,12.75,12.79,22432.0
2018-08-16,1120.0,1120.0,1120.0,1120.0,78.0
2018-08-16,1189.99,1189.99,1189.9,1189.9,30.0
2018-08-16,1330.0,1330.0,1330.0,1330.0,9.0
2018-08-16,156.9,159.0,156.15,158.55,1794901.0
2018-08-17,1173.5,1174.0,1173.0,1174.0,225.0
2018-08-17,12.75,12.8,12.75,12.75,12100.0
2018-08-17,1111.01,1111.01,1111.01,1111.01,3.0
2018-08-17,1339.3,1339.3,1330.0,1330.0,20.0
2018-08-17,159.0,160.25,157.65,158.0,3893463.0
2018-08-20,1190.25,1194.9,1190.25,1194.9,40.0
2018-08-20,158.3,160.1,158.0,158.55,2873806.0
2018-08-20,1326.0,1326.0,1326.0,1326.0,20.0
2018-08-20,1132.0,1152.0,1132.0,1152.0,314.0
2018-08-20,1254.01,1276.01,1254.01,1276.01,100.0
2018-08-20,1172.0,1190.0,1172.0,1190.0,225.0
2018-08-20,1111.01,1114.5,1111.01,1114.5,158.0
2018-08-20,12.75,12.83,12.7,12.8,56142.0
2018-08-21,1134.2,1134.21,1134.2,1134.21,100.0
2018-08-21,1194.0,1194.0,1190.0,1190.0,675.0
2018-08-21,12.75,12.95,12.75,12.89,107903.0
2018-08-21,1325.0,1325.0,1320.0,1320.0,120.0
2018-08-21,159.6,161.7,157.6,160.85,4399507.0
2018-08-23,1185.0,1194.0,1185.0,1194.0,357.0
2018-08-23,12.75,12.85,12.75,12.82,46851.0
2018-08-23,1115.0,1115.0,1110.3,1110.3,2.0
2018-08-23,1195.0,1195.0,1195.0,1195.0,50.0
2018-08-23,1303.5,1335.0,1303.5,1310.0,573.0
2018-08-23,161.2,165.0,160.1,164.35,6420112.0
2018-08-24,164.6,167.65,163.65,164.3,4530655.0
2018-08-24,1325.0,1344.2,1325.0,1344.2,5.0
2018-08-24,12.8,12.85,12.75,12.83,19727.0
2018-08-24,1200.0,1200.0,1176.0,1176.0,1073.0
2018-08-24,1194.99,1194.99,1190.0,1190.0,30.0
2018-08-27,12.8,12.99,12.8,12.97,183383.0
2018-08-27,1110.3,1111.01,1110.3,1111.01,8.0
2018-08-27,1329.0,1345.0,1320.0,1345.0,120.0
2018-08-27,164.9,166.85,164.0,166.15,2192072.0
2018-08-28,12.85,12.92,12.85,12.89,54703.0
2018-08-28,1110.4,1110.51,1110.4,1110.51,8.0
2018-08-28,1339.4,1344.2,1339.4,1344.2,23.0
2018-08-28,166.65,174.55,166.35,168.3,7272699.0
2018-08-29,1190.0,1190.0,1175.0,1184.73,2346.0
2018-08-29,12.81,12.97,12.81,12.88,75843.0
2018-08-29,1344.0,1344.7,1344.0,1344.7,13.0
2018-08-29,169.45,169.45,165.5,166.05,3141387.0
2018-08-30,165.55,170.75,165.55,169.7,11153832.0
2018-08-30,1110.5,1112.0,1110.3,1111.21,236.0
2018-08-30,1185.0,1185.0,1185.0,1185.0,50.0
2018-08-30,12.85,12.98,12.85,12.95,97489.0
2018-08-31,1185.0,1200.0,1185.0,1200.0,463.0
2018-08-31,1189.99,1294.9,1135.1,1215.0,200.0
2018-08-31,12.9,12.95,12.86,12.89,20424.0
2018-08-31,1355.0,1355.0,1354.7,1354.7,2.0
2018-08-31,169.45,172.7,169.0,171.5,7037922.0
2018-09-03,1175.15,1210.0,1175.15,1190.0,187.0
2018-09-03,12.81,12.95,12.81,12.89,44544.0
2018-09-03,1110.5,1111.25,1110.5,1111.25,32.0
2018-09-03,1169.0,1169.0,1163.7,1163.7,164.0
2018-09-03,1354.7,1354.7,1346.0,1346.0,150.0
2018-09-03,172.5,172.8,167.4,169.5,3827473.0
2018-09-04,1150.0,1150.0,1150.0,1150.0,16.0
2018-09-04,169.5,170.5,167.4,168.1,2513805.0
2018-09-04,1355.0,1357.0,1330.01,1350.0,12.0
2018-09-04,1190.0,1190.0,1190.0,1190.0,100.0
2018-09-04,1111.25,1111.5,1111.25,1111.37,312.0
2018-09-04,12.86,12.92,12.86,12.86,16138.0
2018-09-04,1164.0,1166.35,1164.0,1166.35,200.0
2018-09-05,1185.0,1185.0,1185.0,1185.0,200.0
2018-09-05,12.85,12.89,12.8,12.85,21087.0
2018-09-05,1189.99,1189.99,1161.01,1161.01,48.0
2018-09-05,1335.0,1335.0,1335.0,1335.0,50.0
2018-09-05,167.7,170.4,166.5,167.95,2364217.0
2018-09-06,1370.0,1370.0,1315.0,1315.07,103.0
2018-09-06,1162.05,1162.05,1140.4,1140.4,1000.0
2018-09-06,166.0,170.7,165.65,168.9,6382384.0
2018-09-06,12.85,12.89,12.8,12.81,44433.0
2018-09-06,1185.0,1208.6,1185.0,1208.6,200.0
2018-09-06,1111.25,1111.25,1111.25,1111.25,12.0
2018-09-07,170.5,170.55,165.9,169.55,2988190.0
2018-09-07,1329.99,1330.0,1310.0,1310.0,530.0
2018-09-07,1150.6,1150.6,1150.0,1150.11,800.0
2018-09-07,12.8,12.88,12.8,12.82,22056.0
2018-09-07,1192.0,1192.0,1192.0,1192.0,5.0
2018-09-07,1111.25,1111.25,1111.25,1111.25,39.0
2018-09-10,1192.0,1211.9,1192.0,1211.9,56.0
2018-09-10,12.8,12.85,12.76,12.76,92944.0
2018-09-10,1111.25,1111.25,1110.7,1110.7,82.0
2018-09-10,1310.0,1348.99,1308.0,1314.94,566.0
2018-09-10,169.9,171.35,168.15,169.2,4892615.0
2018-09-11,1192.0,1192.0,1192.0,1192.0,78.0
2018-09-11,12.75,12.85,12.75,12.77,26041.0
2018-09-11,1110.75,1122.0,1110.75,1111.11,26.0
2018-09-11,1335.0,1335.0,1328.5,1328.5,107.0
2018-09-11,169.05,171.75,168.75,169.75,8091175.0
2018-09-12,170.4,171.6,166.85,170.0,5924638.0
2018-09-12,1334.89,1334.9,1330.0,1330.99,235.0
2018-09-12,12.77,12.89,12.73,12.75,35923.0
2018-09-12,1110.6,1111.0,1110.6,1111.0,48.0
2018-09-14,12.7,12.8,12.7,12.77,84584.0
2018-09-14,1150.15,1154.0,1150.15,1153.26,245.0
2018-09-14,1304.22,1320.0,1304.22,1320.0,44.0
2018-09-14,170.4,175.1,170.4,174.95,6117278.0
2018-09-17,1202.65,1225.05,1202.65,1225.05,305.0
2018-09-17,12.75,12.79,12.71,12.75,25369.0
2018-09-17,1193.0,1193.0,1190.0,1190.0,162.0
2018-09-17,1152.0,1152.0,1150.0,1150.0,200.0
2018-09-17,1349.0,1349.0,1349.0,1349.0,14.0
2018-09-17,175.0,175.4,171.1,172.25,2327075.0
2018-09-18,173.2,174.45,169.1,169.7,3038599.0
2018-09-18,1339.4,1339.4,1339.4,1339.4,2.0
2018-09-18,1154.0,1154.0,1153.0,1153.0,20.0
2018-09-18,1065.0,1065.0,1060.0,1060.0,114.0
2018-09-18,1089.9,1089.9,1035.01,1035.01,64.0
2018-09-18,1160.0,1170.0,1160.0,1168.72,991.0
2018-09-18,1322.0,1322.0,1320.0,1320.0,11.0
2018-09-18,12.7,12.89,12.7,12.77,41115.0
2018-09-19,12.77,12.83,12.75,12.77,17080.0
2018-09-19,1355.0,1356.6,1303.92,1303.92,71.0
2018-09-19,171.0,171.95,168.0,169.15,4243336.0
2018-09-21,12.75,12.8,12.7,12.74,74020.0
2018-09-21,1178.0,1178.0,1178.0,1178.0,20.0
2018-09-21,1306.01,1306.01,1300.0,1300.25,840.0
2018-09-21,1150.0,1150.0,1115.1,1136.0,1668.0
2018-09-21,169.2,173.8,166.85,168.25,7997857.0
2018-09-24,168.2,170.8,166.3,167.9,5180444.0
2018-09-24,1131.0,1131.0,1131.0,1131.0,23.0
2018-09-24,1178.0,1180.0,1140.2,1151.0,1600.0
2018-09-24,1314.99,1314.99,1290.0,1290.69,609.0
2018-09-24,12.73,12.8,12.71,12.73,19898.0
2018-09-24,1040.0,1040.0,1040.0,1040.0,16.0
2018-09-24,1060.0,1061.0,1060.0,1061.0,5.0
2018-09-25,169.15,170.5,164.4,170.0,5414138.0
2018-09-25,1035.2,1035.2,1030.0,1030.0,130.0
2018-09-25,12.73,12.79,12.7,12.76,31316.0
2018-09-25,1262.0,1262.0,1262.0,1262.0,25.0
2018-09-25,1150.0,1160.0,1150.0,1151.01,315.0
2018-09-25,1291.0,1320.0,1282.0,1282.0,181.0
2018-09-26,12.7,12.84,12.7,12.79,222512.0
2018-09-26,1285.0,1285.0,1282.01,1284.71,110.0
2018-09-26,1149.0,1149.0,1147.0,1147.93,150.0
2018-09-26,1055.02,1055.02,1055.02,1055.02,2.0
2018-09-26,171.6,171.6,166.0,167.8,2993241.0
2018-09-27,1100.0,1100.0,1100.0,1100.0,10.0
2018-09-27,168.15,170.0,166.5,167.95,5598858.0
2018-09-27,1150.0,1150.1,1140.01,1145.92,500.0
2018-09-27,12.73,12.82,12.73,12.79,239730.0
2018-09-27,1035.0,1036.01,1035.0,1036.01,6.0
2018-09-27,1292.0,1292.0,1283.0,1289.78,195.0
2018-09-28,1228.55,1230.0,1228.55,1230.0,40.0
2018-09-28,12.8,12.8,12.73,12.77,20709.0
2018-09-28,1241.0,1490.0,1240.0,1490.0,7301.0
2018-09-28,1295.0,1295.0,1295.0,1295.0,8.0
2018-09-28,1155.0,1159.8,1142.01,1150.18,475.0
2018-09-28,1086.1,1086.1,1086.0,1086.0,157.0
2018-09-28,167.95,169.7,166.0,166.85,4537237.0
2018-10-01,167.5,170.3,166.15,169.6,4125103.0
2018-10-01,12.7,12.77,12.7,12.74,29403.0
2018-10-01,1169.99,1169.99,1169.9,1169.9,636.0
2018-10-01,1305.0,1305.0,1290.0,1295.5,38.0
2018-10-03,168.8,168.85,166.1,167.35,4816772.0
2018-10-03,1090.0,1090.0,1078.0,1082.0,283.0
2018-10-03,1166.0,1166.0,1166.0,1166.0,85.0
2018-10-03,12.71,12.88,12.71,12.79,17104.0
2018-10-03,1304.99,1304.99,1287.0,1293.05,1517.0
2018-10-04,1076.02,1076.02,1076.02,1076.02,3.0
2018-10-04,1254.0,1254.0,1254.0,1254.0,1.0
2018-10-04,1035.0,1035.0,1035.0,1035.0,30.0
2018-10-04,12.8,12.85,12.76,12.81,28827.0
2018-10-04,1415.5,1415.5,1415.5,1415.5,1.0
2018-10-04,1292.9,1292.99,1282.0,1290.0,123.0
2018-10-04,1165.0,1166.0,1155.2,1155.2,160.0
2018-10-04,166.4,168.6,164.75,166.8,5469579.0
2018-10-05,1285.0,1300.0,1275.0,1300.0,935.0
2018-10-05,1178.8,1178.8,1178.8,1178.8,1.0
2018-10-05,1150.01,1150.01,1145.0,1145.6,807.0
2018-10-05,166.6,167.9,160.55,162.9,11077450.0
2018-10-05,1330.6,1330.6,1330.6,1330.6,1.0
2018-10-05,12.89,12.89,12.77,12.8,127743.0
2018-10-05,1022.0,1040.0,1022.0,1040.0,77.0
2018-10-08,1250.0,1277.0,1250.0,1277.0,40.0
2018-10-08,1040.0,1045.1,1040.0,1045.08,62.0
2018-10-08,12.8,12.86,12.78,12.8,229667.0
2018-10-08,1173.99,1173.99,1173.99,1173.99,25.0
2018-10-08,1339.89,1339.89,1338.99,1338.99,4.0
2018-10-08,1072.0,1072.0,1072.0,1072.0,16.0
2018-10-08,161.4,164.9,159.45,163.45,3864641.0
2018-10-09,164.8,165.0,160.9,161.7,4797049.0
2018-10-09,1170.0,1170.0,1091.2,1096.0,727.0
2018-10-09,1174.99,1174.99,1150.01,1155.67,515.0
2018-10-09,1300.0,1424.0,1277.0,1277.0,45.0
2018-10-09,12.8,12.83,12.8,12.81,12243.0
2018-10-09,1040.0,1040.0,1040.0,1040.0,1.0
2018-10-09,1281.76,1281.76,1281.76,1281.76,27.0
2018-10-10,161.7,166.65,161.25,164.35,2843068.0
2018-10-10,1095.0,1125.0,1094.01,1119.0,294.0
2018-10-10,12.81,12.85,12.8,12.82,17979.0
2018-10-10,1172.75,1172.75,1172.75,1172.75,25.0
2018-10-10,1280.0,1314.99,1280.0,1288.01,214.0
2018-10-11,1279.74,1279.74,1279.74,1279.74,25.0
2018-10-11,1413.9,1413.9,1413.9,1413.9,1.0
2018-10-11,12.7,12.85,12.7,12.8,16092.0
2018-10-11,1079.7,1079.7,1079.0,1079.0,2.0
2018-10-11,1199.99,1199.99,1199.99,1199.99,25.0
2018-10-11,1310.0,1355.0,1300.99,1300.99,37.0
2018-10-11,162.0,165.7,161.3,163.15,3057491.0
2018-10-12,163.9,165.35,163.05,164.2,3456586.0
2018-10-12,12.7,12.89,12.7,12.77,30839.0
2018-10-12,1285.1,1285.1,1285.0,1285.0,40.0
2018-10-15,164.25,165.55,163.7,164.65,1826243.0
2018-10-15,1122.0,1125.0,1115.0,1115.0,250.0
2018-10-15,12.75,12.81,12.75,12.79,7609.0
2018-10-15,1334.99,1334.99,1292.0,1292.0,43.0
2018-10-16,1305.55,1305.55,1305.55,1305.55,25.0
2018-10-16,12.76,12.85,12.76,12.79,125246.0
2018-10-16,1079.0,1079.0,1079.0,1079.0,30.0
2018-10-16,1175.0,1175.0,1168.99,1168.99,100.0
2018-10-16,1115.0,1117.0,1115.0,1117.0,120.0
2018-10-16,164.65,165.35,162.1,163.95,3214900.0
2018-10-17,12.71,12.82,12.71,12.78,210863.0
2018-10-17,1330.0,1330.0,1330.0,1330.0,10.0
2018-10-17,1170.0,1170.0,1170.0,1170.0,20.0
2018-10-17,1325.0,1325.99,1309.99,1317.0,53.0
2018-10-17,1118.0,1118.0,1114.0,1116.22,207.0
2018-10-17,164.55,165.7,162.2,162.9,4474191.0
2018-10-19,162.6,165.25,160.3,161.45,5169133.0
2018-10-19,1339.0,1339.4,1330.0,1339.4,356.0
2018-10-19,1174.99,1174.99,1160.0,1171.0,35.0
2018-10-19,1079.0,1079.0,1079.0,1079.0,181.0
2018-10-19,12.76,12.85,12.76,12.84,22917.0
2018-10-19,1099.9,1099.9,1099.9,1099.9,200.0
2018-10-22,12.8,12.87,12.78,12.78,149653.0
2018-10-22,1100.0,1100.0,1100.0,1100.0,100.0
2018-10-22,1178.99,1178.99,1150.01,1178.99,17.0
2018-10-22,1339.99,1339.99,1339.99,1339.99,4.0
2018-10-22,1129.0,1129.0,1129.0,1129.0,100.0
2018-10-22,163.05,167.9,162.1,164.85,5339979.0
2018-10-23,164.15,166.0,162.55,165.0,6097132.0
2018-10-23,1134.0,1134.0,1134.0,1134.0,50.0
2018-10-23,1339.99,1339.99,1339.0,1339.0,2.0
2018-10-23,1162.25,1175.15,1162.25,1163.25,25.0
2018-10-23,12.8,12.82,12.75,12.76,45779.0
2018-10-23,1270.0,1270.0,1269.99,1270.0,4110.0
2018-10-23,1031.01,1089.99,1031.0,1077.25,785.0
2018-10-23,1046.2,1046.2,1046.2,1046.2,16.0
2018-10-24,166.0,166.75,159.7,163.05,10714096.0
2018-10-24,1349.85,1349.85,1300.0,1300.0,1621.0
2018-10-24,12.76,12.85,12.75,12.77,40038.0
2018-10-24,1175.55,1175.55,1175.55,1175.55,15.0
2018-10-24,1031.2,1031.2,1031.2,1031.2,16.0
2018-10-25,1050.0,1060.0,1050.0,1060.0,100.0
2018-10-25,12.74,12.9,12.7,12.79,8855.0
2018-10-25,1178.99,1178.99,1178.99,1178.99,25.0
2018-10-25,1334.99,1334.99,1301.0,1301.67,182.0
2018-10-25,1118.0,1118.0,1118.0,1118.0,16.0
2018-10-25,162.5,164.95,157.3,162.3,78859564.0
2018-10-26,1025.18,1026.38,1025.18,1026.38,9.0
2018-10-26,12.9,12.9,12.7,12.79,56047.0
2018-10-26,1173.99,1173.99,1152.01,1152.01,105.0
2018-10-26,1344.99,1344.99,1296.5,1296.5,245.0
2018-10-26,158.95,160.25,154.8,159.3,7783268.0
2018-10-29,159.55,159.95,157.3,158.95,5803266.0
2018-10-29,1117.9,1117.9,1117.9,1117.9,6.0
2018-10-29,1339.0,1339.0,1296.11,1296.11,659.0
2018-10-29,1162.75,1177.99,1162.75,1177.99,175.0
2018-10-29,12.8,12.83,12.75,12.79,34828.0
2018-10-30,1298.9,1298.9,1298.9,1298.9,25.0
2018-10-30,12.77,12.89,12.77,12.81,22351.0
2018-10-30,1177.0,1177.0,1165.75,1176.99,163.0
2018-10-30,1329.0,1329.0,1286.2,1295.0,1145.0
2018-10-30,1117.05,1117.05,1110.0,1110.0,173.0
2018-10-30,159.1,161.05,156.85,159.4,2714226.0
2018-10-31,12.8,12.85,12.79,12.84,15204.0
2018-10-31,1030.2,1080.0,1030.2,1074.88,75.0
2018-10-31,1176.99,1176.99,1175.99,1175.99,150.0
2018-10-31,1338.98,1338.98,1294.16,1319.99,126.0
2018-10-31,1204.0,1204.0,1201.0,1202.5,54.0
2018-10-31,160.0,160.9,155.25,159.65,5057929.0
2018-11-01,159.75,160.25,156.75,157.0,2493606.0
2018-11-01,1150.01,1183.0,1150.01,1176.0,694.0
2018-11-01,1329.99,1329.99,1290.11,1296.8,2107.0
2018-11-01,1268.2,1268.2,1268.2,1268.2,1.0
2018-11-01,12.8,12.89,12.8,12.85,50709.0
2018-11-01,1035.01,1035.6,1035.01,1035.6,32.0
2018-11-02,12.75,12.94,12.75,12.93,84892.0
2018-11-02,1135.2,1195.0,1135.2,1184.0,565.0
2018-11-02,1335.0,1335.0,1300.0,1300.72,488.0
2018-11-02,1118.0,1118.0,1093.2,1099.58,181.0
2018-11-02,157.9,159.35,156.05,158.0,9573135.0
2018-11-05,12.9,12.95,12.85,12.91,9960.0
2018-11-05,1329.99,1329.99,1300.0,1305.0,21.0
2018-11-05,157.5,157.5,151.7,153.5,15219212.0
2018-11-06,1188.9,1188.9,1188.9,1188.9,1.0
2018-11-06,1092.8,1100.0,1092.8,1100.0,124.0
2018-11-06,1329.89,1329.89,1305.0,1305.0,7.0
2018-11-06,153.95,154.7,152.35,154.15,5186500.0
2018-11-06,12.86,13.0,12.86,12.98,6385.0
2018-11-06,1080.0,1080.0,1075.0,1075.0,106.0
2018-11-06,1194.99,1195.0,1194.99,1195.0,150.0
2018-11-07,12.91,13.04,12.9,12.92,4199.0
2018-11-07,1310.0,1347.99,1310.0,1347.99,12.0
2018-11-07,155.0,155.05,154.5,154.85,176813.0
2018-11-09,155.55,155.6,153.5,154.45,6748485.0
2018-11-09,1120.0,1120.0,1120.0,1120.0,20.0
2018-11-09,1325.89,1325.89,1309.0,1309.0,68.0
2018-11-09,1197.0,1197.0,1192.0,1192.0,80.0
2018-11-09,1189.99,1189.99,1189.99,1189.99,1.0
2018-11-09,1045.0,1045.0,1045.0,1045.0,6.0
2018-11-09,12.9,13.05,12.9,13.0,10684.0
2018-11-12,1040.43,1050.0,1040.43,1050.0,325.0
2018-11-12,12.92,13.0,12.91,13.0,17198.0
2018-11-12,1316.99,1316.99,1305.01,1305.01,270.0
2018-11-12,1105.25,1105.25,1105.25,1105.25,41.0
2018-11-12,154.3,155.45,152.5,152.8,3263611.0
2018-11-12,1198.0,1200.0,1198.0,1199.5,27.0
2018-11-13,1100.0,1149.99,1100.0,1149.99,157.0
2018-11-13,152.5,157.8,152.35,156.8,6586554.0
2018-11-13,1198.99,1199.0,1198.99,1199.0,24.0
2018-11-13,12.3,13.09,12.3,12.95,19437.0
2018-11-14,1050.0,1050.0,1050.0,1050.0,8.0
2018-11-14,12.95,13.0,12.94,12.96,12577.0
2018-11-14,1310.0,1310.0,1305.0,1305.6,75.0
2018-11-14,1198.0,1198.0,1198.0,1198.0,20.0
2018-11-14,157.0,160.6,156.4,157.35,3211544.0
2018-11-15,1415.0,1415.0,1415.0,1415.0,54.0
2018-11-15,12.96,13.0,12.93,12.96,20729.0
2018-11-15,1197.0,1197.0,1150.3,1150.3,40.0
2018-11-15,1349.99,1349.99,1300.0,1300.0,463.0
2018-11-15,1140.0,1140.0,1140.0,1140.0,100.0
2018-11-15,157.95,159.15,153.4,153.8,3782472.0
2018-11-16,153.2,155.5,153.0,154.05,4305072.0
2018-11-16,1197.0,1200.0,1197.0,1200.0,305.0
2018-11-16,1070.63,1070.63,1070.63,1070.63,31.0
2018-11-16,12.95,13.0,12.95,12.97,11092.0
2018-11-19,1189.99,1189.99,1189.99,1189.99,1.0
2018-11-19,12.97,13.0,12.95,12.96,17986.0
2018-11-19,1200.0,1200.0,1190.0,1190.0,87.0
2018-11-19,1333.9,1333.9,1333.9,1333.9,5.0
2018-11-19,154.0,154.5,151.9,152.95,5733037.0
2018-11-20,1040.0,1040.0,1040.0,1040.0,13.0
2018-11-20,13.0,13.0,12.96,12.98,17788.0
2018-11-20,152.4,153.1,148.5,149.15,3833428.0
2018-11-21,1040.99,1040.99,1040.99,1040.99,47.0
2018-11-21,13.0,13.01,12.96,12.97,35479.0
2018-11-21,1309.01,1309.01,1309.0,1309.0,200.0
2018-11-21,149.15,149.85,147.15,147.85,6354604.0
2018-11-22,12.95,13.05,12.95,12.99,34573.0
2018-11-22,1102.25,1102.25,1102.25,1102.25,9.0
2018-11-22,147.75,148.4,145.6,146.0,3070726.0
2018-11-22,1208.99,1221.0,1208.99,1219.44,1021.0
2018-11-22,1041.01,1041.01,1041.01,1041.01,8.0
2018-11-22,1072.61,1072.61,1072.61,1072.61,10.0
2018-11-22,1335.0,1335.0,1309.0,1325.0,106.0
2018-11-26,1040.0,1053.0,1040.0,1045.12,339.0
2018-11-26,1220.0,1240.0,1218.99,1223.2,850.0
2018-11-26,12.9,13.05,12.9,13.01,20214.0
2018-11-26,1324.99,1324.99,1316.0,1324.0,1102.0
2018-11-26,1200.0,1200.0,1200.0,1200.0,68.0
2018-11-26,1101.0,1101.0,1101.0,1101.0,7.0
2018-11-26,146.4,146.95,141.7,144.7,5445431.0
2018-11-27,1320.0,1324.0,1320.0,1324.0,1001.0
2018-11-27,144.5,146.8,143.25,145.75,4055573.0
2018-11-27,1045.01,1045.01,1045.01,1045.01,78.0
2018-11-27,13.0,13.05,12.98,13.01,11976.0
2018-11-28,13.0,13.09,13.0,13.01,18308.0
2018-11-28,1337.0,1337.0,1336.99,1336.99,11.0
2018-11-28,1216.0,1216.0,1216.0,1216.0,184.0
2018-11-28,1110.3,1110.3,1110.3,1110.3,10.0
2018-11-28,146.95,147.55,142.0,143.45,14852895.0
2018-11-29,13.01,13.05,13.0,13.03,23354.0
2018-11-29,1336.97,1336.97,1320.0,1320.0,403.0
2018-11-29,143.85,145.75,140.85,142.25,25606098.0
2018-11-30,1150.0,1174.99,1150.0,1170.0,1004.0
2018-11-30,1254.98,1254.98,1240.0,1240.0,101.0
2018-11-30,13.15,13.25,13.0,13.01,26567.0
2018-11-30,142.0,142.6,137.55,140.3,24867219.0
2018-12-03,1110.3,1110.3,1110.3,1110.3,125.0
2018-12-03,1189.99,1189.99,1189.99,1189.99,100.0
2018-12-03,140.35,145.65,140.0,144.9,10010868.0
2018-12-03,1250.0,1265.01,1248.76,1255.74,927.0
2018-12-03,1048.0,1048.0,1048.0,1048.0,117.0
2018-12-03,12.95,13.1,12.95,13.03,19548.0
2018-12-04,144.75,144.75,142.0,143.2,5654167.0
2018-12-04,1130.0,1130.0,1130.0,1130.0,157.0
2018-12-04,1160.0,1174.0,1160.0,1174.0,700.0
2018-12-04,13.02,13.1,13.02,13.05,11214.0
2018-12-04,1080.1,1082.0,1078.0,1082.0,300.0
2018-12-04,1259.99,1304.0,1250.0,1250.68,1050.0
2018-12-05,1280.0,1280.0,1260.0,1260.0,619.0
2018-12-05,13.0,13.09,13.0,13.04,18547.0
2018-12-05,1161.0,1189.99,1161.0,1188.75,515.0
2018-12-05,1111.06,1115.1,1111.02,1112.51,528.0
2018-12-05,142.95,144.9,139.2,141.05,7361638.0
2018-12-06,13.0,13.1,13.0,13.04,14818.0
2018-12-06,140.7,142.2,138.2,139.8,4550644.0
2018-12-06,1259.0,1260.0,1246.0,1248.04,1691.0
2018-12-07,1055.1,1055.1,1055.1,1055.1,1.0
2018-12-07,13.05,13.09,13.05,13.05,11279.0
2018-12-07,1195.0,1195.0,1195.0,1195.0,20.0
2018-12-07,1102.15,1112.0,1101.32,1107.65,635.0
2018-12-07,1200.0,1200.0,1200.0,1200.0,35.0
2018-12-07,140.0,141.1,136.55,137.85,11033784.0
2018-12-10,1180.0,1180.0,1180.0,1180.0,25.0
2018-12-10,135.9,139.25,134.7,136.2,28696725.0
2018-12-10,1100.0,1119.99,1100.0,1119.98,750.0
2018-12-10,1275.0,1279.0,1247.0,1278.54,751.0
2018-12-10,13.0,13.09,13.0,13.05,17047.0
2018-12-10,1200.0,1200.0,1170.0,1200.0,238.0
2018-12-11,1258.99,1258.99,1201.86,1201.86,26.0
2018-12-11,13.05,13.1,13.05,13.07,9588.0
2018-12-11,1290.0,1299.5,1285.0,1285.0,396.0
2018-12-11,134.05,138.05,134.05,137.35,11172141.0
2018-12-12,1285.0,1285.0,1279.5,1280.0,1514.0
2018-12-12,13.07,13.13,13.06,13.1,22684.0
2018-12-12,1199.99,1199.99,1199.9,1199.96,105.0
2018-12-12,1115.0,1115.0,1115.0,1115.0,110.0
2018-12-12,1200.0,1200.55,1200.0,1200.55,15.0
2018-12-12,137.95,141.6,136.9,140.7,10228635.0
2018-12-13,141.35,142.0,139.75,141.05,8863788.0
2018-12-13,1220.0,1225.01,1210.0,1214.99,45.0
2018-12-13,13.08,13.14,13.07,13.08,14793.0
2018-12-13,1200.0,1200.0,1180.0,1180.0,30.0
2018-12-14,1225.0,1229.0,1225.0,1229.0,25.0
2018-12-14,1050.0,1055.01,1050.0,1055.01,10.0
2018-12-14,1279.0,1280.0,1272.0,1279.99,1014.0
2018-12-14,13.08,13.15,13.08,13.12,55597.0
2018-12-14,1200.0,1215.55,1175.0,1175.0,75.0
2018-12-14,1129.9,1129.9,1129.9,1129.9,100.0
2018-12-14,141.0,144.15,139.6,143.5,11443814.0
2018-12-17,150.0,151.35,144.75,146.1,18124658.0
2018-12-17,1290.0,1487.0,1282.5,1282.69,428.0
2018-12-17,1289.0,1289.0,1175.6,1240.67,136.0
2018-12-17,1232.0,1232.0,1232.0,1232.0,50.0
2018-12-17,13.09,13.14,13.09,13.1,17143.0
2018-12-17,1129.0,1129.0,1129.0,1129.0,71.0
2018-12-18,146.0,148.4,145.25,147.7,10864175.0
2018-12-18,1121.01,1121.01,1115.0,1115.0,157.0
2018-12-18,13.09,13.14,13.09,13.12,15327.0
2018-12-18,1084.99,1085.0,1084.99,1085.0,199.0
2018-12-18,1211.78,1211.78,1211.78,1211.78,31665.0
2018-12-18,1225.0,1229.01,1225.0,1229.01,30.0
2018-12-18,1260.0,1260.1,1260.0,1260.05,749.0
2018-12-19,1130.0,1130.0,1130.0,1130.0,311.0
2018-12-19,1237.55,1237.55,1237.55,1237.55,30.0
2018-12-19,1189.0,1189.0,1189.0,1189.0,30.0
2018-12-19,1260.05,1260.5,1260.0,1260.0,333.0
2018-12-19,13.1,13.15,13.1,13.12,19804.0
2018-12-19,1160.0,1175.0,1160.0,1175.0,82.0
2018-12-19,148.35,150.3,147.25,149.8,6818396.0
2018-12-20,148.6,149.95,146.65,149.3,11591640.0
2018-12-20,1130.0,1135.0,1115.07,1115.07,285.0
2018-12-20,1209.0,1209.0,1180.0,1180.0,43.0
2018-12-20,1260.0,1271.99,1260.0,1271.99,75.0
2018-12-20,1044.0,1044.0,1044.0,1044.0,8.0
2018-12-20,13.0,13.15,13.0,13.14,23628.0
2018-12-21,1052.0,1061.0,1052.0,1060.0,222.0
2018-12-21,1467.0,1467.0,1467.0,1467.0,4.0
2018-12-21,13.1,13.16,13.1,13.15,14560.0
2018-12-21,1081.0,1081.0,1081.0,1081.0,79.0
2018-12-21,1185.55,1185.55,1185.55,1185.55,25.0
2018-12-21,1138.8,1138.8,1138.8,1138.8,100.0
2018-12-21,149.5,151.4,148.25,150.55,15797444.0
2018-12-24,150.0,150.55,145.2,146.4,7088482.0
2018-12-24,13.1,13.2,13.1,13.19,31817.0
2018-12-24,1275.0,1282.0,1274.0,1279.83,504.0
2018-12-24,1125.0,1125.05,1125.0,1125.05,324.0
2018-12-24,1046.76,1046.76,1046.76,1046.76,2.0
2018-12-24,1192.0,1192.0,1192.0,1192.0,100.0
2018-12-24,1225.0,1228.25,1225.0,1228.25,25.0
2018-12-24,1082.11,1082.11,1082.11,1082.11,1.0
2018-12-26,1050.01,1050.01,1050.01,1050.01,205.0
2018-12-26,1203.0,1203.0,1203.0,1203.0,11130.0
2018-12-26,13.16,13.3,13.16,13.28,114819.0
2018-12-26,1125.35,1125.35,1125.35,1125.35,8.0
2018-12-26,146.2,148.35,144.25,145.55,8631989.0
2018-12-26,1390.0,1390.0,1380.0,1380.0,2.0
2018-12-27,146.7,149.75,144.2,148.3,27421548.0
2018-12-27,1038.78,1134.0,1038.78,1134.0,200.0
2018-12-27,13.2,13.34,13.2,13.24,15759.0
2018-12-27,1081.07,1081.07,1081.07,1081.07,78.0
2018-12-27,1270.0,1324.0,1269.8,1269.87,456.0
2018-12-27,1149.8,1149.8,1119.0,1143.7,212.0
2018-12-28,147.45,151.6,146.5,149.85,9175552.0
2018-12-28,1115.1,1119.15,1115.1,1119.15,973.0
2018-12-28,1240.0,1299.99,1240.0,1269.0,382.0
2018-12-28,13.25,13.4,13.25,13.34,39546.0
2018-12-31,13.25,13.35,13.25,13.29,36223.0
2018-12-31,1120.1,1199.0,1120.1,1199.0,320.0
2018-12-31,1364.0,1364.0,1364.0,1364.0,4.0
2018-12-31,1140.0,1140.0,1140.0,1140.0,156.0
2018-12-31,1225.0,1225.15,1225.0,1225.15,20.0
2018-12-31,149.8,150.05,148.1,149.05,4175741.0
2019-01-01,1237.55,1237.55,1237.55,1237.55,20.0
2019-01-01,1300.0,1300.0,1260.0,1260.0,300.0
2019-01-01,13.1,13.5,13.1,13.31,111738.0
2019-01-01,1115.1,1149.7,1115.1,1149.7,31.0
2019-01-01,148.95,149.6,146.4,148.7,3342569.0
2019-01-02,147.95,148.7,146.15,147.0,4334233.0
2019-01-02,1146.99,1146.99,1146.99,1146.99,10.0
2019-01-02,1327.99,1327.99,1322.1,1322.1,7.0
2019-01-02,1150.0,1195.0,1150.0,1194.4,51.0
2019-01-02,1220.0,1228.0,1220.0,1228.0,100.0
2019-01-02,13.3,13.4,13.3,13.31,13294.0
2019-01-03,1070.0,1070.0,1065.0,1065.0,300.0
2019-01-03,1299.8,1299.8,1265.01,1289.0,785.0
2019-01-03,1200.0,1200.0,1153.0,1153.0,485.0
2019-01-03,13.79,13.79,13.18,13.26,2164671.0
2019-01-03,1150.0,1150.25,1140.0,1150.12,1304.0
2019-01-03,147.0,147.4,142.85,143.4,5862736.0
2019-01-04,143.95,146.3,142.25,145.75,6656760.0
2019-01-04,1245.0,1245.0,1245.0,1245.0,30.0
2019-01-04,1060.01,1060.01,1060.01,1060.01,14.0
2019-01-04,13.2,13.35,13.2,13.28,72710.0
2019-01-04,1330.0,1330.0,1261.01,1299.99,11.0
2019-01-04,1135.0,1150.0,1135.0,1150.0,200.0
2019-01-07,1360.0,1360.0,1255.61,1255.61,107.0
2019-01-07,1164.0,1189.99,1140.0,1165.0,197.0
2019-01-07,146.25,149.7,146.15,148.6,11768203.0
2019-01-07,1240.0,1240.0,1240.0,1240.0,25.0
2019-01-07,1252.55,1252.55,1146.55,1162.0,276.0
2019-01-07,13.05,13.3,13.05,13.26,16504.0
2019-01-07,1696.6,1698.0,1696.6,1696.6,37.0
2019-01-07,1125.0,1150.0,1100.0,1100.01,316.0
2019-01-08,148.0,149.5,146.0,146.95,5547244.0
2019-01-08,1140.0,1140.0,1140.0,1140.0,157.0
2019-01-08,1355.01,1355.01,1255.12,1258.1,1011.0
2019-01-08,1225.0,1225.0,1225.0,1225.0,15.0
2019-01-08,13.25,13.29,13.21,13.26,31706.0
2019-01-08,1062.01,1062.01,1062.01,1062.01,11.0
2019-01-08,1199.99,1220.0,1164.0,1164.0,80.0
2019-01-09,13.3,13.3,13.24,13.24,27350.0
2019-01-09,1309.0,1310.0,1309.0,1310.0,380.0
2019-01-09,1133.2,1133.2,1133.2,1133.2,4.0
2019-01-09,147.0,148.45,145.4,146.55,3863786.0
2019-01-10,1135.3,1149.99,1135.25,1149.99,243.0
2019-01-10,146.95,149.55,146.75,148.1,12784001.0
2019-01-10,1310.0,1349.99,1275.0,1275.0,1032.0
2019-01-10,1225.0,1240.01,1225.0,1240.01,35.0
2019-01-10,13.2,13.28,13.2,13.27,22966.0
2019-01-10,1080.0,1080.0,1080.0,1080.0,50.0
2019-01-10,1175.0,1182.55,1175.0,1182.55,37.0
2019-01-11,1053.51,1053.51,1053.51,1053.51,16.0
2019-01-11,1290.0,1299.01,1266.0,1276.0,1610.0
2019-01-11,13.2,13.3,13.2,13.28,12557.0
2019-01-11,1083.8,1101.0,1083.8,1101.0,159.0
2019-01-11,1150.0,1200.25,1150.0,1154.1,47.0
2019-01-11,1148.0,1150.0,1148.0,1150.0,289.0
2019-01-11,148.0,150.3,147.2,148.0,11316608.0
2019-01-14,148.0,148.35,145.2,145.55,4175566.0
2019-01-14,13.2,13.35,13.2,13.31,27908.0
2019-01-14,1134.6,1135.2,1134.6,1135.2,78.0
2019-01-14,1000.0,1064.03,1000.0,1064.03,157.0
2019-01-14,1280.0,1280.0,1255.64,1263.0,25.0
2019-01-15,146.0,146.45,144.15,145.8,12275812.0
2019-01-15,1230.0,1230.0,1230.0,1230.0,35.0
2019-01-15,1064.01,1064.01,1064.01,1064.01,47.0
2019-01-15,1298.0,1298.0,1258.01,1268.17,1912.0
2019-01-15,13.3,13.35,13.2,13.27,31692.0
2019-01-15,1197.95,1197.95,1197.95,1197.95,25.0
2019-01-15,1140.0,1140.0,1140.0,1140.0,91.0
2019-01-16,146.3,148.5,145.7,146.35,4732815.0
2019-01-16,1219.99,1219.99,1165.01,1165.01,90.0
2019-01-16,1140.2,1142.0,1140.2,1142.0,2.0
2019-01-16,13.28,13.4,13.26,13.26,37361.0
2019-01-16,1275.0,1275.0,1275.0,1275.0,200.0
2019-01-16,1120.0,1170.0,1120.0,1170.0,875.0
2019-01-17,146.9,147.65,144.25,144.9,6274305.0
2019-01-17,1225.0,1225.0,1225.0,1225.0,25.0
2019-01-17,1180.55,1180.55,1180.55,1180.55,25.0
2019-01-17,1289.98,1289.98,1275.0,1275.0,14.0
2019-01-17,1098.89,1098.89,1098.89,1098.89,50.0
2019-01-17,13.27,13.32,13.26,13.27,14621.0
2019-01-18,1235.0,1235.0,1200.0,1230.55,114.0
2019-01-18,1275.0,1275.0,1275.0,1275.0,32.0
2019-01-18,13.24,13.3,13.05,13.27,19065.0
2019-01-18,1200.0,1200.0,1184.01,1184.01,91.0
2019-01-18,145.3,146.4,144.0,144.3,2583594.0
2019-01-21,1141.0,1163.75,1141.0,1163.75,35.0
2019-01-21,1169.39,1169.39,1169.39,1169.39,23.0
2019-01-21,146.5,146.75,142.65,143.4,10989731.0
2019-01-21,13.3,13.4,13.05,13.3,15243.0
2019-01-21,1299.0,1299.0,1299.0,1299.0,3.0
2019-01-21,1171.31,1171.31,1171.31,1171.31,25.0
2019-01-22,1163.99,1163.99,1163.95,1163.95,45.0
2019-01-22,143.9,143.9,142.0,142.8,5895361.0
2019-01-22,13.25,13.38,13.2,13.3,15396.0
2019-01-22,1349.99,1349.99,1349.99,1349.99,4.0
2019-01-23,13.4,13.4,13.27,13.33,13877.0
2019-01-23,1319.98,1319.98,1287.0,1287.98,186.0
2019-01-23,1163.9,1163.9,1150.0,1150.0,75.0
2019-01-23,142.9,143.6,140.3,140.75,4436294.0
2019-01-24,140.75,142.1,139.1,140.05,3541981.0
2019-01-24,13.0,13.31,13.0,13.31,18245.0
2019-01-24,1170.1,1170.1,1170.1,1170.1,85.0
2019-01-24,1467.0,1467.0,1467.0,1467.0,2.0
2019-01-24,1066.1,1066.1,1066.1,1066.1,1.0
2019-01-24,1287.98,1287.98,1285.9,1287.0,187.0
2019-01-25,12.95,13.35,12.95,13.33,18477.0
2019-01-25,1171.1,1171.1,1161.1,1167.7,225.0
2019-01-25,1315.0,1315.0,1272.0,1272.0,322.0
2019-01-25,140.5,141.9,138.05,138.3,4552697.0
2019-01-28,1135.7,1137.0,1135.7,1137.0,6.0
2019-01-28,138.5,139.5,136.65,138.6,6086122.0
2019-01-28,1360.0,1360.0,1265.82,1270.01,1291.0
2019-01-28,1156.1,1156.1,1156.1,1156.1,225.0
2019-01-28,13.2,13.4,13.2,13.31,7935.0
2019-01-28,1175.0,1175.0,1173.6,1173.6,13.0
2019-01-29,1062.03,1062.08,1062.03,1062.08,2.0
2019-01-29,1170.0,1170.0,1160.1,1160.1,25.0
2019-01-29,1304.9,1304.9,1251.17,1265.0,1213.0
2019-01-29,13.31,13.39,13.31,13.31,19862.0
2019-01-29,138.6,139.4,137.4,138.5,8106901.0
2019-01-30,1259.99,1259.99,1259.99,1259.99,10.0
2019-01-30,1262.0,1265.0,1256.5,1260.0,1105.0
2019-01-30,1170.0,1170.0,1170.0,1170.0,5.0
2019-01-30,13.3,13.4,13.3,13.33,29954.0
2019-01-30,139.4,140.4,138.1,138.7,11481494.0
2019-01-31,140.5,141.2,139.0,139.7,36695700.0
2019-01-31,1134.1,1148.0,1134.1,1138.12,897.0
2019-01-31,13.3,13.4,13.3,13.34,14520.0
2019-01-31,1067.01,1068.0,1067.0,1068.0,23.0
2019-01-31,1260.0,1274.99,1260.0,1271.2,33.0
2019-02-01,1235.55,1235.55,1235.55,1235.55,25.0
2019-02-01,1265.0,1279.0,1265.0,1265.0,283.0
2019-02-01,13.25,13.4,13.25,13.33,16024.0
2019-02-01,1185.0,1192.55,1185.0,1192.55,50.0
2019-02-01,1140.0,1149.0,1140.0,1149.0,112.0
2019-02-01,140.0,140.5,138.8,140.15,5916171.0
2019-02-04,1258.25,1258.25,1255.25,1255.25,50.0
2019-02-04,1293.99,1293.99,1270.0,1270.0,56.0
2019-02-04,13.3,13.37,13.26,13.31,19459.0
2019-02-04,1192.0,1192.0,1192.0,1192.0,25.0
2019-02-04,1132.15,1139.1,1132.15,1139.0,33.0
2019-02-04,140.1,140.4,136.75,137.25,5596920.0
2019-02-05,137.0,138.4,136.2,138.05,7105333.0
2019-02-05,1133.0,1133.0,1133.0,1133.0,10.0
2019-02-05,1205.55,1205.55,1156.1,1156.1,125.0
2019-02-05,1260.0,1260.0,1260.0,1260.0,25.0
2019-02-05,13.15,13.32,13.15,13.3,21777.0
2019-02-06,1169.0,1169.0,1169.0,1169.0,15.0
2019-02-06,1195.0,1199.99,1195.0,1199.99,149.0
2019-02-06,13.3,13.35,13.3,13.31,20205.0
2019-02-06,135.8,137.75,135.0,137.1,10675675.0
2019-02-06,1066.0,1066.0,1066.0,1066.0,78.0
2019-02-06,1259.9,1259.9,1259.9,1259.9,15.0
2019-02-06,1299.98,1299.98,1260.0,1262.03,391.0
2019-02-07,1070.0,1070.0,1070.0,1070.0,1.0
2019-02-07,1289.99,1289.99,1262.0,1265.0,117.0
2019-02-07,13.3,13.38,13.3,13.34,36659.0
2019-02-07,1185.25,1185.25,1185.25,1185.25,15.0
2019-02-07,137.0,138.0,135.1,135.95,4327928.0
2019-02-08,1187.25,1187.25,1165.01,1165.01,186.0
2019-02-08,135.4,137.4,131.55,132.05,4664302.0
2019-02-08,13.31,13.36,13.31,13.33,26745.0
2019-02-08,1260.0,1260.0,1260.0,1260.0,25.0
2019-02-08,1070.0,1070.0,1070.0,1070.0,1.0
2019-02-08,1295.0,1295.0,1260.0,1260.0,53.0
2019-02-11,1300.0,1300.0,1300.0,1300.0,25.0
2019-02-11,1070.0,1070.0,1066.15,1066.15,147.0
2019-02-11,1289.99,1289.99,1261.0,1261.99,1245.0
2019-02-11,13.31,13.45,13.3,13.4,91835.0
2019-02-11,1165.0,1185.55,1163.1,1163.1,152.0
2019-02-11,131.95,133.3,128.6,130.35,10939054.0
2019-02-12,1066.15,1066.15,1066.15,1066.15,10.0
2019-02-12,1261.0,1261.0,1255.27,1256.35,164.0
2019-02-12,13.33,13.4,13.33,13.38,21918.0
2019-02-12,1195.55,1197.0,1195.55,1197.0,40.0
2019-02-12,1135.2,1138.1,1135.2,1138.1,143.0
2019-02-12,130.05,133.95,130.0,133.25,12417295.0
2019-02-13,133.25,134.1,128.0,131.1,11559385.0
2019-02-13,1190.0,1190.0,1166.0,1166.06,505.0
2019-02-13,1140.0,1140.0,1140.0,1140.0,200.0
2019-02-13,1258.0,1258.0,1258.0,1258.0,253.0
2019-02-13,13.32,13.43,13.32,13.39,26317.0
2019-02-14,1076.15,1076.15,1060.0,1060.0,20.0
2019-02-14,1257.0,1257.0,1250.1,1253.01,626.0
2019-02-14,1092.3,1092.3,1092.3,1092.3,3.0
2019-02-14,13.33,13.5,13.33,13.4,46074.0
2019-02-14,1200.0,1200.0,1175.0,1175.0,10.0
2019-02-14,131.0,133.3,128.1,131.25,31594972.0
2019-02-15,132.0,137.4,132.0,136.25,21546525.0
2019-02-15,1065.46,1082.84,1065.46,1082.84,163.0
2019-02-15,1279.99,1279.99,1246.01,1253.78,241.0
2019-02-15,1157.0,1157.0,1157.0,1157.0,1.0
2019-02-15,13.39,13.45,13.39,13.43,28971.0
2019-02-15,1133.25,1145.0,1133.25,1142.97,2122.0
2019-02-15,1162.6,1162.6,1160.0,1160.0,7.0
2019-02-18,135.8,140.4,134.95,137.45,10834305.0
2019-02-18,13.4,13.5,13.4,13.48,101596.0
2019-02-18,1289.99,1289.99,1258.0,1258.0,7.0
2019-02-19,1279.99,1279.99,1277.99,1277.99,103.0
2019-02-19,13.35,13.55,13.35,13.48,48567.0
2019-02-19,1142.0,1142.0,1142.0,1142.0,375.0
2019-02-19,137.1,137.9,132.45,133.7,7524246.0
2019-02-20,134.2,138.9,132.3,137.2,12462775.0
2019-02-20,13.44,13.52,13.44,13.48,23517.0
2019-02-20,1169.0,1169.0,1136.0,1136.0,192.0
2019-02-20,1059.0,1077.0,1059.0,1077.0,394.0
2019-02-20,1252.02,1260.0,1245.0,1252.0,711.0
2019-02-21,1075.0,1075.0,1075.0,1075.0,14.0
2019-02-21,1252.0,1255.0,1250.7,1251.18,14.0
2019-02-21,13.4,13.52,13.4,13.5,14103.0
2019-02-21,1136.07,1136.07,1136.0,1136.01,4635.0
2019-02-21,137.8,138.5,135.5,136.45,3932612.0
2019-02-22,136.75,140.25,135.0,139.7,9732276.0
2019-02-22,1136.0,1136.25,1133.61,1136.05,2808.0
2019-02-22,1264.0,1264.0,1250.0,1250.02,607.0
2019-02-22,1165.99,1166.0,1165.89,1165.94,500.0
2019-02-22,13.48,13.53,13.48,13.5,15171.0
2019-02-25,1270.0,1272.0,1256.0,1259.7,1211.0
2019-02-25,1165.0,1165.0,1165.0,1165.0,10.0
2019-02-25,1094.75,1094.75,1094.62,1094.62,156.0
2019-02-25,13.45,13.5,13.45,13.47,33814.0
2019-02-25,1136.0,1164.2,1136.0,1158.75,1099.0
2019-02-25,139.6,141.0,136.25,140.35,22964823.0
2019-02-26,1259.99,1259.99,1259.99,1259.99,212.0
2019-02-26,13.46,13.53,13.45,13.5,30763.0
2019-02-26,137.2,141.2,136.3,140.55,12918108.0
2019-02-27,139.3,142.95,138.15,138.75,15215646.0
2019-02-27,1136.01,1145.0,1136.01,1145.0,975.0
2019-02-27,1160.0,1160.0,1160.0,1160.0,16.0
2019-02-27,1260.0,1260.0,1260.0,1260.0,31.0
2019-02-27,13.5,13.52,13.45,13.5,16101.0
2019-02-28,1063.2,1063.2,1063.2,1063.2,78.0
2019-02-28,1270.0,1300.01,1270.0,1274.97,17.0
2019-02-28,1172.55,1172.55,1172.55,1172.55,25.0
2019-02-28,13.5,13.52,13.49,13.5,62549.0
2019-02-28,1147.5,1147.71,1147.0,1147.1,3072.0
2019-02-28,140.2,142.7,138.3,141.25,41819652.0
2019-03-01,1086.2,1086.2,1070.0,1070.0,401.0
2019-03-01,1279.97,1279.97,1254.0,1268.58,40.0
2019-03-01,13.5,13.55,13.5,13.51,19563.0
2019-03-01,1150.0,1150.1,1150.0,1150.1,207.0
2019-03-01,141.7,143.75,141.65,143.0,5657562.0
2019-03-05,143.0,148.2,143.0,147.0,10823586.0
2019-03-05,1132.0,1151.5,1131.0,1149.9,1269.0
2019-03-05,13.48,13.54,13.48,13.51,81620.0
2019-03-05,1175.0,1175.0,1173.75,1173.75,10.0
2019-03-05,1069.0,1069.0,1069.0,1069.0,314.0
2019-03-05,1138.0,1138.0,1138.0,1138.0,1.0
2019-03-05,1280.0,1280.0,1260.0,1260.0,53.0
2019-03-06,1260.0,1260.0,1250.0,1257.05,2101.0
2019-03-06,13.55,13.65,13.5,13.58,69436.0
2019-03-06,1157.8,1157.8,1157.8,1157.8,300.0
2019-03-06,147.7,149.5,147.1,148.95,8594413.0
2019-03-07,1264.99,1264.99,1255.0,1260.8,2304.0
2019-03-07,13.5,13.56,13.5,13.54,231419.0
2019-03-07,1131.1,1200.0,1131.1,1200.0,26.0
2019-03-07,1140.0,1149.9,1140.0,1149.9,1256.0
2019-03-07,1162.6,1162.6,1162.6,1162.6,1.0
2019-03-07,149.1,150.6,145.5,146.2,6947851.0
2019-03-08,1150.0,1150.01,1150.0,1150.01,461.0
2019-03-08,147.5,154.8,145.35,152.2,28885977.0
2019-03-08,13.05,13.05,12.49,12.55,121277.0
2019-03-08,1269.98,1269.98,1260.0,1265.01,2095.0
2019-03-11,12.48,12.75,12.48,12.54,37514.0
2019-03-11,1173.6,1173.6,1173.6,1173.6,352.0
2019-03-11,1068.06,1075.0,1068.06,1075.0,317.0
2019-03-11,1280.0,1297.99,1270.0,1275.0,128.0
2019-03-11,1143.1,1199.99,1143.1,1199.99,74.0
2019-03-11,1148.1,1150.01,1148.0,1150.01,219.0
2019-03-11,153.0,160.3,149.5,151.4,25006371.0
2019-03-12,1155.0,1159.98,1155.0,1155.0,201.0
2019-03-12,12.55,12.59,12.5,12.58,84041.0
2019-03-12,1063.02,1080.0,1063.02,1067.4,332.0
2019-03-12,1279.99,1279.99,1260.0,1267.9,239.0
2019-03-12,1172.99,1172.99,1170.0,1171.99,150.0
2019-03-12,150.8,156.35,150.2,151.25,19429204.0
2019-03-13,151.0,151.05,145.0,148.2,17452596.0
2019-03-13,1172.0,1172.0,1172.0,1172.0,34.0
2019-03-13,12.5,12.64,12.5,12.56,31498.0
2019-03-13,1267.0,1267.0,1252.02,1262.4,878.0
2019-03-14,12.56,12.64,12.53,12.59,85042.0
2019-03-14,1270.0,1270.0,1264.0,1269.66,519.0
2019-03-14,1175.0,1187.0,1149.0,1166.0,598.0
2019-03-14,1145.5,1145.5,1145.5,1145.5,78.0
2019-03-14,148.9,154.9,148.1,153.65,12229497.0
2019-03-15,1155.5,1155.5,1155.5,1155.5,27.0
2019-03-15,1280.0,1288.0,1280.0,1280.07,209.0
2019-03-15,1152.0,1152.0,1152.0,1152.0,157.0
2019-03-15,12.5,12.64,12.5,12.63,57093.0
2019-03-15,1119.0,1119.0,1119.0,1119.0,500.0
2019-03-15,1071.36,1071.36,1071.28,1071.28,31.0
2019-03-15,154.6,159.25,152.65,158.05,16963953.0
2019-03-18,1070.61,1070.61,1070.61,1070.61,78.0
2019-03-18,158.05,158.05,158.05,158.05,975025.0
2019-03-18,157.85,160.8,155.75,158.75,16074505.0
2019-03-18,1164.22,1164.22,1164.22,1164.22,7.0
2019-03-18,12.55,12.65,12.55,12.55,60340.0
2019-03-18,1280.0,1280.0,1275.0,1279.8,294.0
2019-03-18,1140.0,1140.0,1130.4,1130.4,500.0
2019-03-19,12.56,12.58,12.47,12.52,528356.0
2019-03-19,1071.59,1071.9,1071.59,1071.61,11.0
2019-03-19,1138.0,1142.0,1138.0,1142.0,100.0
2019-03-19,1280.0,1294.99,1280.0,1288.5,1053.0
2019-03-19,1164.35,1164.35,1164.35,1164.35,10.0
2019-03-19,133.95,137.3,130.4,134.9,25950621.0
2019-03-20,135.8,136.0,128.1,129.25,28098992.0
2019-03-20,1145.0,1162.0,1145.0,1162.0,97.0
2019-03-20,1132.21,1180.0,1132.21,1170.01,1094.0
2019-03-20,12.45,12.56,12.45,12.53,31495.0
2019-03-20,1280.0,1280.0,1280.0,1280.0,255.0
2019-03-22,1165.01,1165.01,1165.01,1165.01,1.0
2019-03-22,131.0,136.2,129.7,134.65,53779933.0
2019-03-22,1160.0,1160.5,1160.0,1160.5,95.0
2019-03-22,1160.0,1160.0,1150.1,1150.1,580.0
2019-03-22,1285.0,1285.0,1275.1,1282.0,484.0
2019-03-22,1073.0,1073.0,1073.0,1073.0,78.0
2019-03-22,12.55,12.6,12.51,12.56,25371.0
2019-03-22,2035.0,2035.0,2035.0,2035.0,27.0
2019-03-25,12.5,12.6,12.45,12.58,133753.0
2019-03-25,1070.21,1070.21,1070.21,1070.21,157.0
2019-03-25,1295.0,1298.0,1283.0,1286.0,27.0
2019-03-25,1155.0,1155.0,1155.0,1155.0,35.0
2019-03-25,133.85,137.5,133.75,135.35,31535535.0
2019-03-26,12.58,12.66,12.55,12.63,114770.0
2019-03-26,1294.82,1299.99,1290.1,1290.78,199.0
2019-03-26,1131.0,1181.99,1131.0,1181.99,436.0
2019-03-26,136.0,142.0,136.0,140.8,23510777.0
2019-03-27,140.9,140.9,136.2,137.0,20849776.0
2019-03-27,1179.99,1179.99,1179.99,1179.99,25.0
2019-03-27,1100.0,1100.0,1100.0,1100.0,16.0
2019-03-27,1071.12,1071.16,1071.12,1071.16,2.0
2019-03-27,12.57,12.62,12.57,12.58,24778.0
2019-03-27,1098.6,1098.6,1098.6,1098.6,1.0
2019-03-27,1299.57,1299.57,1287.0,1290.27,72.0
2019-03-28,1174.99,1175.0,1174.99,1174.99,147.0
2019-03-28,12.5,12.64,12.5,12.6,29410.0
2019-03-28,1137.0,1137.0,1132.0,1135.03,9.0
2019-03-28,1304.59,1304.59,1280.0,1285.0,117.0
2019-03-28,137.5,139.35,135.1,135.75,41232946.0
2019-03-29,1151.0,1155.0,1151.0,1153.1,249.0
2019-03-29,137.15,140.55,132.7,134.7,47265221.0
2019-03-29,1172.0,1172.0,1148.0,1148.0,136.0
2019-03-29,12.5,12.76,12.5,12.61,28901.0
2019-03-29,1304.8,1304.8,1295.0,1295.0,256.0
2019-03-29,1075.1,1076.05,1075.1,1076.05,25.0
2019-03-29,1100.0,1100.0,1100.0,1100.0,1.0
2019-04-01,136.4,137.5,133.55,135.1,26716877.0
2019-04-01,1170.0,1180.0,1170.0,1170.0,1060.0
2019-04-01,1304.9,1304.9,1304.8,1304.8,8.0
2019-04-01,1628.0,1628.0,1628.0,1628.0,53.0
2019-04-01,1179.8,1179.9,1179.8,1179.9,6.0
2019-04-01,12.6,12.65,12.6,12.63,28117.0
2019-04-02,1295.0,1309.9,1294.99,1295.0,514.0
2019-04-02,1500.0,1500.0,1302.4,1302.4,19.0
2019-04-02,1140.0,1180.0,1140.0,1174.0,172.0
2019-04-02,12.6,12.69,12.6,12.66,38054.0
2019-04-02,1071.03,1071.03,1071.03,1071.03,31.0
2019-04-02,1168.0,1170.0,1168.0,1170.0,158.0
2019-04-02,136.05,136.7,134.0,135.15,14343829.0
2019-04-03,1156.0,1156.0,1150.03,1150.03,157.0
2019-04-03,135.95,137.5,134.0,134.8,12596804.0
2019-04-03,1295.0,1295.0,1287.0,1287.0,200.0
2019-04-03,1100.0,1100.0,1100.0,1100.0,1.0
2019-04-03,1333.6,1333.6,1333.6,1333.6,1.0
2019-04-03,12.61,12.71,12.61,12.69,75457.0
2019-04-03,1077.05,1077.05,1077.05,1077.05,4.0
2019-04-04,134.8,136.8,134.45,135.65,12939086.0
2019-04-04,12.15,12.74,12.15,12.69,39641.0
2019-04-04,1077.05,1083.0,1077.05,1083.0,26.0
2019-04-04,1160.0,1160.0,1160.0,1160.0,20.0
2019-04-04,1300.0,1300.0,1266.87,1266.87,11.0
2019-04-04,1100.0,1100.0,1100.0,1100.0,10.0
2019-04-04,1152.02,1157.0,1152.02,1157.0,687.0
2019-04-05,135.55,136.45,134.4,134.8,7742848.0
2019-04-05,1101.0,1116.0,1101.0,1116.0,471.0
2019-04-05,1155.0,1155.0,1155.0,1155.0,156.0
2019-04-05,1086.0,1086.0,1086.0,1086.0,50.0
2019-04-05,12.6,12.73,12.6,12.7,31964.0
2019-04-05,1272.0,1272.0,1272.0,1272.0,27.0
2019-04-08,134.9,136.8,134.55,135.55,13409083.0
2019-04-08,1080.0,1080.0,1080.0,1080.0,50.0
2019-04-08,1100.0,1102.52,1100.0,1102.52,174.0
2019-04-08,1165.0,1165.0,1165.0,1165.0,550.0
2019-04-08,12.55,12.7,12.55,12.62,19203.0
2019-04-08,1300.0,1300.0,1280.0,1280.0,1002.0
2019-04-09,12.55,12.7,12.55,12.62,15918.0
2019-04-09,1071.52,1071.52,1071.52,1071.52,1.0
2019-04-09,1299.95,1299.95,1290.0,1290.0,502.0
2019-04-09,1102.52,1120.01,1102.52,1120.01,14.0
2019-04-09,1185.25,1185.25,1185.25,1185.25,50.0
2019-04-09,135.5,136.45,135.05,135.9,7506763.0
2019-04-10,1080.0,1080.0,1080.0,1080.0,1.0
2019-04-10,1300.0,1303.95,1300.0,1303.95,6.0
2019-04-10,136.25,137.0,134.3,134.6,9502300.0
2019-04-10,12.15,12.67,11.0,12.62,20527.0
2019-04-10,1099.9,1100.0,1072.11,1072.11,216.0
2019-04-11,134.95,136.4,134.4,135.95,8703097.0
2019-04-11,1150.0,1150.0,1150.0,1150.0,1.0
2019-04-11,1298.97,1298.97,1294.7,1294.7,445.0
2019-04-11,1170.0,1170.0,1170.0,1170.0,1.0
2019-04-11,12.6,12.67,12.6,12.64,25898.0
2019-04-11,1071.0,1083.15,1071.0,1083.0,188.0
2019-04-12,12.64,12.69,12.61,12.64,36389.0
2019-04-12,1122.0,1122.0,1122.0,1122.0,142.0
2019-04-12,1293.99,1293.99,1293.99,1293.99,10.0
2019-04-12,1080.0,1080.0,1080.0,1080.0,225.0
2019-04-12,136.0,136.5,135.2,135.95,7212573.0
2019-04-15,12.65,12.69,12.6,12.63,30172.0
2019-04-15,1301.99,1301.99,1301.99,1301.99,5.0
2019-04-15,1170.0,1170.0,1170.0,1170.0,90.0
2019-04-15,136.25,138.3,135.4,136.75,11013801.0
2019-04-16,137.4,138.15,136.5,137.55,7469500.0
2019-04-16,1295.0,1295.0,1295.0,1295.0,352.0
2019-04-16,12.6,12.65,12.6,12.64,18141.0
2019-04-16,1083.27,1083.27,1083.26,1083.26,58.0
2019-04-18,1175.0,1175.0,1170.0,1171.21,3354.0
2019-04-18,12.6,12.69,12.6,12.68,45090.0
2019-04-18,1085.0,1085.0,1085.0,1085.0,5.0
2019-04-18,1299.0,1299.0,1271.01,1271.01,16.0
2019-04-18,1150.0,1150.0,1150.0,1150.0,1.0
2019-04-18,1175.0,1175.0,1175.0,1175.0,100.0
2019-04-18,137.5,137.85,135.05,135.35,6634192.0
2019-04-22,1165.1,1168.0,1165.0,1167.0,1771.0
2019-04-22,12.6,12.74,12.6,12.72,58961.0
2019-04-22,1097.4,1097.4,1097.4,1097.4,1.0
2019-04-22,1301.99,1301.99,1298.98,1298.98,12.0
2019-04-22,1149.0,1149.0,1149.0,1149.0,1.0
2019-04-22,135.1,136.4,134.35,136.0,5541225.0
2019-04-23,136.0,136.1,133.25,133.65,8790522.0
2019-04-23,1165.0,1165.0,1165.0,1165.0,74.0
2019-04-23,1298.99,1298.99,1298.99,1298.99,3.0
2019-04-23,1089.0,1089.0,1089.0,1089.0,70.0
2019-04-23,12.78,12.78,12.7,12.72,35919.0
2019-04-24,1179.0,1179.0,1170.0,1170.0,21.0
2019-04-24,12.0,12.72,12.0,12.71,18274.0
2019-04-24,1096.0,1096.0,1096.0,1096.0,1.0
2019-04-24,1290.0,1303.83,1285.0,1302.9,602.0
2019-04-24,1140.0,1140.0,1140.0,1140.0,1.0
2019-04-24,133.65,134.45,132.3,133.95,9255095.0
2019-04-25,1140.0,1140.0,1140.0,1140.0,1.0
2019-04-25,1304.89,1305.0,1303.99,1305.0,102.0
2019-04-25,1150.01,1160.0,1150.0,1160.0,1214.0
2019-04-25,134.0,135.35,132.3,132.9,29354749.0
2019-04-25,12.65,12.75,12.65,12.71,24976.0
2019-04-25,1170.0,1171.0,1170.0,1171.0,41.0
2019-04-25,1075.01,1075.01,1075.01,1075.01,3.0
2019-04-26,12.6,12.75,12.6,12.7,19801.0
2019-04-26,1088.0,1088.0,1088.0,1088.0,31.0
2019-04-26,1170.0,1170.0,1170.0,1170.0,30.0
2019-04-26,1124.9,1130.0,1124.9,1127.45,200.0
2019-04-26,133.45,135.1,133.35,134.1,4789673.0
2019-04-30,134.25,134.8,131.45,134.05,7527996.0
2019-04-30,1080.0,1080.0,1080.0,1080.0,2.0
2019-04-30,1154.0,1154.0,1154.0,1154.0,1.0
2019-04-30,1150.01,1180.0,1150.01,1180.0,22.0
2019-04-30,1165.0,1170.0,1165.0,1165.38,151.0
2019-04-30,1088.0,1088.0,1088.0,1088.0,88.0
2019-04-30,12.65,12.8,12.65,12.7,32987.0
2019-04-30,1304.0,1304.0,1285.0,1285.0,232.0
2019-05-02,1148.0,1148.0,1148.0,1148.0,1.0
2019-05-02,1304.9,1304.9,1298.99,1298.99,10.0
2019-05-02,133.3,133.9,132.1,133.1,6401386.0
2019-05-02,12.7,12.77,12.7,12.74,31613.0
2019-05-02,1170.0,1172.0,1165.0,1169.0,234.0
2019-05-02,1091.0,1091.0,1088.0,1088.0,17.0
2019-05-03,1142.02,1187.0,1142.02,1187.0,265.0
2019-05-03,12.7,12.8,12.7,12.7,35729.0
2019-05-03,1092.0,1092.0,1092.0,1092.0,42.0
2019-05-03,1298.99,1303.94,1281.11,1298.94,32.0
2019-05-03,133.1,136.65,133.0,135.45,9226969.0
2019-05-06,12.65,12.78,12.65,12.73,71402.0
2019-05-06,1097.0,1097.0,1097.0,1097.0,1.0
2019-05-06,1285.0,1304.85,1282.0,1298.53,490.0
2019-05-06,1169.01,1169.01,1169.01,1169.01,63.0
2019-05-06,135.0,135.6,133.7,135.0,6080575.0
2019-05-07,135.45,136.2,133.6,134.1,9137799.0
2019-05-07,1302.99,1302.99,1285.11,1285.11,1041.0
2019-05-07,1095.0,1095.0,1095.0,1095.0,6.0
2019-05-07,1152.0,1152.0,1152.0,1152.0,1.0
2019-05-07,1112.87,1112.87,1112.87,1112.87,10000.0
2019-05-07,1170.0,1184.98,1169.0,1169.0,657.0
2019-05-07,12.72,12.8,12.72,12.79,29420.0
2019-05-08,1170.0,1170.0,1170.0,1170.0,25.0
2019-05-08,12.79,12.79,12.73,12.78,62476.0
2019-05-08,1304.89,1304.89,1290.0,1290.0,158.0
2019-05-08,133.85,134.0,130.2,130.8,8742473.0
2019-05-09,130.75,130.8,126.4,127.7,14395488.0
2019-05-09,1300.0,1300.0,1300.0,1300.0,100.0
2019-05-09,12.73,12.82,12.73,12.79,37222.0
2019-05-09,1092.0,1092.0,1092.0,1092.0,4.0
2019-05-10,1171.0,1171.0,1171.0,1171.0,100.0
2019-05-10,1117.5,1117.5,1113.0,1113.0,741.0
2019-05-10,12.8,12.83,12.74,12.75,23168.0
2019-05-10,1299.99,1299.99,1280.0,1280.06,1595.0
2019-05-10,128.45,128.75,126.25,127.0,9724014.0
2019-05-13,1170.0,1170.0,1170.0,1170.0,10.0
2019-05-13,126.9,127.0,123.0,123.55,11507204.0
2019-05-13,1158.0,1158.0,1158.0,1158.0,1.0
2019-05-13,1280.1,1280.1,1280.1,1280.1,54.0
2019-05-13,12.75,12.79,12.75,12.76,25668.0
2019-05-13,1115.0,1117.0,1115.0,1117.0,970.0
2019-05-13,1189.0,1189.0,1189.0,1189.0,1.0
2019-05-13,1097.0,1097.0,1097.0,1097.0,1.0
2019-05-14,1179.0,1179.0,1179.0,1179.0,101.0
2019-05-14,1142.0,1142.0,1142.0,1142.0,142.0
2019-05-14,1150.0,1150.0,1150.0,1150.0,50.0
2019-05-14,12.76,12.84,12.76,12.79,51275.0
2019-05-14,1097.0,1097.0,1097.0,1097.0,1.0
2019-05-14,1285.0,1297.89,1266.51,1297.88,22.0
2019-05-14,1148.0,1148.0,1148.0,1148.0,1.0
2019-05-14,123.7,126.5,122.4,125.6,6908544.0
2019-05-15,1096.0,1096.0,1096.0,1096.0,1.0
2019-05-15,126.3,126.9,123.0,123.95,9384447.0
2019-05-15,1158.0,1158.0,1158.0,1158.0,1.0
2019-05-15,1298.93,1298.93,1292.0,1292.0,12.0
2019-05-15,12.75,12.84,12.75,12.78,59426.0
2019-05-15,1179.0,1179.0,1179.0,1179.0,1.0
2019-05-15,1150.0,1150.0,1150.0,1150.0,10.0
2019-05-16,1158.0,1158.0,1111.0,1131.0,333.0
2019-05-16,1189.0,1189.0,1170.0,1170.0,122.0
2019-05-16,12.76,12.82,12.75,12.77,33361.0
2019-05-16,1096.0,1096.0,1096.0,1096.0,1.0
2019-05-16,1299.96,1299.96,1281.28,1294.7,321.0
2019-05-16,1159.0,1159.0,1150.0,1153.06,228.0
2019-05-16,124.85,126.35,123.25,125.75,6519422.0
2019-05-17,124.75,126.6,124.0,125.5,10003051.0
2019-05-17,1076.2,1076.2,1076.2,1076.2,10.0
2019-05-17,1304.83,1304.83,1278.26,1287.62,1684.0
2019-05-17,1150.0,1150.0,1150.0,1150.0,1.0
2019-05-17,12.76,12.83,12.76,12.79,9621.0
2019-05-17,1150.0,1150.0,1150.0,1150.0,300.0
2019-05-17,1176.0,1176.0,1176.0,1176.0,12.0
2019-05-17,1097.0,1097.0,1097.0,1097.0,1.0
2019-05-20,1152.0,1176.5,1152.0,1165.76,338.0
2019-05-20,1149.0,1149.0,1149.0,1149.0,5.0
2019-05-20,12.73,12.85,12.73,12.78,35388.0
2019-05-20,1097.0,1097.0,1097.0,1097.0,1.0
2019-05-20,1289.99,1289.99,1285.0,1289.99,247.0
2019-05-20,1148.0,1148.0,1148.0,1148.0,1.0
2019-05-20,1190.0,1190.0,1175.0,1175.0,250.0
2019-05-20,128.2,130.1,125.6,129.25,12330905.0
2019-05-21,129.7,129.75,127.75,128.6,8095621.0
2019-05-21,1150.0,1150.0,1150.0,1150.0,2.0
2019-05-21,1096.0,1096.0,1096.0,1096.0,2.0
2019-05-21,1299.99,1299.99,1281.56,1299.62,288.0
2019-05-21,1112.9,1112.9,1112.9,1112.9,1.0
2019-05-21,1179.0,1179.0,1179.0,1179.0,1.0
2019-05-21,12.75,12.83,12.75,12.77,24170.0
2019-05-22,128.6,130.45,127.4,129.6,9540723.0
2019-05-22,1304.89,1304.89,1299.08,1299.08,2.0
2019-05-22,1165.0,1165.0,1165.0,1165.0,10.0
2019-05-22,1158.0,1158.0,1158.0,1158.0,1.0
2019-05-22,12.5,12.83,12.5,12.82,34655.0
2019-05-22,1189.0,1189.0,1185.0,1185.0,192.0
2019-05-22,1097.0,1097.0,1097.0,1097.0,1.0
2019-05-23,1157.0,1157.0,1157.0,1157.0,1.0
2019-05-23,1189.0,1190.0,1189.0,1189.95,188.0
2019-05-23,12.76,12.84,12.76,12.82,23632.0
2019-05-23,1076.08,1106.8,1076.08,1106.8,69.0
2019-05-23,1165.0,1165.0,1165.0,1165.0,10.0
2019-05-23,1304.89,1304.89,1294.9,1294.95,108.0
2019-05-23,130.6,133.45,129.35,129.85,11017547.0
2019-05-24,1156.0,1156.0,1156.0,1156.0,2.0
2019-05-24,130.5,131.0,128.55,129.15,9371443.0
2019-05-24,1304.9,1304.9,1294.0,1294.0,9.0
2019-05-24,1189.0,1189.0,1165.0,1165.02,261.0
2019-05-24,1103.0,1103.0,1103.0,1103.0,2.0
2019-05-24,1165.0,1165.0,1160.0,1164.0,70.0
2019-05-24,12.76,12.89,12.76,12.83,20495.0
2019-05-27,1185.0,1186.9,1185.0,1186.9,26.0
2019-05-27,12.8,12.85,12.77,12.82,22261.0
2019-05-27,1102.0,1102.0,1098.0,1098.0,199.0
2019-05-27,1163.0,1163.0,1163.0,1163.0,20.0
2019-05-27,1304.89,1304.89,1304.89,1304.89,3.0
2019-05-27,1155.0,1155.0,1155.0,1155.0,6.0
2019-05-27,132.4,136.6,130.15,133.2,19948676.0
2019-05-28,1189.0,1189.0,1189.0,1189.0,1.0
2019-05-28,12.78,12.89,12.78,12.85,19458.0
2019-05-28,1104.0,1104.0,1104.0,1104.0,1.0
2019-05-28,1159.0,1175.0,1159.0,1175.0,300.0
2019-05-28,133.95,134.75,131.7,132.6,15628186.0
2019-05-29,132.0,133.25,130.2,130.9,5397986.0
2019-05-29,1162.05,1162.05,1162.02,1162.02,157.0
2019-05-29,1165.01,1175.0,1165.01,1175.0,100.0
2019-05-29,1179.0,1179.0,1179.0,1179.0,1.0
2019-05-29,1103.0,1103.0,1101.0,1101.0,201.0
2019-05-29,12.81,12.85,12.81,12.85,22705.0
2019-05-29,1304.9,1305.0,1290.0,1292.0,667.0
2019-05-30,12.8,12.9,12.8,12.86,18370.0
2019-05-30,1292.0,1292.0,1292.0,1292.0,1.0
2019-05-30,1174.0,1175.0,1174.0,1175.0,150.0
2019-05-30,131.05,135.6,131.05,135.1,30257040.0
2019-05-31,1166.01,1166.01,1166.01,1166.01,20.0
2019-05-31,1180.0,1180.0,1177.5,1177.5,67.0
2019-05-31,12.85,12.9,12.82,12.87,12025.0
2019-05-31,1304.5,1304.5,1285.0,1293.11,362.0
2019-05-31,135.25,136.05,132.3,133.25,11325445.0
2019-06-03,12.85,12.9,12.81,12.85,19870.0
2019-06-03,1300.0,1300.0,1293.0,1293.0,58.0
2019-06-03,134.4,134.8,132.7,133.1,7302092.0
2019-06-04,1189.2,1189.2,1189.2,1189.2,5.0
2019-06-04,1178.0,1178.0,1178.0,1178.0,1.0
2019-06-04,133.15,136.35,133.15,135.05,10439893.0
2019-06-04,1304.9,1304.9,1290.01,1290.01,52.0
2019-06-04,1189.0,1189.0,1189.0,1189.0,1.0
2019-06-04,1085.2,1104.0,1085.2,1104.0,206.0
2019-06-04,12.6,12.9,12.6,12.84,24494.0
2019-06-04,1170.0,1170.0,1166.0,1166.0,171.0
2019-06-06,1189.0,1189.0,1189.0,1189.0,1.0
2019-06-06,12.8,12.98,12.8,12.94,50002.0
2019-06-06,1104.0,1104.0,1090.26,1090.26,5.0
2019-06-06,1293.1,1293.1,1292.99,1293.0,452.0
2019-06-06,1177.0,1177.0,1177.0,1177.0,1.0
2019-06-06,1083.51,1083.51,1083.5,1083.5,100.0
2019-06-06,135.15,137.0,132.8,136.55,12191883.0
2019-06-07,137.0,137.5,134.5,135.15,9310029.0
2019-06-07,1084.5,1084.5,1084.5,1084.5,4.0
2019-06-07,1176.0,1176.0,1176.0,1176.0,1.0
2019-06-07,1180.0,1180.0,1180.0,1180.0,90.0
2019-06-07,1297.0,1299.99,1290.1,1299.99,361.0
2019-06-07,12.5,12.86,12.5,12.81,53640.0
2019-06-07,1115.65,1132.5,1115.65,1132.5,1689.0
2019-06-07,1188.0,1188.0,1188.0,1188.0,1.0
2019-06-07,1147.2,1147.2,1147.2,1147.2,476.0
2019-06-07,1083.5,1083.5,1083.5,1083.5,78.0
2019-06-10,12.75,12.91,12.75,12.87,33294.0
2019-06-10,1090.0,1090.0,1090.0,1090.0,4.0
2019-06-10,1290.0,1300.0,1290.0,1295.0,208.0
2019-06-10,1180.5,1182.0,1175.0,1175.0,128.0
2019-06-10,135.2,137.1,134.35,135.0,7295669.0
2019-06-11,1190.0,1190.0,1190.0,1190.0,1.0
2019-06-11,135.4,136.65,133.75,135.3,4554162.0
2019-06-11,12.85,12.97,12.84,12.93,33772.0
2019-06-11,1190.0,1199.0,1175.0,1199.0,707.0
2019-06-11,1130.0,1135.0,1130.0,1131.0,2358.0
2019-06-11,1110.0,1110.0,1087.0,1095.51,158.0
2019-06-12,1210.0,1210.0,1210.0,1210.0,1.0
2019-06-12,12.85,12.98,12.85,12.92,25413.0
2019-06-12,1114.0,1114.0,1114.0,1114.0,1.0
2019-06-12,1166.0,1166.0,1166.0,1166.0,30.0
2019-06-12,1189.0,1189.0,1189.0,1189.0,1.0
2019-06-12,135.0,135.7,133.3,134.4,3660802.0
2019-06-13,134.5,135.85,133.3,134.9,5113806.0
2019-06-13,1170.0,1170.0,1162.01,1162.01,150.0
2019-06-13,1209.0,1209.0,1209.0,1209.0,1.0
2019-06-13,12.9,12.95,12.9,12.91,17606.0
2019-06-13,1209.0,1209.0,1195.0,1195.0,158.0
2019-06-13,1118.0,1118.0,1118.0,1118.0,1.0
2019-06-14,1194.0,1194.0,1194.0,1194.0,1.0
2019-06-14,12.92,12.94,12.88,12.89,20039.0
2019-06-14,1089.54,1113.99,1089.54,1107.41,140.0
2019-06-14,1174.0,1175.0,1173.0,1173.63,230.0
2019-06-14,1209.0,1209.0,1209.0,1209.0,1.0
2019-06-14,134.95,135.5,132.4,132.75,4761596.0
2019-06-17,1295.0,1309.88,1295.0,1308.88,663.0
2019-06-17,1203.95,1203.95,1203.95,1203.95,32.0
2019-06-17,12.85,12.94,12.85,12.91,10540.0
2019-06-17,1169.0,1170.0,1169.0,1170.0,290.0
2019-06-17,133.45,133.85,131.4,132.25,3655275.0
2019-06-18,1209.0,1209.0,1209.0,1209.0,1.0
2019-06-18,132.6,133.35,131.9,132.4,5172138.0
2019-06-18,1170.0,1170.0,1170.0,1170.0,155.0
2019-06-18,1300.0,1300.0,1300.0,1300.0,1.0
2019-06-18,12.9,12.94,12.9,12.92,51237.0
2019-06-18,1182.21,1182.6,1182.21,1182.6,94.0
2019-06-18,1156.0,1156.0,1156.0,1156.0,4281.0
2019-06-18,1115.0,1115.0,1115.0,1115.0,1.0
2019-06-19,1183.05,1192.0,1183.05,1192.0,227.0
2019-06-19,12.9,12.95,12.9,12.93,63013.0
2019-06-19,1114.0,1114.0,1114.0,1114.0,1.0
2019-06-19,1170.0,1174.0,1170.0,1174.0,126.0
2019-06-19,1307.99,1308.0,1307.99,1308.0,343.0
2019-06-19,1220.0,1220.0,1220.0,1220.0,1.0
2019-06-19,1195.0,1195.0,1195.0,1195.0,2.0
2019-06-19,132.5,135.25,132.5,134.65,5278372.0
2019-06-20,1315.0,1315.0,1310.0,1310.0,297.0
2019-06-20,134.6,135.25,133.6,134.55,6963441.0
2019-06-20,1197.0,1205.0,1197.0,1200.21,47.0
2019-06-20,1220.0,1220.0,1220.0,1220.0,1.0
2019-06-20,12.8,12.95,12.8,12.93,39154.0
2019-06-20,1204.0,1204.0,1204.0,1204.0,1.0
2019-06-20,1170.0,1170.0,1170.0,1170.0,40.0
2019-06-21,1204.0,1204.0,1204.0,1204.0,1.0
2019-06-21,12.9,12.95,12.86,12.94,28779.0
2019-06-21,1114.0,1114.0,1094.4,1094.4,3.0
2019-06-21,1305.0,1305.0,1291.32,1297.25,2132.0
2019-06-21,1170.0,1170.0,1170.0,1170.0,50.0
2019-06-21,134.85,135.2,134.05,134.55,9456244.0
2019-06-24,1301.0,1301.01,1300.0,1301.01,299.0
2019-06-24,1116.0,1116.0,1116.0,1116.0,1.0
2019-06-24,1170.0,1170.0,1170.0,1170.0,100.0
2019-06-24,1204.0,1204.0,1204.0,1204.0,1.0
2019-06-24,12.75,12.95,12.75,12.91,87125.0
2019-06-24,134.7,136.0,133.75,135.6,5918107.0
2019-06-25,1220.0,1220.0,1220.0,1220.0,1.0
2019-06-25,1196.51,1196.51,1196.51,1196.51,50.0
2019-06-25,135.95,139.7,135.15,138.45,18761799.0
2019-06-25,1315.0,1315.0,1297.0,1297.0,252.0
2019-06-25,1090.3,1090.3,1090.3,1090.3,8.0
2019-06-25,1203.0,1203.9,1203.0,1203.9,25.0
2019-06-25,12.9,12.95,12.9,12.94,30142.0
2019-06-26,1197.0,1197.0,1196.5,1196.5,81.0
2019-06-26,1099.0,1099.0,1099.0,1099.0,1.0
2019-06-26,12.85,12.95,12.85,12.92,17162.0
2019-06-26,1300.0,1300.0,1297.0,1297.0,68.0
2019-06-26,1220.0,1220.0,1220.0,1220.0,1.0
2019-06-26,139.5,141.9,139.3,140.05,24643824.0
2019-06-27,141.05,142.0,139.05,140.15,38789825.0
2019-06-27,1305.0,1315.0,1290.15,1292.1,451.0
2019-06-27,1170.0,1170.0,1162.0,1162.0,50.0
2019-06-27,1197.0,1197.0,1197.0,1197.0,1.0
2019-06-27,12.92,12.99,12.92,12.93,14858.0
2019-06-27,1204.0,1204.0,1204.0,1204.0,1.0
2019-06-27,1197.0,1197.0,1150.0,1165.7,39.0
2019-06-27,1113.0,1113.0,1113.0,1113.0,1.0
2019-06-28,140.1,141.85,139.5,141.35,10648757.0
2019-06-28,1170.0,1180.0,1170.0,1180.0,60.0
2019-06-28,1132.35,1150.0,1132.35,1150.0,32.0
2019-06-28,12.85,12.95,12.85,12.92,20133.0
2019-06-28,1097.0,1097.0,1097.0,1097.0,16.0
2019-06-28,1290.0,1290.0,1288.07,1290.0,115.0
2019-07-01,1289.99,1289.99,1089.6,1089.6,453.0
2019-07-01,12.85,12.94,12.85,12.91,14235.0
2019-07-01,1314.98,1314.98,1304.9,1304.9,6.0
2019-07-01,1150.0,1150.0,1150.0,1150.0,78.0
2019-07-01,1193.3,1193.3,1193.3,1193.3,500.0
2019-07-01,142.2,145.85,138.65,142.55,31289422.0
2019-07-02,1090.0,1200.0,1022.6,1111.3,3.0
2019-07-02,1145.0,1145.0,1145.0,1145.0,16.0
2019-07-02,143.0,144.4,142.55,142.95,8847109.0
2019-07-02,12.9,12.95,12.88,12.92,54429.0
2019-07-02,1191.0,1192.0,1187.05,1192.0,1255.0
2019-07-02,1305.0,1312.0,1300.0,1302.5,2308.0
2019-07-03,1095.21,1095.21,1095.21,1095.21,31.0
2019-07-03,12.85,12.95,12.85,12.93,60656.0
2019-07-03,1172.0,1172.0,1161.0,1161.29,1200.0
2019-07-03,1315.0,1315.0,1300.0,1300.0,11.0
2019-07-03,143.85,144.4,142.65,143.25,6947927.0
2019-07-04,1195.0,1195.0,1192.0,1193.0,100.0
2019-07-04,12.9,12.95,12.9,12.94,30100.0
2019-07-04,1090.18,1110.0,1090.18,1110.0,171.0
2019-07-04,1162.0,1162.2,1162.0,1162.0,24.0
2019-07-04,1319.9,1319.9,1300.0,1300.6,31.0
2019-07-04,1193.0,1210.0,1193.0,1210.0,10.0
2019-07-04,144.45,144.45,142.35,143.45,5792826.0
2019-07-05,1305.0,1305.0,1304.0,1304.66,150.0
2019-07-05,142.8,143.8,135.4,136.5,21459265.0
2019-07-05,12.93,12.96,12.93,12.95,28918.0
2019-07-05,1170.0,1170.0,1162.0,1162.0,50.0
2019-07-08,1151.0,1185.0,1151.0,1185.0,55.0
2019-07-08,1204.0,1204.0,1204.0,1204.0,1.0
2019-07-08,12.9,13.0,12.9,12.98,66110.0
2019-07-08,1117.0,1117.0,1117.0,1117.0,1.0
2019-07-08,1315.0,1315.0,1300.01,1314.9,330.0
2019-07-08,1200.0,1200.0,1200.0,1200.0,1.0
2019-07-08,136.6,136.6,128.55,129.6,20404790.0
2019-07-09,128.45,132.0,127.6,129.55,19374808.0
2019-07-09,1200.0,1200.0,1200.0,1200.0,1.0
2019-07-09,1165.0,1165.0,1165.0,1165.0,50.0
2019-07-09,1185.0,1185.0,1175.0,1175.0,14.0
2019-07-09,12.96,13.02,12.96,12.99,27861.0
2019-07-09,1204.0,1204.0,1204.0,1204.0,1.0
2019-07-09,1120.0,1120.0,1120.0,1120.0,1.0
2019-07-10,1315.0,1315.0,1313.95,1313.95,8.0
2019-07-10,129.0,131.0,128.65,129.05,9141198.0
2019-07-10,1210.0,1210.0,1210.0,1210.0,1.0
2019-07-10,1170.0,1170.0,1170.0,1170.0,175.0
2019-07-10,1196.0,1210.0,1196.0,1210.0,46.0
2019-07-10,12.99,13.05,12.99,13.0,14095.0
2019-07-10,1440.0,1440.0,1300.0,1300.0,2.0
2019-07-10,1119.0,1119.0,1119.0,1119.0,1.0
2019-07-11,1208.8,1209.0,1208.8,1208.97,696.0
2019-07-11,13.0,13.05,13.0,13.04,15617.0
2019-07-11,1119.0,1119.0,1119.0,1119.0,25.0
2019-07-11,1313.95,1314.99,1310.01,1311.41,357.0
2019-07-11,1214.0,1214.0,1214.0,1214.0,1.0
2019-07-11,130.25,130.9,128.6,128.95,6669919.0
2019-07-12,1110.0,1110.0,1110.0,1110.0,8.0
2019-07-12,13.0,13.05,13.0,13.03,21846.0
2019-07-12,1178.0,1178.0,1178.0,1178.0,5.0
2019-07-12,129.85,132.45,126.45,127.8,21467991.0
2019-07-15,128.0,128.95,127.3,127.95,5852788.0
2019-07-15,1220.0,1220.0,1220.0,1220.0,1.0
2019-07-15,1319.9,1319.9,1310.01,1310.01,204.0
2019-07-15,1217.0,1219.0,1210.0,1219.0,256.0
2019-07-15,1124.0,1124.0,1124.0,1124.0,1.0
2019-07-15,13.0,13.1,13.0,13.02,11940.0
2019-07-15,1178.0,1178.0,1178.0,1178.0,5.0
2019-07-16,1105.01,1105.01,1105.01,1105.01,8.0
2019-07-16,13.02,13.09,13.0,13.08,16365.0
2019-07-16,1181.0,1181.0,1181.0,1181.0,100.0
2019-07-16,1329.9,1332.0,1323.0,1332.0,642.0
2019-07-16,128.8,131.4,128.0,130.95,11313969.0
2019-07-17,1339.9,1339.9,1320.0,1330.09,202.0
2019-07-17,1220.0,1220.0,1220.0,1220.0,4.0
2019-07-17,131.6,132.15,128.7,129.1,10958942.0
2019-07-17,12.0,13.1,12.0,13.05,16252.0
2019-07-17,1123.0,1124.0,1114.0,1124.0,194.0
2019-07-17,1227.0,1227.0,1227.0,1227.0,2.0
2019-07-18,13.04,13.09,13.04,13.09,17200.0
2019-07-18,1181.0,1181.0,1181.0,1181.0,30.0
2019-07-18,1200.0,1200.0,1200.0,1200.0,204.0
2019-07-18,1320.02,1339.9,1320.02,1333.6,53.0
2019-07-18,130.1,130.95,126.4,127.05,18049102.0
2019-07-19,13.0,13.1,13.0,13.09,24964.0
2019-07-19,1183.0,1183.0,1183.0,1183.0,75.0
2019-07-19,1220.0,1220.0,1220.0,1220.0,1.0
2019-07-19,1344.99,1344.99,1310.06,1312.04,9.0
2019-07-19,127.95,131.0,126.05,129.9,33840376.0
2019-07-19,1228.9,1228.9,1228.9,1228.9,50.0
2019-07-22,130.5,132.65,127.65,130.85,15870663.0
2019-07-22,1220.0,1220.0,1200.0,1218.76,423.0
2019-07-22,1349.89,1349.89,1343.9,1344.7,132.0
2019-07-22,1185.0,1185.0,1185.0,1185.0,20.0
2019-07-22,1215.0,1228.0,1215.0,1228.0,17.0
2019-07-22,13.0,13.1,13.0,13.04,35242.0
2019-07-23,1234.0,1234.0,1234.0,1234.0,1.0
2019-07-23,13.0,13.09,13.0,13.05,10436.0
2019-07-23,1124.5,1124.5,1124.5,1124.5,1.0
2019-07-23,1182.0,1193.0,1182.0,1193.0,490.0
2019-07-23,1230.0,1230.0,1230.0,1230.0,1.0
2019-07-23,1344.0,1344.7,1340.05,1344.7,162.0
2019-07-23,131.45,133.45,130.5,133.05,9840729.0
2019-07-24,1345.0,1345.0,1340.0,1340.0,31.0
2019-07-24,1220.25,1220.25,1218.0,1220.05,100.0
2019-07-24,13.05,13.06,13.05,13.05,25256.0
2019-07-24,1118.0,1118.0,1118.0,1118.0,1.0
2019-07-24,1195.0,1195.0,1191.0,1191.0,50.0
2019-07-24,133.55,133.55,130.7,131.85,10421947.0
2019-07-25,1221.41,1221.41,1221.41,1221.41,6.0
2019-07-25,132.0,132.85,128.4,129.75,29337351.0
2019-07-25,1349.9,1352.0,1342.0,1342.0,32.0
2019-07-25,1200.0,1200.0,1200.0,1200.0,16.0
2019-07-25,1182.25,1190.0,1182.25,1190.0,99.0
2019-07-25,1120.9,1120.9,1120.9,1120.9,5.0
2019-07-25,13.05,13.12,13.05,13.1,11156.0
2019-07-25,1220.0,1225.0,1220.0,1225.0,143.0
2019-07-26,1266.0,1266.0,1266.0,1266.0,5.0
2019-07-26,1225.1,1225.1,1225.1,1225.1,8.0
2019-07-26,13.07,13.15,13.07,13.12,94732.0
2019-07-26,1190.0,1190.0,1190.0,1190.0,10.0
2019-07-26,130.4,130.4,128.25,128.8,11411885.0
2019-07-29,13.09,13.13,13.09,13.09,17864.0
2019-07-29,1185.0,1185.0,1185.0,1185.0,10.0
2019-07-29,1349.9,1350.6,1349.9,1350.6,42.0
2019-07-29,128.0,128.8,126.75,127.3,22168687.0
2019-07-30,126.65,128.65,126.1,127.2,16228044.0
2019-07-30,1120.0,1120.0,1120.0,1120.0,31.0
2019-07-30,1327.01,1364.8,1327.01,1364.8,6.0
2019-07-30,1230.0,1240.99,1230.0,1240.99,113.0
2019-07-30,13.09,13.15,13.09,13.11,25113.0
2019-07-31,1212.55,1212.55,1212.55,1212.55,50.0
2019-07-31,1275.25,1275.25,1275.25,1275.25,35.0
2019-07-31,1246.0,1246.0,1231.0,1231.0,471.0
2019-07-31,1309.5,1309.5,1309.5,1309.5,1583.0
2019-07-31,13.06,13.13,13.06,13.1,16182.0
2019-07-31,1127.93,1127.93,1127.93,1127.93,1.0
2019-07-31,1200.0,1200.0,1200.0,1200.0,2.0
2019-07-31,1360.0,1360.0,1358.0,1360.0,71.0
2019-07-31,1113.0,1115.0,1113.0,1115.0,6.0
2019-07-31,126.2,127.35,125.5,126.55,14557889.0
2019-08-01,13.1,13.2,13.1,13.15,45423.0
2019-08-01,1220.55,1252.5,1220.55,1252.5,50.0
2019-08-01,126.4,127.75,125.15,126.85,11138203.0
2019-08-02,126.2,126.9,122.45,123.1,21851409.0
2019-08-02,1307.01,1365.0,1307.01,1365.0,17.0
2019-08-02,13.1,13.22,13.1,13.19,32211.0
2019-08-02,1240.0,1240.0,1240.0,1240.0,39.0
2019-08-02,1250.25,1250.25,1250.25,1250.25,25.0
2019-08-05,1239.0,1240.0,1230.25,1230.25,171.0
2019-08-05,13.12,13.17,13.12,13.15,67152.0
2019-08-05,1365.0,1365.0,1364.99,1364.99,52.0
2019-08-05,122.4,123.45,120.45,121.0,8713907.0
2019-08-06,1162.5,1162.5,1162.5,1162.5,300.0
2019-08-06,13.14,13.16,13.14,13.14,41922.0
2019-08-06,1180.0,1180.0,1180.0,1180.0,1.0
2019-08-06,1364.9,1364.9,1330.0,1360.1,998.0
2019-08-06,120.0,124.9,119.75,123.35,13232442.0
2019-08-07,1118.0,1118.0,1117.1,1117.1,6.0
2019-08-07,123.0,124.95,122.1,123.05,13132981.0
2019-08-07,1364.9,1365.0,1359.99,1365.0,172.0
2019-08-07,1115.19,1115.19,1115.19,1115.19,1.0
2019-08-07,1232.81,1250.1,1232.8,1237.5,879.0
2019-08-07,13.14,13.2,13.14,13.18,109623.0
2019-08-08,1192.84,1192.84,1192.84,1192.84,300.0
2019-08-08,1237.25,1241.25,1237.25,1240.32,196.0
2019-08-08,1131.0,1131.0,1131.0,1131.0,63.0
2019-08-08,13.1,13.35,13.1,13.21,114559.0
2019-08-08,1201.0,1201.0,1200.0,1200.0,80.0
2019-08-08,1370.0,1378.49,1340.3,1340.3,282.0
2019-08-08,123.15,125.15,122.2,124.65,8227791.0
2019-08-09,1336.34,1336.34,1336.32,1336.33,100.0
2019-08-09,1240.0,1240.0,1240.0,1240.0,157.0
2019-08-09,13.22,13.22,13.18,13.18,11667.0
2019-08-09,1210.0,1210.0,1210.0,1210.0,10.0
2019-08-09,124.6,126.65,123.15,123.9,10566552.0
2019-08-13,123.0,123.0,114.75,117.15,25954194.0
2019-08-13,1363.0,1363.0,1362.0,1362.63,19.0
2019-08-13,13.18,13.25,13.18,13.18,10204.0
2019-08-13,1130.0,1130.0,1122.05,1130.0,445.0
2019-08-13,1236.0,1239.0,1236.0,1239.0,2.0
2019-08-14,1130.0,1130.0,1130.0,1130.0,55.0
2019-08-14,1155.0,1155.0,1155.0,1155.0,1.0
2019-08-14,12.8,13.49,12.8,13.47,197999.0
2019-08-14,1362.8,1370.0,1362.8,1369.56,12.0
2019-08-14,117.25,119.0,116.55,117.6,8641527.0
2019-08-16,1167.1,1167.1,1167.1,1167.1,12491.0
2019-08-16,1131.05,1132.0,1131.05,1132.0,102.0
2019-08-16,13.35,13.35,13.16,13.24,14950.0
2019-08-16,1368.9,1385.9,1368.9,1385.9,9.0
2019-08-16,117.4,119.3,116.6,117.8,10992249.0
2019-08-19,1370.0,1370.0,1370.0,1370.0,5.0
2019-08-19,1225.25,1225.25,1205.0,1205.0,120.0
2019-08-19,118.35,120.45,117.6,118.9,9653434.0
2019-08-19,1132.0,1132.0,1132.0,1132.0,18.0
2019-08-19,13.15,13.2,13.11,13.16,55756.0
2019-08-20,1250.0,1250.0,1238.0,1238.0,500.0
2019-08-20,1235.05,1249.99,1235.05,1249.99,239.0
2019-08-20,13.1,13.2,13.1,13.16,16002.0
2019-08-20,1215.55,1215.55,1215.0,1215.0,35.0
2019-08-20,1350.11,1361.0,1350.11,1361.0,60.0
2019-08-20,119.0,120.25,117.35,117.95,7758935.0
2019-08-21,118.0,119.6,117.45,117.9,12842739.0
2019-08-21,1361.0,1375.0,1361.0,1374.1,469.0
2019-08-21,1225.55,1225.55,1211.6,1218.0,49.0
2019-08-21,1250.15,1250.15,1250.15,1250.15,100.0
2019-08-21,1144.0,1144.0,1144.0,1144.0,31.0
2019-08-21,1249.0,1249.0,1249.0,1249.0,3.0
2019-08-21,13.11,13.23,13.11,13.12,31569.0
2019-08-22,1384.0,1384.0,1360.0,1360.01,29.0
2019-08-22,118.0,118.4,113.85,114.75,16991585.0
2019-08-22,1218.0,1300.0,1200.0,1200.0,33.0
2019-08-22,13.11,13.19,13.08,13.12,22326.0
2019-08-22,1130.6,1130.6,1130.6,1130.6,16.0
2019-08-22,1250.0,1251.01,1250.0,1251.01,150.0
2019-08-23,1240.2,1240.2,1240.2,1240.2,18.0
2019-08-23,1138.0,1138.0,1138.0,1138.0,57.0
2019-08-23,13.1,13.25,13.02,13.19,107528.0
2019-08-23,1201.0,1201.0,1200.0,1200.0,50.0
2019-08-23,1383.95,1383.95,1360.05,1360.05,60.0
2019-08-23,115.0,118.95,114.1,118.5,9284204.0
2019-08-26,119.0,120.6,117.7,120.05,11965007.0
2019-08-26,1370.0,1370.0,1360.1,1360.1,134.0
2019-08-26,1254.99,1254.99,1254.99,1254.99,6.0
2019-08-26,1242.05,1250.0,1242.05,1250.0,110.0
2019-08-26,1138.0,1138.0,1138.0,1138.0,10.0
2019-08-26,1389.0,1389.0,1251.0,1369.0,155.0
2019-08-26,13.1,13.3,13.01,13.12,33209.0
2019-08-27,120.15,125.4,120.15,123.2,22238086.0
2019-08-27,1372.99,1373.0,1372.99,1373.0,2.0
2019-08-27,1259.99,1266.0,1259.99,1263.05,574.0
2019-08-27,13.0,13.48,13.0,13.17,25190.0
2019-08-27,1180.01,1180.01,1180.01,1180.01,78.0
2019-08-28,1260.0,1267.0,1260.0,1262.62,40.0
2019-08-28,1151.0,1151.0,1151.0,1151.0,50.0
2019-08-28,13.11,13.16,13.1,13.11,10858.0
2019-08-28,1363.0,1365.0,1362.11,1364.39,134.0
2019-08-28,123.8,124.7,119.45,119.9,11905383.0
2019-08-29,1262.0,1262.0,1262.0,1262.0,15.0
2019-08-29,13.1,13.33,13.1,13.12,30907.0
2019-08-29,1175.01,1223.99,1175.01,1223.99,26.0
2019-08-29,1381.98,1381.98,1374.99,1375.0,3.0
2019-08-29,118.75,124.15,117.9,123.1,38336134.0
2019-08-30,122.9,123.65,115.6,121.65,18833819.0
2019-08-30,1360.44,1362.01,1360.44,1362.01,34.0
2019-08-30,1229.9,1230.0,1229.9,1230.0,162.0
2019-08-30,13.12,13.15,13.1,13.12,15124.0
2019-08-30,1250.0,1250.0,1245.56,1245.88,59.0
2019-09-03,1245.0,1250.0,1245.0,1247.0,28.0
2019-09-03,13.05,13.25,13.05,13.24,51548.0
2019-09-03,1200.0,1200.0,1200.0,1200.0,13.0
2019-09-03,1377.99,1377.99,1377.99,1377.99,12.0
2019-09-03,121.95,121.95,117.15,117.65,7635093.0
2019-09-04,118.0,119.9,116.65,119.45,7299231.0
2019-09-04,1378.0,1378.0,1360.08,1360.08,116.0
2019-09-04,1200.0,1200.0,1195.0,1196.06,181.0
2019-09-04,1130.35,1130.35,1130.35,1130.35,3.0
2019-09-04,1250.0,1265.0,1250.0,1265.0,129.0
2019-09-04,13.0,13.25,13.0,13.19,57750.0
2019-09-05,13.12,13.22,13.12,13.21,25235.0
2019-09-05,1126.5,1126.5,1126.5,1126.5,3.0
2019-09-05,119.85,129.65,119.85,123.45,19432303.0
2019-09-06,123.45,127.8,123.3,127.0,11891983.0
2019-09-06,1360.08,1384.0,1360.08,1384.0,480.0
2019-09-06,1247.0,1247.0,1245.21,1245.21,78.0
2019-09-06,13.11,13.3,13.11,13.21,13949.0
2019-09-09,1131.2,1131.2,1131.2,1131.2,4.0
2019-09-09,13.0,13.35,13.0,13.27,154320.0
2019-09-09,1216.25,1216.25,1195.0,1195.0,270.0
2019-09-09,1384.0,1384.0,1384.0,1384.0,1.0
2019-09-09,127.3,127.95,125.2,126.35,5303272.0
2019-09-11,1246.01,1268.0,1246.01,1268.0,856.0
2019-09-11,1134.21,1137.1,1134.21,1137.1,50.0
2019-09-11,13.5,13.5,13.21,13.23,9739.0
2019-09-11,1225.0,1225.0,1200.0,1200.0,50.0
2019-09-11,1399.0,1419.0,1382.05,1382.05,1008.0
2019-09-11,126.5,127.55,123.85,124.5,5473674.0
2019-09-12,124.0,124.75,121.6,122.25,8444053.0
2019-09-12,1385.0,1385.0,1385.0,1385.0,18.0
2019-09-12,13.21,13.3,13.1,13.24,12828.0
2019-09-12,1135.0,1140.01,1133.6,1140.01,24.0
2019-09-12,1220.55,1221.15,1200.0,1200.0,100.0
2019-09-13,1286.99,1286.99,1286.99,1286.99,25.0
2019-09-13,1131.11,1132.34,1131.11,1132.34,107.0
2019-09-13,13.21,13.33,13.12,13.26,11770.0
2019-09-13,1180.0,1196.0,1180.0,1196.0,25.0
2019-09-13,1368.0,1395.0,1368.0,1394.35,166.0
2019-09-13,122.35,124.3,121.25,124.05,7509999.0
2019-09-16,1270.0,1270.6,1262.0,1269.64,38.0
2019-09-16,1132.71,1140.01,1132.71,1140.01,11.0
2019-09-16,12.0,13.26,12.0,13.23,19960.0
2019-09-16,1400.0,1400.0,1400.0,1400.0,96.0
2019-09-16,123.35,124.15,121.85,123.25,5593727.0
2019-09-17,13.2,13.34,13.2,13.32,46027.0
2019-09-17,122.85,123.15,120.55,120.9,5663425.0
2019-09-17,1343.0,1375.0,1343.0,1369.16,3.0
2019-09-17,1149.0,1151.0,1149.0,1151.0,5.0
2019-09-17,1265.0,1265.0,1265.0,1265.0,20.0
2019-09-18,1266.0,1266.0,1266.0,1266.0,191.0
2019-09-18,1133.3,1134.28,1133.3,1134.28,48.0
2019-09-18,13.25,13.34,13.25,13.26,28270.0
2019-09-18,1161.0,1171.0,1161.0,1171.0,25.0
2019-09-18,1375.0,1375.0,1351.06,1364.99,1317.0
2019-09-18,121.55,122.85,119.65,122.5,8627190.0
2019-09-19,1165.03,1200.0,1165.03,1200.0,1392.0
2019-09-19,13.25,13.37,13.24,13.28,38151.0
2019-09-19,1185.0,1190.0,1185.0,1185.01,323.0
2019-09-19,1414.79,1414.79,1370.0,1370.0,15.0
2019-09-19,122.95,122.95,120.1,121.7,6031946.0
2019-09-20,1126.5,1126.5,1126.5,1126.5,200.0
2019-09-20,121.05,125.4,118.5,119.85,34008081.0
2019-09-20,1370.0,1370.0,1360.0,1369.98,1011.0
2019-09-20,1200.0,1200.0,1195.4,1198.79,61.0
2019-09-20,13.23,13.3,13.16,13.21,269822.0
2019-09-20,1195.0,1200.0,1195.0,1198.72,670.0
2019-09-20,1065.92,1068.06,1065.92,1068.06,156.0
2019-09-23,1280.0,1285.0,1250.0,1250.0,346.0
2019-09-23,1068.2,1069.7,1068.2,1069.7,35.0
2019-09-23,1190.0,1195.0,1190.0,1195.0,512.0
2019-09-23,13.01,13.21,13.01,13.18,240737.0
2019-09-23,1370.0,1370.0,1354.2,1362.55,482.0
2019-09-23,121.1,121.6,114.05,116.05,33355557.0
2019-09-24,1367.99,1368.0,1355.1,1368.0,15.0
2019-09-24,13.15,13.22,13.15,13.19,21808.0
2019-09-24,116.3,116.8,114.35,115.15,20864605.0
2019-09-24,1062.41,1062.41,1062.41,1062.41,1.0
2019-09-24,1280.0,1280.0,1280.0,1280.0,200.0
2019-09-24,1190.0,1195.0,1190.0,1190.05,434.0
2019-09-25,1367.99,1367.99,1367.99,1367.99,26.0
2019-09-25,1255.75,1255.75,1255.75,1255.75,25.0
2019-09-25,115.6,118.6,115.05,116.9,18851203.0
2019-09-25,1062.43,1070.5,1062.43,1070.23,118.0
2019-09-25,1287.55,1287.55,1287.55,1287.55,25.0
2019-09-25,13.16,13.22,13.16,13.21,53362.0
2019-09-26,1295.55,1295.55,1250.22,1250.22,26.0
2019-09-26,1071.1,1074.0,1071.1,1074.0,109.0
2019-09-26,13.18,13.3,13.18,13.25,110247.0
2019-09-26,1180.3,1180.3,1179.2,1179.2,50.0
2019-09-26,117.25,118.7,115.95,116.55,21458595.0
2019-09-27,1225.0,1225.0,1225.0,1225.0,10.0
2019-09-27,1370.0,1370.0,1361.0,1370.0,1149.0
2019-09-27,1170.0,1170.0,1170.0,1170.0,10.0
2019-09-27,117.9,119.1,116.3,117.05,9325734.0
2019-09-27,1109.0,1109.0,1109.0,1109.0,4.0
2019-09-27,1190.0,1192.0,1190.0,1192.0,690.0
2019-09-27,13.0,13.3,13.0,13.26,63534.0
2019-09-30,1195.0,1195.0,1195.0,1195.0,78.0
2019-09-30,1369.0,1369.0,1369.0,1369.0,10.0
2019-09-30,13.35,13.35,13.25,13.27,75544.0
2019-09-30,1375.0,1375.0,1375.0,1375.0,2.0
2019-09-30,117.1,118.2,115.75,117.5,12045142.0
2019-10-01,1195.0,1195.0,1195.0,1195.0,9.0
2019-10-01,1152.0,1152.0,1152.0,1152.0,1.0
2019-10-01,13.28,13.4,13.26,13.29,81508.0
2019-10-01,1374.0,1374.0,1374.0,1374.0,48.0
2019-10-01,118.0,118.9,116.25,117.05,9718865.0
2019-10-03,1414.9,1420.0,1380.0,1380.0,76.0
2019-10-03,13.28,13.38,13.27,13.3,246797.0
2019-10-03,117.55,117.55,114.6,116.75,10477900.0
2019-10-03,1062.1,1074.85,1062.1,1068.9,198.0
2019-10-03,1200.0,1225.0,1195.0,1200.0,1215.0
2019-10-04,1075.0,1075.0,1075.0,1075.0,80.0
2019-10-04,13.45,13.45,13.0,13.33,102885.0
2019-10-04,1380.0,1390.0,1379.89,1380.0,1601.0
2019-10-04,117.3,120.5,116.5,117.4,20289650.0
2019-10-07,117.45,117.95,114.7,115.95,14111765.0
2019-10-07,13.3,13.37,13.3,13.35,20393.0
2019-10-07,1384.99,1384.99,1380.0,1380.0,1056.0
2019-10-07,1174.0,1174.0,1174.0,1174.0,31.0
2019-10-07,1070.0,1070.0,1070.0,1070.0,16.0
2019-10-09,1181.0,1182.05,1181.0,1182.05,160.0
2019-10-09,1074.0,1074.0,1074.0,1074.0,4.0
2019-10-09,1155.1,1155.1,1155.1,1155.1,20.0
2019-10-09,13.4,13.45,13.33,13.4,167142.0
2019-10-09,1380.0,1380.0,1380.0,1380.0,100.0
2019-10-09,1219.55,1219.55,1219.55,1219.55,22.0
2019-10-09,116.0,118.0,115.4,117.25,8413122.0
2019-10-10,13.3,15.0,13.3,13.4,21936.0
2019-10-10,1414.79,1414.79,1360.0,1360.0,108.0
2019-10-10,117.2,117.5,116.35,117.25,6885340.0
2019-10-10,1185.0,1200.0,1185.0,1195.05,81.0
2019-10-10,1062.21,1062.21,1062.21,1062.21,1.0
2019-10-10,1200.0,1200.0,1200.0,1200.0,50.0
2019-10-11,13.31,13.46,13.31,13.44,4177997.0
2019-10-11,1160.1,1200.0,1160.1,1200.0,400.0
2019-10-11,1353.51,1380.0,1353.51,1372.75,1365.0
2019-10-11,117.2,118.35,115.9,116.7,9176578.0
2019-10-14,13.32,13.44,13.32,13.42,10763.0
2019-10-14,1377.92,1377.92,1372.1,1372.88,110.0
2019-10-14,116.55,118.15,116.2,117.75,12146203.0
2019-10-15,13.41,13.44,13.37,13.4,77922.0
2019-10-15,1205.0,1206.0,1205.0,1206.0,40.0
2019-10-15,1385.0,1385.0,1377.0,1377.0,23.0
2019-10-15,117.0,119.8,117.0,119.4,7630007.0
2019-10-16,118.8,119.8,116.9,117.4,10206387.0
2019-10-16,1388.0,1388.0,1368.95,1375.4,392.0
2019-10-16,1198.0,1198.0,1175.0,1197.0,108.0
2019-10-16,13.37,13.44,13.35,13.43,47259.0
2019-10-17,1062.1,1063.37,1062.1,1063.37,45.0
2019-10-17,13.47,13.47,13.39,13.41,90547.0
2019-10-17,1371.0,1371.0,1369.99,1370.01,383.0
2019-10-17,117.7,119.2,116.95,118.7,10163035.0
2019-10-18,1370.0,1370.0,1365.0,1370.0,705.0
2019-10-18,13.0,13.49,13.0,13.45,55685.0
2019-10-18,1240.0,1240.0,1240.0,1240.0,60.0
2019-10-18,118.8,121.5,118.4,121.05,16961782.0
2019-10-22,1064.33,1064.33,1064.33,1064.33,16.0
2019-10-22,1190.0,1194.0,1182.1,1188.08,414.0
2019-10-22,13.3,13.48,13.3,13.46,40594.0
2019-10-22,1180.0,1190.0,1180.0,1188.0,1020.0
2019-10-22,1396.99,1396.99,1377.0,1380.0,1077.0
2019-10-22,121.65,121.65,119.95,120.9,12091476.0
2019-10-23,120.25,121.7,120.25,121.05,6580501.0
2019-10-23,1390.0,1390.0,1387.0,1387.0,7.0
2019-10-23,1067.45,1071.27,1067.45,1071.27,32.0
2019-10-23,13.36,13.47,13.36,13.42,22764.0
2019-10-23,1194.0,1194.0,1155.84,1186.0,611.0
2019-10-24,1185.0,1185.31,1185.0,1185.31,94.0
2019-10-24,1070.0,1072.01,1070.0,1072.01,40.0
2019-10-24,13.45,13.46,13.42,13.45,86338.0
2019-10-24,1412.98,1412.98,1387.99,1387.99,254.0
2019-10-24,122.0,122.0,119.2,120.2,8009018.0
2019-10-25,13.42,13.47,13.41,13.44,19467.0
2019-10-25,1200.0,1200.0,1200.0,1200.0,40.0
2019-10-25,1395.0,1395.0,1395.0,1395.0,2.0
2019-10-25,120.85,120.85,118.2,118.5,8505881.0
2019-10-27,1390.0,1390.0,1390.0,1390.0,15.0
2019-10-27,119.0,119.1,118.55,118.8,312159.0
2019-10-27,1175.0,1200.0,1175.0,1200.0,10.0
2019-10-27,13.5,13.5,13.35,13.42,4884.0
2019-10-29,118.7,120.35,117.6,119.9,8581053.0
2019-10-29,1201.0,1203.0,1201.0,1202.48,100.0
2019-10-29,13.4,13.49,13.4,13.47,21556.0
2019-10-29,1414.9,1414.9,1390.0,1397.0,2155.0
2019-10-29,1200.0,1200.0,1200.0,1200.0,10.0
2019-10-29,1200.0,1200.0,1200.0,1200.0,30.0
2019-10-29,1377.0,1377.0,1112.0,1112.0,53.0
2019-10-29,1090.0,1090.0,1090.0,1090.0,50.0
2019-10-30,1250.0,1250.0,1150.1,1150.1,16.0
2019-10-30,1220.0,1220.0,1219.95,1220.0,102.0
2019-10-30,13.41,13.47,13.41,13.43,13471.0
2019-10-30,1398.02,1405.99,1398.01,1399.57,2139.0
2019-10-30,121.0,121.75,119.25,120.95,12119474.0
2019-10-31,121.5,124.2,120.8,122.4,16511583.0
2019-10-31,1400.0,1401.0,1398.0,1400.66,1130.0
2019-10-31,13.43,13.49,13.43,13.46,47299.0
2019-10-31,1072.32,1075.0,1072.32,1075.0,3.0
2019-10-31,1185.5,1190.1,1185.5,1190.1,2.0
2019-11-01,1101.6,1101.6,1101.6,1101.6,78.0
2019-11-01,13.45,13.49,13.45,13.48,16587.0
2019-11-01,1405.0,1405.0,1398.1,1400.1,330.0
2019-11-01,123.0,123.2,121.1,121.5,4170369.0
2019-11-04,1200.0,1200.0,1200.0,1200.0,300.0
2019-11-04,13.47,13.48,13.4,13.47,49082.0
2019-11-04,1135.0,1135.0,1135.0,1135.0,157.0
2019-11-04,1202.0,1202.0,1202.0,1202.0,15.0
2019-11-04,1400.0,1414.9,1400.0,1400.1,1170.0
2019-11-04,121.65,122.6,119.9,120.55,7894331.0
2019-11-05,120.2,121.5,119.55,120.6,6156847.0
2019-11-05,1414.9,1414.9,1400.51,1405.22,114.0
2019-11-05,1205.0,1205.0,1205.0,1205.0,38.0
2019-11-05,13.46,13.48,13.46,13.46,22922.0
2019-11-05,1101.12,1101.12,1101.12,1101.12,2.0
2019-11-05,1072.64,1072.64,1072.61,1072.61,314.0
2019-11-06,1249.0,1249.0,1249.0,1249.0,2.0
2019-11-06,13.5,13.5,13.41,13.47,59641.0
2019-11-06,1205.0,1205.0,1205.0,1205.0,25.0
2019-11-06,1405.0,1405.0,1405.0,1405.0,177.0
2019-11-06,120.1,121.75,119.95,120.65,5317553.0
2019-11-07,1120.22,1120.22,1120.22,1120.22,47.0
2019-11-07,13.47,13.54,13.44,13.5,37923.0
2019-11-07,1200.0,1200.0,1200.0,1200.0,20.0
2019-11-07,121.15,121.2,119.1,119.55,6794239.0
2019-11-08,1400.26,1405.0,1400.26,1405.0,300.0
2019-11-08,13.48,13.53,13.48,13.5,18846.0
2019-11-08,119.1,119.35,117.0,117.4,9771715.0
2019-11-08,1074.1,1074.1,1074.1,1074.1,4.0
2019-11-08,1120.21,1120.21,1120.21,1120.21,16.0
2019-11-08,1185.81,1185.81,1185.81,1185.81,63.0
2019-11-11,1250.0,1250.0,1250.0,1250.0,1.0
2019-11-11,13.5,13.54,13.48,13.51,10057.0
2019-11-11,1410.0,1410.0,1410.0,1410.0,2.0
2019-11-11,118.95,121.75,117.75,118.25,22943443.0
2019-11-13,1150.2,1150.2,1150.2,1150.2,1.0
2019-11-13,1392.0,1403.0,1392.0,1402.95,208.0
2019-11-13,117.9,119.25,117.55,118.3,12220298.0
2019-11-13,13.4,13.54,13.4,13.51,11255.0
2019-11-14,1074.7,1074.7,1074.7,1074.7,8.0
2019-11-14,1120.0,1120.0,1120.0,1120.0,78.0
2019-11-14,13.48,13.54,13.48,13.52,44318.0
2019-11-14,118.5,119.15,117.55,118.55,5208393.0
2019-11-15,118.55,118.85,116.95,117.35,4650424.0
2019-11-15,13.48,13.61,13.48,13.58,55592.0
2019-11-15,1414.9,1414.9,1405.0,1405.0,53.0
2019-11-15,1155.0,1155.0,1155.0,1155.0,27.0
2019-11-15,1175.3,1190.0,1175.2,1186.27,362.0
2019-11-15,1075.11,1075.22,1075.11,1075.22,136.0
2019-11-18,1076.26,1076.26,1076.24,1076.25,78.0
2019-11-18,1128.12,1128.12,1128.12,1128.12,47.0
2019-11-18,13.52,13.57,13.52,13.56,22443.0
2019-11-18,1412.99,1412.99,1408.0,1408.0,4.0
2019-11-18,117.05,117.85,116.8,117.45,4727251.0
2019-11-19,117.75,118.3,116.8,117.35,7577320.0
2019-11-19,1409.99,1409.99,1395.17,1395.17,47.0
2019-11-19,13.55,13.59,13.55,13.57,24063.0
2019-11-19,1200.0,1200.0,1200.0,1200.0,1.0
2019-11-19,1075.75,1075.96,1075.75,1075.96,179.0
2019-11-19,1180.0,1180.0,1165.0,1172.8,250.0
2019-11-19,1180.0,1180.0,1180.0,1180.0,1.0
2019-11-20,1228.39,1228.49,1228.2,1228.2,355.0
2019-11-20,1409.99,1409.99,1400.0,1400.0,440.0
2019-11-20,13.58,13.65,13.58,13.61,49236.0
2019-11-20,117.3,117.6,116.05,117.05,10033434.0
2019-11-20,1220.0,1220.0,1220.0,1220.0,1.0
2019-11-20,1075.86,1075.86,1075.86,1075.86,4.0
2019-11-20,1190.0,1190.0,1190.0,1190.0,1.0
2019-11-21,1399.99,1402.0,1399.99,1400.0,382.0
2019-11-21,13.6,13.7,13.6,13.65,24821.0
2019-11-21,117.4,117.4,114.8,115.3,15099980.0
2019-11-21,1190.0,1190.0,1190.0,1190.0,1.0
2019-11-21,1230.0,1230.0,1230.0,1230.0,1.0
2019-11-21,1225.95,1225.95,1219.0,1219.68,519.0
2019-11-22,1250.0,1263.0,1163.01,1163.01,108.0
2019-11-22,1230.0,1230.0,1230.0,1230.0,1.0
2019-11-22,1185.0,1185.0,1185.0,1185.0,1.0
2019-11-22,13.55,13.69,13.55,13.63,20747.0
2019-11-22,1400.0,1400.0,1400.0,1400.0,10.0
2019-11-22,116.95,119.2,116.95,117.8,13934099.0
2019-11-25,1397.0,1414.88,1397.0,1407.0,115.0
2019-11-25,118.0,118.4,117.1,118.1,10863475.0
2019-11-25,13.55,13.65,13.55,13.63,18304.0
2019-11-25,1309.9,1439.9,1309.9,1439.9,200.0
2019-11-25,1000.0,1000.0,1000.0,1000.0,1.0
2019-11-25,1181.0,1181.0,1181.0,1181.0,157.0
2019-11-26,1100.0,1125.0,1100.0,1120.0,6.0
2019-11-26,1100.42,1135.0,1100.42,1135.0,156.0
2019-11-26,13.55,13.7,13.55,13.64,14751.0
2019-11-26,1405.0,1405.0,1405.0,1405.0,200.0
2019-11-26,118.1,118.9,116.2,116.65,14426269.0
2019-11-27,1075.99,1075.99,1075.99,1075.99,34.0
2019-11-27,13.55,13.66,13.55,13.64,21752.0
2019-11-27,1414.89,1414.89,1385.02,1385.31,102.0
2019-11-27,116.8,117.3,115.45,115.75,5455521.0
2019-11-28,116.15,116.25,115.05,115.55,10014250.0
2019-11-28,1250.0,1250.0,1250.0,1250.0,25.0
2019-11-28,1393.02,1393.03,1393.02,1393.03,16.0
2019-11-28,1345.0,1345.0,1340.0,1340.0,26.0
2019-11-28,13.57,13.75,13.57,13.69,25642.0
2019-11-29,1181.71,1190.01,1181.7,1190.01,257.0
2019-11-29,1329.98,1329.98,1300.0,1327.23,369.0
2019-11-29,13.69,13.8,13.65,13.7,238017.0
2019-11-29,116.0,117.6,115.5,116.35,7014266.0
2019-12-02,1352.55,1352.55,1352.55,1352.55,75.0
2019-12-02,1229.95,1229.95,1219.6,1219.6,2.0
2019-12-02,1330.99,1330.99,1300.0,1315.05,869.0
2019-12-02,1249.99,1249.99,1249.99,1249.99,75.0
2019-12-02,13.6,13.72,13.6,13.7,15797.0
2019-12-02,115.75,116.3,115.1,115.3,6609154.0
2019-12-03,115.1,115.8,114.4,114.55,6614178.0
2019-12-03,13.6,13.75,13.6,13.7,15654.0
2019-12-03,1329.99,1329.99,1302.6,1315.05,1023.0
2019-12-03,1163.99,1163.99,1162.4,1162.4,182.0
2019-12-03,1197.9,1321.0,1197.9,1321.0,463.0
2019-12-03,1224.59,1224.59,1200.0,1200.0,160.0
2019-12-03,1140.0,1140.0,1095.0,1095.0,201.0
2019-12-03,1357.55,1500.0,1261.0,1265.0,187.0
2019-12-03,1139.9,1280.0,1139.9,1280.0,131.0
2019-12-04,115.05,115.3,114.0,114.8,4444594.0
2019-12-04,1314.0,1324.7,1314.0,1322.31,514.0
2019-12-04,13.7,13.75,13.7,13.73,20159.0
2019-12-04,1094.0,1096.75,1094.0,1096.75,300.0
2019-12-04,1280.55,1280.55,1280.55,1280.55,25.0
2019-12-04,1165.0,1169.99,1165.0,1168.0,411.0
2019-12-05,1182.5,1190.0,1182.5,1190.0,2.0
2019-12-05,1098.0,1098.0,1098.0,1098.0,1.0
2019-12-05,1170.0,1170.0,1081.01,1163.99,678.0
2019-12-05,1320.0,1336.99,1300.05,1328.88,1432.0
2019-12-05,13.73,13.78,13.7,13.7,233366.0
2019-12-05,114.75,115.25,113.85,114.1,2537275.0
2019-12-06,114.7,114.7,112.2,112.65,3836996.0
2019-12-06,1310.01,1330.0,1310.01,1329.2,581.0
2019-12-06,13.7,13.75,13.7,13.71,36541.0
2019-12-06,1290.0,1290.0,1290.0,1290.0,25.0
2019-12-06,1100.0,1145.0,1100.0,1139.99,117.0
2019-12-09,1145.2,1160.0,1145.0,1154.6,431.0
2019-12-09,1190.0,1195.0,1190.0,1190.0,166.0
2019-12-09,1139.8,1139.99,1125.0,1139.27,424.0
2019-12-09,1330.0,1330.0,1318.51,1330.0,210.0
2019-12-09,13.7,13.73,13.7,13.72,13759.0
2019-12-09,113.2,113.2,111.5,112.7,7866941.0
2019-12-10,112.5,113.15,109.7,110.0,18958648.0
2019-12-10,13.72,13.75,13.72,13.73,39506.0
2019-12-10,1322.5,1337.99,1322.5,1337.0,209.0
2019-12-10,1190.0,1190.0,1185.06,1185.06,204.0
2019-12-10,1075.26,1075.26,1075.26,1075.26,4.0
2019-12-10,1120.0,1120.0,1120.0,1120.0,200.0
2019-12-11,13.73,13.77,13.73,13.73,36139.0
2019-12-11,110.5,113.8,110.1,113.0,8746687.0
2019-12-11,1331.0,1331.8,1331.0,1331.8,100.0
2019-12-11,1120.0,1120.0,1120.0,1120.0,100.0
2019-12-11,1129.9,1129.9,1080.01,1080.01,11.0
2019-12-11,1128.09,1128.09,1128.09,1128.09,30.0
2019-12-12,1124.0,1124.0,1124.0,1124.0,1.0
2019-12-12,1000.0,1098.0,1000.0,1098.0,27.0
2019-12-12,1130.0,1139.99,1130.0,1139.99,45.0
2019-12-12,1327.0,1327.0,1327.0,1327.0,103.0
2019-12-12,13.73,13.8,13.73,13.79,51064.0
2019-12-12,113.55,114.95,113.2,114.45,3850652.0
2019-12-13,1300.0,1300.0,1300.0,1300.0,50.0
2019-12-13,1318.0,1321.0,1313.99,1321.0,506.0
2019-12-13,13.77,13.78,13.75,13.75,45892.0
2019-12-13,115.05,116.15,114.5,115.65,4293299.0
2019-12-16,13.75,13.77,13.7,13.74,55289.0
2019-12-16,1325.0,1327.9,1320.0,1324.67,3635.0
2019-12-16,116.2,116.3,114.6,114.95,3659151.0
2019-12-16,1185.06,1186.1,1185.06,1186.1,75.0
2019-12-16,1100.1,1132.0,1100.0,1101.92,154.0
2019-12-17,1315.0,1315.0,1315.0,1315.0,25.0
2019-12-17,1186.35,1186.35,1186.35,1186.35,50.0
2019-12-17,1080.37,1080.37,1080.37,1080.37,1.0
2019-12-17,1130.0,1130.0,1130.0,1130.0,70.0
2019-12-17,1324.0,1329.0,1315.1,1326.0,731.0
2019-12-17,13.7,13.78,13.7,13.75,72502.0
2019-12-17,114.95,115.95,113.6,115.55,6241009.0
2019-12-18,1185.75,1185.75,1185.75,1185.75,32.0
2019-12-18,1080.25,1080.25,1080.25,1080.25,8.0
2019-12-18,1120.0,1120.0,1120.0,1120.0,18.0
2019-12-18,1120.81,1130.0,1120.81,1129.59,65.0
2019-12-18,1328.0,1329.0,1321.0,1321.0,190.0
2019-12-18,13.7,13.78,13.7,13.75,38837.0
2019-12-18,115.0,116.25,113.8,114.15,8626400.0
2019-12-19,13.75,13.77,13.75,13.75,43529.0
2019-12-19,114.0,114.4,112.85,114.05,5995825.0
2019-12-19,1329.0,1329.0,1329.0,1329.0,3.0
2019-12-19,1219.95,1219.95,1219.95,1219.95,1.0
2019-12-19,1125.0,1125.0,1120.0,1120.0,294.0
2019-12-20,1200.0,1200.0,1200.0,1200.0,1.0
2019-12-20,1115.0,1115.0,1105.0,1110.0,440.0
2019-12-20,1139.9,1139.9,1080.1,1080.2,158.0
2019-12-20,1320.0,1320.0,1320.0,1320.0,20.0
2019-12-20,13.75,13.79,13.75,13.76,53464.0
2019-12-20,114.05,115.4,113.8,114.7,5813877.0
2019-12-23,114.2,115.4,113.8,114.6,13980109.0
2019-12-23,13.7,13.77,13.7,13.72,96654.0
2019-12-23,1330.0,1330.0,1308.54,1308.54,255.0
2019-12-23,1314.25,1314.25,1314.25,1314.25,25.0
2019-12-23,1340.0,1340.0,1340.0,1340.0,5.0
2019-12-23,1200.0,1200.0,1192.25,1192.25,157.0
2019-12-23,1125.25,1125.25,1125.25,1125.25,25.0
2019-12-24,13.7,13.78,13.7,13.71,30114.0
2019-12-24,114.5,115.8,114.5,115.2,7929835.0
2019-12-24,1330.0,1330.0,1320.0,1320.0,183.0
2019-12-24,1136.0,1136.0,1102.65,1102.65,141.0
2019-12-24,1311.0,1311.0,1311.0,1311.0,5.0
2019-12-24,1193.0,1225.79,1193.0,1225.79,56.0
2019-12-24,1307.55,1307.55,1307.55,1307.55,20.0
2019-12-26,1308.0,1308.0,1308.0,1308.0,25.0
2019-12-26,1281.0,1281.0,1281.0,1281.0,5.0
2019-12-26,1080.22,1080.22,1080.22,1080.22,78.0
2019-12-26,1127.55,1127.55,1127.55,1127.55,25.0
2019-12-26,1330.0,1330.0,1327.9,1327.9,4.0
2019-12-26,13.7,13.76,13.68,13.69,78524.0
2019-12-26,115.15,118.3,114.0,116.4,12763347.0
2019-12-27,116.3,117.2,115.75,116.85,4474934.0
2019-12-27,13.65,13.75,13.65,13.7,33142.0
2019-12-27,1339.0,1339.0,1326.0,1327.69,892.0
2019-12-27,1080.21,1080.9,1080.21,1080.9,322.0
2019-12-27,1190.21,1190.21,1190.21,1190.21,16.0
2019-12-27,1130.55,1130.55,1108.0,1108.0,85.0
2019-12-30,1108.5,1108.5,1108.5,1108.5,24.0
2019-12-30,1341.0,1349.0,1325.18,1337.49,768.0
2019-12-30,12.15,13.72,12.15,13.71,27478.0
2019-12-30,116.85,117.65,116.35,116.55,4193724.0
2019-12-31,1200.0,1200.0,1200.0,1200.0,50.0
2019-12-31,1130.0,1130.0,1125.0,1125.0,60.0
2019-12-31,1344.99,1344.99,1341.9,1341.9,6.0
2019-12-31,13.7,13.76,13.7,13.72,14920.0
2019-12-31,116.55,119.7,116.35,119.05,12438719.0
2020-01-01,119.05,122.0,118.25,121.55,9953746.0
2020-01-01,1124.99,1124.99,1123.99,1123.99,150.0
2020-01-01,1226.99,1226.99,1196.0,1196.0,2.0
2020-01-01,1310.0,1315.0,1310.0,1315.0,80.0
2020-01-01,13.7,13.8,13.7,13.73,27737.0
2020-01-01,1150.0,1150.0,1150.0,1150.0,1.0
2020-01-01,1340.0,1340.0,1333.8,1333.92,115.0
2020-01-02,1349.99,1349.99,1335.0,1340.0,507.0
2020-01-02,13.72,13.79,13.72,13.73,38852.0
2020-01-02,1198.1,1198.1,1198.0,1198.0,55.0
2020-01-02,121.5,122.15,120.6,121.4,8731299.0
2020-01-02,1124.99,1124.99,1124.99,1124.99,65.0
2020-01-03,13.65,13.76,13.65,13.74,70394.0
2020-01-03,1130.0,1130.0,1130.0,1130.0,100.0
2020-01-03,1197.1,1197.1,1197.1,1197.1,6.0
2020-01-03,121.0,121.35,119.1,119.35,7392962.0
2020-01-03,1130.0,1130.0,1120.0,1120.0,193.0
2020-01-03,1335.0,1335.0,1325.04,1326.58,213.0
2020-01-06,1124.99,1124.99,1124.99,1124.99,185.0
2020-01-06,1195.0,1195.0,1195.0,1195.0,49.0
2020-01-06,119.0,119.15,116.5,118.9,6596841.0
2020-01-06,1137.0,1137.0,1137.0,1137.0,27.0
2020-01-06,1138.2,1138.2,1138.2,1138.2,4.0
2020-01-06,13.72,13.77,13.66,13.68,4300636.0
2020-01-06,1080.06,1090.0,1080.06,1090.0,17.0
2020-01-07,13.66,13.77,13.66,13.74,23107.0
2020-01-07,1080.01,1113.8,1080.01,1113.8,153.0
2020-01-07,119.25,121.55,119.25,120.55,8959942.0
2020-01-07,1124.0,1124.0,1124.0,1124.0,65.0
2020-01-07,1320.0,1320.0,1320.0,1320.0,25.0
2020-01-08,1125.0,1125.0,1125.0,1125.0,352.0
2020-01-08,119.7,120.75,117.55,119.95,6372683.0
2020-01-08,1190.0,1218.0,1190.0,1200.0,145.0
2020-01-08,13.6,13.78,13.6,13.73,35412.0
2020-01-08,1080.01,1090.0,1080.01,1090.0,6.0
2020-01-08,1165.0,1165.0,1165.0,1165.0,110.0
2020-01-09,1200.0,1200.0,1200.0,1200.0,55.0
2020-01-09,120.5,121.2,118.9,119.35,8309627.0
2020-01-09,1199.0,1199.0,1140.0,1140.0,81.0
2020-01-09,1129.99,1129.99,1129.99,1129.99,75.0
2020-01-09,13.7,13.95,13.7,13.88,944429.0
2020-01-09,1080.02,1080.02,1080.02,1080.02,4.0
2020-01-09,1325.0,1325.0,1324.0,1324.0,50.0
2020-01-10,1349.99,1349.99,1345.99,1345.99,5.0
2020-01-10,13.85,13.9,13.82,13.87,90996.0
2020-01-10,1090.0,1090.0,1090.0,1090.0,3.0
2020-01-10,1207.0,1207.0,1207.0,1207.0,16.0
2020-01-10,119.95,121.8,119.05,120.3,5588344.0
2020-01-10,1135.0,1135.0,1135.0,1135.0,5.0
2020-01-13,13.0,13.87,13.0,13.86,29637.0
2020-01-13,1342.0,1342.0,1342.0,1342.0,56.0
2020-01-13,1090.0,1090.0,1090.0,1090.0,135.0
2020-01-13,1200.6,1215.0,1197.01,1212.0,692.0
2020-01-13,120.4,122.0,120.1,121.75,3534313.0
2020-01-13,1129.9,1129.9,1129.9,1129.9,10.0
2020-01-13,1130.0,1130.0,1130.0,1130.0,90.0
2020-01-14,13.85,13.93,13.85,13.88,107501.0
2020-01-14,1130.0,1130.0,1116.0,1116.0,80.0
2020-01-14,121.75,124.0,121.35,123.5,8631692.0
2020-01-14,1341.0,1341.0,1327.01,1327.01,102.0
2020-01-14,1212.0,1212.0,1211.95,1212.0,197.0
2020-01-15,1349.99,1349.99,1343.1,1343.1,6.0
2020-01-15,13.79,13.9,13.79,13.88,35413.0
2020-01-15,1210.0,1223.79,1210.0,1223.79,44.0
2020-01-15,123.0,125.0,122.35,123.85,6537916.0
2020-01-16,1349.99,1349.99,1345.1,1345.1,4.0
2020-01-16,13.83,13.9,13.83,13.85,43482.0
2020-01-16,1130.0,1130.0,1130.0,1130.0,71.0
2020-01-16,1212.0,1219.78,1212.0,1215.58,314.0
2020-01-16,123.4,123.4,120.95,121.45,8806007.0
2020-01-16,1129.9,1334.9,1129.9,1334.9,300.0
2020-01-16,1130.0,1130.0,1120.0,1120.0,400.0
2020-01-17,1148.0,1149.0,1130.0,1133.0,28.0
2020-01-17,1229.7,1229.7,1229.7,1229.7,25.0
2020-01-17,121.45,121.7,120.6,121.2,6811534.0
2020-01-17,13.8,13.85,13.8,13.85,10614.0
2020-01-17,1206.9,1206.9,1205.0,1205.47,100.0
2020-01-20,1349.99,1349.99,1343.0,1343.0,6.0
2020-01-20,13.75,13.91,13.75,13.88,58799.0
2020-01-20,1100.0,1100.0,1100.0,1100.0,10.0
2020-01-20,1216.0,1216.0,1212.0,1213.0,428.0
2020-01-20,121.0,121.75,117.8,118.25,10655638.0
2020-01-20,1149.0,1149.0,1148.0,1148.0,110.0
2020-01-20,1229.99,1245.5,1229.99,1245.5,51.0
2020-01-21,1316.3,1316.3,1316.3,1316.3,68.0
2020-01-21,13.88,13.91,13.82,13.87,99254.0
2020-01-21,118.4,119.55,116.95,117.15,5150830.0
2020-01-21,1142.0,1142.0,1142.0,1142.0,25.0
2020-01-22,1121.01,1121.01,1121.01,1121.01,50.0
2020-01-22,114.95,115.75,111.5,112.15,19388739.0
2020-01-22,1090.0,1090.0,1081.1,1081.1,100.0
2020-01-22,13.85,13.92,13.85,13.89,31792.0
2020-01-22,1339.0,1339.0,1339.0,1339.0,1.0
2020-01-22,1219.99,1220.0,1212.0,1212.6,363.0
2020-01-23,12.15,13.94,12.15,13.91,45788.0
2020-01-23,1105.0,1105.0,1105.0,1105.0,100.0
2020-01-23,1177.0,1215.0,1177.0,1215.0,102.0
2020-01-23,112.6,114.45,112.3,113.5,22793170.0
2020-01-23,1143.0,1143.0,1143.0,1143.0,47.0
2020-01-23,1243.8,1243.8,1243.8,1243.8,100.0
2020-01-24,1233.8,1233.8,1222.74,1232.04,455.0
2020-01-24,1143.0,1143.0,1140.0,1140.0,588.0
2020-01-24,114.0,116.3,113.55,114.75,9898052.0
2020-01-24,1338.99,1338.99,1325.0,1335.0,112.0
2020-01-24,13.85,13.97,13.7,13.91,16067.0
2020-01-24,1216.0,1216.0,1210.0,1210.0,130.0
2020-01-27,1090.0,1090.0,1078.1,1078.1,200.0
2020-01-27,1120.1,1120.1,1120.0,1120.0,100.0
2020-01-27,1251.0,1251.0,1251.0,1251.0,5.0
2020-01-27,115.0,115.3,112.6,113.15,5597365.0
2020-01-27,1189.99,1189.99,1189.99,1189.99,1.0
2020-01-27,1235.0,1235.0,1235.0,1235.0,2.0
2020-01-27,1105.0,1105.0,1105.0,1105.0,78.0
2020-01-27,13.75,13.95,13.75,13.92,27794.0
2020-01-27,1339.99,1339.99,1335.05,1335.05,32.0
2020-01-28,13.92,14.0,13.92,13.95,23174.0
2020-01-28,1189.0,1189.0,1189.0,1189.0,1.0
2020-01-28,1205.0,1205.0,1205.0,1205.0,1.0
2020-01-28,113.75,113.75,110.9,112.05,12128081.0
2020-01-28,1255.5,1255.5,1255.5,1255.5,25.0
2020-01-29,1235.0,1235.0,1235.0,1235.0,300.0
2020-01-29,1143.0,1143.0,1143.0,1143.0,50.0
2020-01-29,1201.0,1201.0,1201.0,1201.0,30.0
2020-01-29,112.1,114.9,111.75,113.2,18501507.0
2020-01-29,1105.0,1105.0,1105.0,1105.0,157.0
2020-01-29,13.81,13.98,13.81,13.95,18111.0
2020-01-29,1326.0,1349.0,1322.0,1349.0,7.0
2020-01-29,1139.0,1139.0,1139.0,1139.0,68.0
2020-01-30,1320.0,1349.58,1318.0,1318.12,144.0
2020-01-30,13.95,14.0,13.88,13.91,134572.0
2020-01-30,1105.0,1105.0,1105.0,1105.0,2.0
2020-01-30,113.45,114.8,112.05,113.65,18545239.0
2020-01-30,1143.0,1150.55,1143.0,1149.99,338.0
2020-01-31,1117.25,1117.25,1117.25,1117.25,27.0
2020-01-31,1349.0,1349.0,1307.0,1320.0,601.0
2020-01-31,13.8,13.97,13.8,13.95,6586.0
2020-01-31,1105.0,1105.0,1105.0,1105.0,157.0
2020-01-31,1232.0,1232.0,1232.0,1232.0,2.0
2020-01-31,113.75,115.25,111.5,112.85,64518347.0
2020-02-01,1120.0,1121.0,1118.0,1121.0,27.0
2020-02-01,112.85,112.85,108.05,109.3,25282713.0
2020-02-01,13.92,13.97,13.92,13.94,8791.0
2020-02-01,1220.0,1220.0,1220.0,1220.0,10.0
2020-02-03,1349.99,1349.99,1309.5,1310.69,2374.0
2020-02-03,13.83,14.02,13.83,13.99,90492.0
2020-02-03,1188.0,1188.0,1188.0,1188.0,2.0
2020-02-03,1210.0,1210.0,1200.5,1200.5,71.0
2020-02-03,109.45,111.65,107.2,110.25,14889516.0
2020-02-03,1143.99,1144.0,1143.99,1144.0,110.0
2020-02-04,1144.0,1199.0,1144.0,1144.0,125.0
2020-02-04,1314.99,1314.99,1310.0,1314.88,300.0
2020-02-04,13.9,14.0,13.9,13.96,28121.0
2020-02-04,1188.0,1188.0,1188.0,1188.0,2.0
2020-02-04,1200.0,1223.9,1200.0,1210.0,469.0
2020-02-04,110.35,112.3,110.25,112.0,9743806.0
2020-02-05,1175.0,1180.0,1175.0,1179.99,630.0
2020-02-05,111.3,112.6,110.5,111.2,10671590.0
2020-02-05,1220.0,1220.0,1212.0,1212.0,102.0
2020-02-05,13.9,14.03,13.9,14.01,58591.0
2020-02-06,1308.0,1308.0,1308.0,1308.0,1.0
2020-02-06,13.9,14.1,13.9,14.03,63794.0
2020-02-06,1107.0,1107.0,1107.0,1107.0,47.0
2020-02-06,1188.0,1189.99,1188.0,1189.99,380.0
2020-02-06,1228.75,1229.0,1228.75,1229.0,985.0
2020-02-06,110.5,112.5,110.5,112.0,11852617.0
2020-02-06,1199.99,1199.99,1199.99,1199.99,90.0
2020-02-07,1228.0,1228.0,1228.0,1228.0,86.0
2020-02-07,1080.6,1080.6,1080.6,1080.6,10.0
2020-02-07,112.4,116.25,112.3,115.6,18446803.0
2020-02-07,1308.01,1314.0,1308.01,1310.75,1307.0
2020-02-07,13.98,14.14,13.98,14.07,74330.0
2020-02-07,1140.0,1143.0,1096.1,1096.1,78.0
2020-02-10,115.8,115.9,112.05,113.5,31637511.0
2020-02-10,1210.0,1210.0,1210.0,1210.0,10.0
2020-02-10,1189.99,1189.99,1189.99,1189.99,20.0
2020-02-10,1180.0,1414.9,1180.0,1250.0,30.0
2020-02-10,1107.0,1107.0,1107.0,1107.0,3.0
2020-02-10,13.95,14.07,13.95,14.03,45346.0
2020-02-10,1318.0,1318.0,1313.0,1313.0,18.0
2020-02-11,1311.0,1320.0,1311.0,1315.32,2224.0
2020-02-11,13.98,14.11,13.98,14.1,29773.0
2020-02-11,114.5,117.55,114.1,116.85,20937033.0
2020-02-11,1190.0,1190.0,1120.0,1188.0,225.0
2020-02-12,1190.0,1190.0,1179.99,1179.99,100.0
2020-02-12,117.0,118.9,116.4,116.8,13679292.0
2020-02-12,13.9,14.19,13.9,14.09,30086.0
2020-02-12,1316.0,1319.9,1315.0,1315.69,250.0
2020-02-12,1107.0,1107.0,1107.0,1107.0,16.0
2020-02-13,1316.5,1316.5,1316.5,1316.5,51.0
2020-02-13,14.0,14.17,14.0,14.09,33412.0
2020-02-13,116.8,117.1,114.7,115.15,20903696.0
2020-02-13,1158.0,1158.0,1158.0,1158.0,40.0
2020-02-14,114.8,115.5,111.9,112.7,23827224.0
2020-02-14,1206.45,1210.05,1206.45,1210.05,164.0
2020-02-14,1319.0,1319.5,1319.0,1319.5,395.0
2020-02-14,14.01,14.14,13.98,14.12,22791.0
2020-02-14,1107.0,1134.99,1107.0,1134.99,24.0
2020-02-17,1339.0,1339.0,1316.01,1322.0,247.0
2020-02-17,13.98,14.15,13.98,14.08,21474.0
2020-02-17,1269.0,1269.0,1269.0,1269.0,2.0
2020-02-17,113.1,113.75,109.2,110.3,22137354.0
2020-02-17,1165.0,1389.0,1165.0,1260.0,464.0
2020-02-17,1250.0,1250.0,1187.22,1187.22,30.0
2020-02-18,1315.0,1315.0,1314.0,1314.0,55.0
2020-02-18,13.98,14.22,13.98,14.08,27479.0
2020-02-18,1107.0,1107.0,1107.0,1107.0,18.0
2020-02-18,109.6,110.9,103.8,109.6,34458578.0
2020-02-18,1175.0,1512.0,1145.01,1145.01,188.0
2020-02-19,112.3,113.75,110.4,112.05,17935374.0
2020-02-19,1250.0,1250.0,1160.01,1160.01,60.0
2020-02-19,14.08,14.22,14.01,14.09,35376.0
2020-02-19,1320.0,1321.0,1318.0,1318.65,136.0
2020-02-20,1315.0,1316.0,1315.0,1315.16,12.0
2020-02-20,13.9,14.19,13.9,14.15,42883.0
2020-02-20,1107.0,1107.0,1107.0,1107.0,4.0
2020-02-20,111.7,112.4,110.95,111.35,19663654.0
2020-02-20,1200.0,1225.0,1200.0,1224.0,60.0
2020-02-24,1140.0,1140.0,1140.0,1140.0,10.0
2020-02-24,1188.0,1249.68,1188.0,1249.64,221.0
2020-02-24,110.75,110.75,108.85,109.7,11370193.0
2020-02-24,1179.99,1179.99,1145.0,1145.0,176.0
2020-02-24,1209.9,1266.0,1209.9,1266.0,55.0
2020-02-24,1296.0,1296.0,1296.0,1296.0,77.0
2020-02-24,13.95,14.2,13.95,14.15,12517.0
2020-02-24,1339.95,1339.95,1311.25,1315.01,1446.0
2020-02-24,1365.0,1365.0,1363.99,1363.99,149.0
2020-02-25,1311.25,1320.0,1311.25,1315.0,953.0
2020-02-25,13.96,14.17,13.96,14.15,24459.0
2020-02-25,1175.0,1179.0,1175.0,1175.0,454.0
2020-02-25,110.9,112.45,109.65,110.1,10775289.0
2020-02-25,1156.1,1164.98,1156.1,1164.98,700.0
2020-02-26,1201.6,1223.0,1185.6,1223.0,4.0
2020-02-26,110.0,111.55,108.25,109.1,14998071.0
2020-02-26,1112.01,1112.1,1112.01,1112.1,160.0
2020-02-26,1169.98,1169.98,1146.6,1146.6,13.0
2020-02-26,14.08,14.18,14.08,14.16,21954.0
2020-02-26,1316.0,1319.0,1316.0,1319.0,1084.0
2020-02-26,1172.2,1636.0,1172.2,1636.0,4.0
2020-02-27,1260.0,1260.25,1260.0,1260.25,272.0
2020-02-27,109.2,110.3,106.65,109.05,22610691.0
2020-02-27,1319.0,1319.0,1313.15,1318.45,714.0
2020-02-27,13.95,14.2,13.95,14.15,94579.0
2020-02-27,1170.0,1170.0,1170.0,1170.0,15.0
2020-02-28,106.65,110.2,105.35,106.55,25696761.0
2020-02-28,1120.0,1120.0,1120.0,1120.0,5.0
2020-02-28,14.15,14.16,14.08,14.15,79132.0
2020-02-28,1319.0,1319.0,1319.0,1319.0,929.0
2020-03-02,1339.89,1339.89,1339.89,1339.89,9.0
2020-03-02,14.15,14.2,14.08,14.16,78194.0
2020-03-02,1207.0,1207.0,1207.0,1207.0,3.0
2020-03-02,109.35,110.0,102.7,103.9,15614944.0
2020-03-02,1152.0,1152.0,1152.0,1152.0,10.0
2020-03-02,1180.0,1180.0,1170.0,1170.0,20.0
2020-03-03,1339.95,1339.95,1319.0,1319.0,11.0
2020-03-03,14.16,14.2,14.0,14.19,49083.0
2020-03-03,1260.0,1260.0,1260.0,1260.0,2.0
2020-03-03,104.65,109.95,104.3,108.9,17194661.0
2020-03-03,1170.25,1170.25,1170.25,1170.25,25.0
2020-03-04,108.65,111.0,107.5,107.95,17095867.0
2020-03-04,1264.0,1264.0,1264.0,1264.0,2.0
2020-03-04,1114.0,1114.0,1114.0,1114.0,110.0
2020-03-04,1700.0,1700.0,1700.0,1700.0,1.0
2020-03-04,14.0,14.2,14.0,14.18,74021.0
2020-03-04,1317.0,1330.0,1316.0,1320.0,983.0
2020-03-05,1330.0,1330.0,1325.0,1328.0,1021.0
2020-03-05,14.25,14.3,14.11,14.25,89562.0
2020-03-05,108.1,109.65,107.05,107.85,11579256.0
2020-03-05,1172.55,1172.55,1172.55,1172.55,50.0
2020-03-05,1250.0,1250.0,1250.0,1250.0,25.0
2020-03-06,1325.11,1334.0,1325.1,1333.59,960.0
2020-03-06,14.0,14.29,14.0,14.25,39974.0
2020-03-06,104.75,107.2,102.9,105.15,13533444.0
2020-03-06,1252.55,1252.55,1209.76,1236.0,42.0
2020-03-09,1201.0,1210.55,1183.0,1195.71,285.0
2020-03-09,104.0,104.4,99.55,102.9,47383260.0
2020-03-09,1249.0,1250.0,1249.0,1250.0,102.0
2020-03-09,1170.0,1170.0,1078.1,1098.42,208.0
2020-03-09,11.4,13.5,11.4,13.14,24378.0
2020-03-09,1325.05,1325.05,1325.05,1325.05,50.0
2020-03-09,1700.0,1700.0,1700.0,1700.0,1.0
2020-03-11,1335.0,1350.0,1330.5,1341.44,1638.0
2020-03-11,11.4,14.0,11.4,13.14,33725.0
2020-03-11,1100.09,1100.09,1100.09,1100.09,2.0
2020-03-11,1220.0,1220.0,1220.0,1220.0,78.0
2020-03-11,103.0,104.8,101.5,103.05,28434592.0
2020-03-12,1322.26,1335.0,1320.0,1321.0,1694.0
2020-03-12,13.1,13.2,13.0,13.12,44339.0
2020-03-12,1100.0,1114.0,1095.0,1104.0,174.0
2020-03-12,1220.0,1220.0,1205.0,1220.0,1475.0
2020-03-12,99.0,100.0,93.25,94.35,47225243.0
2020-03-12,1139.0,1139.0,1139.0,1139.0,150.0
2020-03-13,1139.0,1139.0,1135.0,1135.0,28.0
2020-03-13,921.0,1140.0,921.0,1140.0,61.0
2020-03-13,90.0,100.75,81.25,98.05,49533058.0
2020-03-13,13.01,13.1,12.71,13.1,117643.0
2020-03-13,1319.25,1320.0,1315.15,1316.81,531.0
2020-03-13,1219.0,1220.0,1219.0,1220.0,225.0
2020-03-16,1251.0,1251.0,1225.0,1234.99,80.0
2020-03-16,1146.0,1146.0,1146.0,1146.0,90.0
2020-03-16,96.0,96.0,88.25,90.8,34649741.0
2020-03-16,1156.0,1156.0,1140.0,1140.0,35.0
2020-03-16,1100.0,1100.1,1100.0,1100.0,113.0
2020-03-16,13.3,13.3,13.01,13.1,554207.0
2020-03-16,1340.0,1340.0,1329.0,1329.0,25.0
2020-03-16,1202.02,1234.5,1202.02,1227.35,1241.0
2020-03-17,1307.01,1325.0,1307.01,1310.09,825.0
2020-03-17,13.11,13.25,13.05,13.06,116283.0
2020-03-17,1225.0,1300.0,1190.0,1210.02,812.0
2020-03-17,91.0,95.9,86.35,88.1,21246111.0
2020-03-18,89.0,90.35,74.9,80.55,88659790.0
2020-03-18,1161.02,1225.0,1161.02,1225.0,35.0
2020-03-18,1210.0,1215.0,1210.0,1215.0,229.0
2020-03-18,1115.07,1135.01,1115.07,1135.01,38.0
2020-03-18,1080.82,1109.1,1080.82,1109.1,270.0
2020-03-18,13.06,13.1,13.02,13.06,212938.0
2020-03-18,1313.3,1313.3,1282.0,1293.0,1852.0
2020-03-19,1287.0,1297.0,1280.0,1288.84,2404.0
2020-03-19,13.01,13.15,12.9,12.95,183949.0
2020-03-19,1080.3,1080.3,1080.3,1080.3,31.0
2020-03-19,1200.0,1219.0,1200.0,1219.0,1649.0
2020-03-19,78.55,84.95,75.05,78.35,33847230.0
2020-03-19,1091.1,1119.4,1091.0,1109.99,2018.0
2020-03-19,1186.0,1186.0,1186.0,1186.0,300.0
2020-03-20,1219.0,1225.0,1205.1,1206.09,2354.0
2020-03-20,1090.22,1094.1,1090.22,1094.1,53.0
2020-03-20,78.5,82.35,76.35,81.25,58502396.0
2020-03-20,1287.0,1290.01,1280.0,1282.75,6887.0
2020-03-20,13.0,13.07,12.9,13.04,341469.0
2020-03-23,1286.0,1290.0,1284.0,1284.05,1816.0
2020-03-23,13.01,13.09,12.8,12.96,81424.0
2020-03-23,1090.0,1090.0,1090.0,1090.0,39.0
2020-03-23,1195.6,1199.99,1143.6,1187.0,520.0
2020-03-23,74.9,80.0,73.2,76.4,37653590.0
2020-03-23,1140.0,1140.0,1053.0,1053.0,2.0
2020-03-23,1115.0,1115.0,1090.0,1100.0,650.0
2020-03-24,1284.75,1300.0,1257.01,1260.2,868.0
2020-03-24,12.5,12.99,12.5,12.94,45022.0
2020-03-24,1090.0,1090.0,1090.0,1090.0,16.0
2020-03-24,1186.0,1210.0,1186.0,1210.0,246.0
2020-03-24,78.1,79.6,75.05,77.55,13742935.0
2020-03-25,78.0,80.5,75.3,79.7,16472741.0
2020-03-25,1162.0,1164.0,1162.0,1164.0,258.0
2020-03-25,1110.0,1110.0,1110.0,1110.0,20.0
2020-03-25,12.75,13.03,12.75,12.88,38664.0
2020-03-25,1283.0,1283.0,1242.01,1260.0,2619.0
2020-03-25,1100.0,1100.0,1100.0,1100.0,8.0
2020-03-26,1257.0,1278.99,1242.45,1277.99,2113.0
2020-03-26,12.8,13.19,12.8,13.01,99158.0
2020-03-26,1100.02,1130.0,1100.02,1120.0,776.0
2020-03-26,1168.01,1180.0,1168.01,1180.0,159.0
2020-03-26,82.0,82.2,76.4,79.65,39959622.0
2020-03-27,1282.98,1315.0,1270.0,1294.0,2238.0
2020-03-27,12.86,13.2,12.85,13.16,69639.0
2020-03-27,1180.01,1180.01,1180.01,1180.01,31.0
2020-03-27,82.5,84.4,80.25,83.0,39363397.0
2020-03-27,1112.01,1112.01,1112.01,1112.01,50.0
2020-03-30,1202.0,1202.0,1202.0,1202.0,10.0
2020-03-30,1112.01,1112.01,1112.01,1112.01,1000.0
2020-03-30,1134.1,1549.99,1134.1,1549.99,200.0
2020-03-30,79.9,83.5,79.2,81.75,17044016.0
2020-03-30,1080.0,1080.99,1080.0,1080.99,7.0
2020-03-30,13.15,13.2,12.86,13.12,16614.0
2020-03-30,1329.9,1329.9,1305.0,1305.0,703.0
2020-03-30,1197.0,1200.0,1197.0,1200.0,88.0
2020-03-31,1225.55,1225.55,1182.99,1182.99,37.0
2020-03-31,1210.0,1210.0,1210.0,1210.0,1.0
2020-03-31,1130.02,1130.02,1130.02,1130.02,30.0
2020-03-31,82.75,84.8,81.15,84.2,28293281.0
2020-03-31,13.01,13.24,13.01,13.11,15135.0
2020-03-31,1310.0,1310.0,1305.0,1305.0,256.0
2020-03-31,1063.07,1091.01,1063.07,1091.01,40.0
2020-04-01,1310.0,1325.0,1310.0,1325.0,151.0
2020-04-01,13.1,13.29,13.1,13.23,83078.0
2020-04-01,1212.0,1219.0,1210.25,1219.0,116.0
2020-04-01,84.3,84.35,80.6,81.0,14355481.0
2020-04-01,1150.0,1180.0,1150.0,1180.0,408.0
2020-04-01,1184.0,1184.0,1184.0,1184.0,4.0
2020-04-03,1239.95,1239.95,1238.0,1238.0,42.0
2020-04-03,82.05,82.1,78.85,79.55,18319674.0
2020-04-03,1104.0,1107.0,1104.0,1107.0,8.0
2020-04-03,13.21,13.29,13.2,13.26,23710.0
2020-04-03,1326.0,1326.0,1300.0,1307.05,613.0
2020-04-07,1324.0,1330.0,1317.0,1329.11,464.0
2020-04-07,13.26,13.4,13.0,13.29,22757.0
2020-04-07,81.6,82.05,80.1,81.55,47686689.0
2020-04-07,1254.0,1254.0,1254.0,1254.0,200.0
2020-04-07,1212.0,1212.0,1212.0,1212.0,10.0
2020-04-08,1230.0,1230.0,1230.0,1230.0,3.0
2020-04-08,1188.0,1188.0,1128.0,1128.0,110.0
2020-04-08,1180.0,1180.0,1180.0,1180.0,300.0
2020-04-08,81.55,86.8,80.3,85.2,38072780.0
2020-04-08,1108.0,1108.0,1080.5,1083.86,312.0
2020-04-08,13.0,13.5,13.0,13.37,8243.0
2020-04-08,1337.0,1344.79,1330.0,1343.0,607.0
2020-04-08,1130.0,1190.0,1130.0,1190.0,314.0
2020-04-09,1175.0,1175.0,1160.0,1160.0,300.0
2020-04-09,1220.0,1220.0,1215.06,1219.17,6.0
2020-04-09,1199.99,1199.99,1130.0,1135.0,568.0
2020-04-09,1203.01,1265.0,1203.01,1259.13,1153.0
2020-04-09,1343.0,1354.0,1343.0,1350.0,700.0
2020-04-09,1089.0,1125.0,1089.0,1120.0,64.0
2020-04-09,1037.6,1150.0,1037.6,1150.0,69.0
2020-04-09,13.04,13.49,13.04,13.3,63892.0
2020-04-09,88.35,88.35,85.3,87.1,9322497.0
2020-04-13,1359.99,1359.99,1350.0,1358.45,943.0
2020-04-13,13.25,13.4,13.2,13.28,97682.0
2020-04-13,1081.8,1118.0,1081.8,1118.0,62.0
2020-04-13,87.1,89.15,84.75,88.65,33267122.0
2020-04-13,1269.95,1270.01,1267.99,1270.0,873.0
2020-04-13,1138.0,1138.0,1138.0,1138.0,30.0
2020-04-15,88.95,94.2,88.7,89.9,24128026.0
2020-04-15,1223.21,1223.21,1223.21,1223.21,20.0
2020-04-15,1207.0,1207.0,1207.0,1207.0,2.0
2020-04-15,1118.0,1118.0,1118.0,1118.0,69.0
2020-04-15,11.4,13.95,11.4,13.41,27322.0
2020-04-15,1350.0,1374.9,1350.0,1370.19,1113.0
2020-04-16,87.25,96.3,87.0,95.1,20876392.0
2020-04-16,1255.0,1260.0,1255.0,1260.0,362.0
2020-04-16,1199.0,1200.0,1199.0,1200.0,236.0
2020-04-16,13.21,13.69,13.21,13.44,67675.0
2020-04-16,1365.0,1372.0,1364.9,1370.28,1920.0
2020-04-16,1120.0,1120.0,1105.27,1115.0,187.0
2020-04-17,1377.0,1400.0,1377.0,1391.8,352.0
2020-04-17,13.26,13.49,13.26,13.4,591370.0
2020-04-17,1120.0,1120.0,1120.0,1120.0,5.0
2020-04-17,1210.0,1220.0,1210.0,1220.0,364.0
2020-04-17,1266.0,1270.0,1266.0,1270.0,17.0
2020-04-17,101.0,101.0,95.0,95.5,16969678.0
2020-04-17,1194.0,1194.0,1141.1,1141.23,290.0
2020-04-20,97.0,99.3,93.4,98.9,17639176.0
2020-04-20,1235.0,1235.0,1230.01,1230.01,200.0
2020-04-20,14.0,14.0,13.2,13.36,12920.0
2020-04-20,1419.9,1420.6,1375.0,1400.0,190.0
2020-04-20,1122.0,1127.0,1122.0,1127.0,27.0
2020-04-21,1379.9,1420.0,1379.9,1389.0,23.0
2020-04-21,13.36,13.49,13.33,13.38,7587.0
2020-04-21,1176.0,1200.0,1176.0,1200.0,32.0
2020-04-21,1253.0,1253.0,1250.0,1250.6,100.0
2020-04-21,96.5,98.4,95.55,97.3,15085297.0
2020-04-21,1138.0,1138.0,1138.0,1138.0,100.0
2020-04-22,97.3,98.65,94.9,97.6,10344379.0
2020-04-22,1400.0,1400.0,1391.0,1391.0,45.0
2020-04-22,13.45,13.45,13.39,13.42,149854.0
2020-04-22,1278.0,1278.0,1268.0,1268.0,99.0
2020-04-22,1180.0,1200.0,1180.0,1200.0,2.0
2020-04-23,97.45,97.7,94.55,95.2,14078729.0
2020-04-23,1192.85,1192.85,1192.4,1192.4,21.0
2020-04-23,1121.01,1121.01,1121.01,1121.01,1.0
2020-04-23,13.38,13.42,13.37,13.37,427416.0
2020-04-23,1101.2,1101.2,1101.2,1101.2,15.0
2020-04-23,1400.0,1410.0,1396.0,1396.1,259.0
2020-04-24,1415.0,1415.0,1410.0,1413.57,202.0
2020-04-24,13.37,13.5,13.37,13.38,55576.0
2020-04-24,94.75,96.35,91.95,93.4,10149014.0
2020-04-24,1190.0,1190.0,1188.0,1188.0,85.0
2020-04-27,1425.0,1435.5,1400.0,1400.0,133.0
2020-04-27,13.2,13.42,13.2,13.38,19582.0
2020-04-27,1174.0,1174.0,1174.0,1174.0,10.0
2020-04-27,94.4,94.4,91.9,92.35,22675958.0
2020-04-27,1208.0,1208.0,1122.0,1122.0,20.0
2020-04-27,1198.0,1198.0,1110.0,1150.0,720.0
2020-04-27,1242.0,1242.0,1230.0,1230.0,150.0
2020-04-28,1132.0,1132.0,1130.1,1130.1,95.0
2020-04-28,92.15,92.9,88.65,90.35,19815466.0
2020-04-28,1255.0,1289.9,1255.0,1289.9,150.0
2020-04-28,13.34,13.4,13.34,13.39,37150.0
2020-04-28,1390.06,1415.0,1390.06,1400.0,834.0
2020-04-29,1411.99,1411.99,1398.0,1398.0,46.0
2020-04-29,13.37,13.41,13.37,13.4,22723.0
2020-04-29,1240.0,1289.9,1240.0,1255.2,49.0
2020-04-29,91.45,92.35,89.75,90.2,21552047.0
2020-04-29,1126.1,1126.1,1120.0,1120.0,159.0
2020-04-29,1177.0,1177.0,1176.0,1176.0,20.0
2020-04-30,1415.0,1415.0,1414.99,1414.99,23.0
2020-04-30,13.0,13.41,13.0,13.4,83118.0
2020-04-30,1160.0,1160.0,1101.01,1101.01,2.0
2020-04-30,1289.0,1289.0,1265.1,1265.1,6.0
2020-04-30,91.35,97.0,90.4,95.05,15151440.0
2020-05-04,1175.0,1184.0,1135.41,1184.0,525.0
2020-05-04,91.05,93.65,90.5,91.45,10305675.0
2020-05-04,1289.0,1329.99,1289.0,1319.9,210.0
2020-05-04,1420.0,1420.0,1405.0,1405.0,355.0
2020-05-04,13.3,13.48,13.3,13.47,2002052.0
2020-05-04,1150.0,1150.0,1150.0,1150.0,16.0
2020-05-05,1434.89,1434.89,1400.0,1402.0,547.0
2020-05-05,13.45,13.49,13.41,13.45,14240.0
2020-05-05,1200.0,1230.0,1200.0,1230.0,924.0
2020-05-05,92.2,94.95,91.35,92.6,10628541.0
2020-05-05,1235.0,1235.0,1150.0,1192.5,60.0
2020-05-05,1150.01,1179.39,1146.0,1179.17,1346.0
2020-05-06,92.95,95.45,92.2,94.7,10232281.0
2020-05-06,1319.9,1319.9,1262.0,1266.5,71.0
2020-05-06,1185.0,1185.0,1153.1,1153.1,50.0
2020-05-06,1400.0,1406.01,1400.0,1400.5,1911.0
2020-05-06,13.43,13.49,13.43,13.47,31936.0
2020-05-07,13.36,13.47,13.36,13.44,12123.0
2020-05-07,1300.0,1313.99,1287.0,1287.0,247.0
2020-05-07,94.1,94.4,90.15,90.45,8449705.0
2020-05-08,1400.51,1405.0,1390.0,1396.63,7939.0
2020-05-08,13.43,13.6,13.43,13.55,14352.0
2020-05-08,1230.0,1230.0,1230.0,1230.0,8.0
2020-05-08,1287.4,1287.4,1287.0,1287.0,110.0
2020-05-08,91.0,92.45,85.75,87.0,28175317.0
2020-05-08,1215.0,1215.0,1190.0,1190.0,2.0
2020-05-08,1189.99,1189.99,1189.99,1189.99,100.0
2020-05-11,1190.0,1190.0,1190.0,1190.0,1.0
2020-05-11,1340.0,1380.0,1340.0,1380.0,1003.0
2020-05-11,88.2,89.45,85.85,86.65,12243824.0
2020-05-11,1151.01,1151.01,1151.01,1151.01,100.0
2020-05-11,13.4,13.5,13.4,13.45,8350.0
2020-05-11,1398.5,1398.5,1392.0,1392.0,497.0
2020-05-11,1200.0,1310.0,1200.0,1310.0,18.0
2020-05-12,86.5,93.25,85.65,91.65,18125053.0
2020-05-12,1256.71,1285.0,1256.71,1285.0,95.0
2020-05-12,13.42,13.45,13.41,13.42,7062.0
2020-05-12,1394.0,1399.0,1394.0,1399.0,102.0
2020-05-12,1150.0,1150.0,1150.0,1150.0,16.0
2020-05-13,1399.0,1412.99,1396.2,1409.52,1431.0
2020-05-13,14.0,14.0,13.4,13.43,10048.0
2020-05-13,94.95,98.5,92.65,93.05,19038031.0
2020-05-14,1220.0,1220.0,1189.0,1189.0,60.0
2020-05-14,93.3,93.5,87.5,89.35,39117004.0
2020-05-14,1360.0,1360.0,1360.0,1360.0,1000.0
2020-05-14,13.41,13.72,13.41,13.45,18697.0
2020-05-14,1411.99,1411.99,1410.0,1410.0,20.0
2020-05-14,1150.0,1150.0,1150.0,1150.0,1.0
2020-05-15,1408.99,1409.0,1404.0,1409.0,1093.0
2020-05-15,13.5,13.5,13.4,13.47,19155.0
2020-05-15,1150.0,1150.0,1150.0,1150.0,13.0
2020-05-15,1285.0,1285.0,1285.0,1285.0,15.0
2020-05-15,90.0,91.8,89.2,90.85,16926082.0
2020-05-15,1190.0,1190.0,1190.0,1190.0,20.0
2020-05-15,1360.0,1360.0,1360.0,1360.0,1000.0
2020-05-18,1131.2,1230.0,1131.2,1230.0,2.0
2020-05-18,1170.0,1170.0,1170.0,1170.0,200.0
2020-05-18,90.5,90.5,87.85,88.9,11369430.0
2020-05-18,1413.88,1413.88,1405.01,1405.01,199.0
2020-05-18,13.41,13.5,13.41,13.45,14354.0
2020-05-18,1150.0,1150.0,1150.0,1150.0,35.0
2020-05-19,1414.89,1416.9,1410.0,1415.5,473.0
2020-05-19,13.45,13.55,13.45,13.45,51135.0
2020-05-19,1185.0,1185.0,1185.0,1185.0,179.0
2020-05-19,1271.85,1271.85,1271.85,1271.85,78.0
2020-05-19,89.6,91.9,88.2,91.05,12262139.0
2020-05-20,1406.01,1406.01,1406.01,1406.01,35.0
2020-05-20,13.45,13.58,13.45,13.5,10030.0
2020-05-20,1153.0,1153.0,1153.0,1153.0,10.0
2020-05-20,1290.0,1290.0,1290.0,1290.0,16.0
2020-05-20,89.9,93.4,89.3,92.9,10126456.0
2020-05-21,1290.1,1300.0,1290.1,1300.0,157.0
2020-05-21,92.15,92.65,89.8,90.25,20143414.0
2020-05-21,1185.0,1185.0,1185.0,1185.0,50.0
2020-05-21,1406.05,1409.0,1405.0,1408.97,452.0
2020-05-21,13.28,13.6,13.28,13.6,4511.0
2020-05-21,1110.1,1110.1,1110.1,1110.1,2.0
2020-05-22,1410.0,1410.0,1406.0,1410.0,350.0
2020-05-22,13.6,13.6,13.46,13.58,18081.0
2020-05-22,1185.0,1185.0,1185.0,1185.0,50.0
2020-05-22,89.9,91.2,88.35,90.95,9392105.0
2020-05-22,1223.0,1235.0,1223.0,1235.0,8.0
2020-05-26,1410.0,1415.0,1410.0,1411.0,346.0
2020-05-26,13.35,13.69,13.35,13.6,20663.0
2020-05-26,90.15,93.4,90.15,93.0,12350762.0
2020-05-26,1200.0,1230.0,1200.0,1230.0,21.0
2020-05-26,1210.0,1210.0,1170.0,1174.02,1227.0
2020-05-27,1177.0,1177.0,1162.1,1162.1,169.0
2020-05-27,1300.0,1300.0,1300.0,1300.0,20.0
2020-05-27,93.0,95.2,91.15,94.7,11684732.0
2020-05-27,1415.0,1415.0,1415.0,1415.0,98.0
2020-05-27,13.4,13.75,13.4,13.69,1152159.0
2020-05-28,1418.9,1418.9,1418.9,1418.9,6.0
2020-05-28,13.66,13.68,13.55,13.56,20238.0
2020-05-28,1300.0,1305.0,1300.0,1305.0,48.0
2020-05-28,95.25,96.5,94.5,95.7,12156769.0
2020-05-29,1417.9,1417.9,1417.85,1417.85,9.0
2020-05-29,13.56,13.65,13.56,13.58,12283.0
2020-05-29,1328.99,1329.9,1328.99,1329.7,91.0
2020-05-29,94.7,98.85,94.3,97.85,19894337.0
2020-05-29,1230.0,1239.9,1230.0,1239.9,510.0
2020-05-29,1230.0,1230.0,1230.0,1230.0,1.0
2020-06-01,1257.0,1257.0,1257.0,1257.0,4.0
2020-06-01,1162.0,1162.0,1161.0,1161.0,20.0
2020-06-01,1420.0,1420.0,1420.0,1420.0,100.0
2020-06-01,98.4,99.65,97.15,97.9,10106453.0
2020-06-01,13.0,13.6,13.0,13.55,18405.0
2020-06-01,1220.0,1220.0,1220.0,1220.0,31.0
2020-06-01,1135.01,1135.01,1135.01,1135.01,6.0
2020-06-01,1419.9,1419.9,1415.0,1415.0,31.0
2020-06-01,1329.99,1329.99,1329.99,1329.99,93.0
2020-06-02,1419.95,1419.95,1415.0,1419.12,309.0
2020-06-02,13.0,13.6,13.0,13.58,24301.0
2020-06-02,98.75,98.95,96.05,96.75,18170671.0
2020-06-03,1419.95,1419.95,1418.5,1419.0,431.0
2020-06-03,13.58,13.6,13.53,13.55,16026.0
2020-06-03,1129.0,1150.0,1129.0,1150.0,20.0
2020-06-03,97.75,97.8,94.4,94.7,23202602.0
2020-06-04,1290.0,1290.0,1278.99,1280.0,400.0
2020-06-04,94.15,95.5,92.75,95.15,12827335.0
2020-06-04,1230.0,1230.0,1230.0,1230.0,30.0
2020-06-04,1419.95,1419.95,1419.95,1419.95,170.0
2020-06-04,13.45,13.64,13.45,13.54,75662.0
2020-06-05,1418.8,1419.95,1418.8,1419.95,839.0
2020-06-05,13.5,13.7,13.5,13.62,1076264.0
2020-06-05,1142.34,1142.34,1142.34,1142.34,6.0
2020-06-05,1300.1,1310.0,1300.1,1310.0,11.0
2020-06-05,95.0,98.2,94.15,97.95,11744405.0
2020-06-05,1190.0,1225.0,1189.0,1224.9,733.0
2020-06-08,1419.0,1419.95,1415.0,1415.0,702.0
2020-06-08,13.5,13.75,13.5,13.62,38362.0
2020-06-08,1260.0,1260.0,1250.0,1250.0,77.0
2020-06-08,1310.0,1310.0,1310.0,1310.0,8.0
2020-06-08,98.95,100.2,97.75,98.55,14173729.0
2020-06-08,1230.0,1230.0,1215.0,1215.0,561.0
2020-06-09,1250.0,1340.0,1205.0,1205.0,201.0
2020-06-09,1310.0,1310.0,1310.0,1310.0,78.0
2020-06-09,99.0,99.7,97.2,98.0,14232535.0
2020-06-09,1410.0,1422.0,1408.0,1416.1,797.0
2020-06-09,13.6,13.63,13.6,13.62,15573.0
2020-06-10,1433.87,1433.87,1422.0,1429.99,201.0
2020-06-10,13.61,13.69,13.55,13.6,10663.0
2020-06-10,98.15,100.15,97.25,98.15,12104523.0
2020-06-10,1400.0,1400.0,1400.0,1400.0,1684.0
2020-06-10,1271.0,1271.0,1271.0,1271.0,3.0
2020-06-11,1418.1,1418.1,1418.1,1418.1,10.0
2020-06-11,13.5,13.69,13.5,13.61,10107.0
2020-06-11,1380.0,1380.0,1380.0,1380.0,15.0
2020-06-11,1300.0,1300.0,1290.11,1290.11,16.0
2020-06-11,98.15,99.7,96.8,98.05,10258977.0
2020-06-12,1389.0,1389.0,1219.0,1219.0,41.0
2020-06-12,94.5,97.95,94.3,96.9,10925628.0
2020-06-12,1279.0,1279.0,1205.0,1205.0,34.0
2020-06-12,1417.51,1436.0,1417.51,1434.45,2657.0
2020-06-12,13.61,13.7,13.6,13.69,15508.0
2020-06-15,1444.9,1444.9,1425.05,1440.66,256.0
2020-06-15,13.56,13.75,13.56,13.61,11985.0
2020-06-15,1251.0,1251.0,1251.0,1251.0,2.0
2020-06-15,96.7,96.95,92.6,93.2,10980604.0
2020-06-15,1227.0,1228.99,1227.0,1228.99,55.0
2020-06-15,1277.01,1292.0,1277.01,1292.0,245.0
2020-06-16,94.95,95.1,92.25,92.8,8757045.0
2020-06-16,1320.0,1320.15,1320.0,1320.15,11.0
2020-06-16,1444.9,1444.9,1422.01,1439.49,283.0
2020-06-16,13.61,13.69,13.61,13.65,17233.0
2020-06-16,1168.3,1168.3,1168.3,1168.3,40.0
2020-06-17,92.95,93.1,90.85,91.5,17081361.0
2020-06-17,1227.0,1227.0,1224.99,1224.99,150.0
2020-06-17,1141.1,1200.0,1141.0,1158.5,2827.0
2020-06-17,1320.0,1321.1,1311.01,1311.01,79.0
2020-06-17,13.62,13.68,13.61,13.65,124297.0
2020-06-17,1430.0,1430.0,1428.0,1430.0,576.0
2020-06-17,1348.11,1348.11,1348.11,1348.11,40.0
2020-06-17,1131.1,1160.0,1131.0,1151.79,2470.0
2020-06-18,1320.25,1320.25,1320.25,1320.25,25.0
2020-06-18,1430.0,1435.0,1430.0,1435.0,15.0
2020-06-18,13.62,13.65,13.62,13.62,46178.0
2020-06-18,1150.1,1150.1,1150.0,1150.0,4.0
2020-06-18,1315.51,1315.51,1315.51,1315.51,3.0
2020-06-18,91.8,94.3,89.9,92.7,16520112.0
2020-06-18,1224.0,1224.99,1224.0,1224.99,92.0
2020-06-19,1234.99,1234.99,1204.0,1234.99,375.0
2020-06-19,93.05,94.05,92.4,93.0,13836696.0
2020-06-19,1150.0,1150.0,1150.0,1150.0,1.0
2020-06-19,13.62,13.74,13.61,13.7,189115.0
2020-06-19,1443.98,1443.98,1421.51,1434.45,483.0
2020-06-19,1325.0,1325.0,1325.0,1325.0,25.0
2020-06-22,1422.03,1444.89,1422.03,1431.0,24.0
2020-06-22,13.7,13.75,13.6,13.73,283606.0
2020-06-22,1180.0,1180.0,1180.0,1180.0,25.0
2020-06-22,94.1,95.85,93.35,95.3,18868376.0
2020-06-22,1159.25,1178.99,1159.25,1178.99,803.0
2020-06-22,1630.0,1630.0,1630.0,1630.0,1.0
2020-06-22,1231.4,1231.4,1224.0,1224.0,2.0
2020-06-23,1181.0,1181.0,1181.0,1181.0,100.0
2020-06-23,95.1,101.15,95.0,100.75,20333453.0
2020-06-23,1344.4,1568.0,1335.0,1338.0,651.0
2020-06-23,1226.0,1234.99,1203.0,1204.0,632.0
2020-06-23,13.7,13.74,13.65,13.71,332891.0
2020-06-23,1427.1,1427.1,1427.1,1427.1,15.0
2020-06-23,1165.1,1172.0,1165.1,1172.0,2.0
2020-06-24,1180.0,1180.0,1180.0,1180.0,5.0
2020-06-24,102.0,103.8,96.75,97.05,24055053.0
2020-06-24,1444.9,1444.9,1430.0,1430.03,6.0
2020-06-24,13.5,13.74,13.5,13.72,34330.0
2020-06-25,1444.9,1470.55,1444.9,1454.9,7.0
2020-06-25,13.72,13.73,13.67,13.68,11135.0
2020-06-25,1150.11,1180.0,1150.01,1171.44,7.0
2020-06-25,97.05,98.55,94.35,96.1,69278240.0
2020-06-25,1200.0,1200.0,1200.0,1200.0,40.0
2020-06-25,1226.9,1226.9,1211.0,1212.0,300.0
2020-06-26,96.4,97.4,95.55,97.0,15572502.0
2020-06-26,13.73,13.78,13.67,13.75,34136.0
2020-06-26,1239.99,1239.99,1239.99,1239.99,10.0
2020-06-26,1165.0,1189.0,1165.0,1189.0,364.0
2020-06-26,1200.0,1200.0,1200.0,1200.0,5.0
2020-06-29,1220.0,1220.0,1210.0,1215.41,109.0
2020-06-29,97.65,98.05,94.45,94.9,18135588.0
2020-06-29,1325.0,1325.0,1325.0,1325.0,2.0
2020-06-29,1459.0,1459.0,1440.0,1441.8,29.0
2020-06-29,1188.99,1195.0,1188.99,1195.0,361.0
2020-06-29,12.5,13.76,12.5,13.74,96617.0
2020-06-29,1280.0,1280.0,1280.0,1280.0,169.0
2020-06-30,1325.0,1325.0,1325.0,1325.0,31.0
2020-06-30,1193.0,1193.0,1193.0,1193.0,50.0
2020-06-30,97.0,97.75,95.2,95.8,18496450.0
2020-06-30,13.75,13.84,13.75,13.8,17773.0
2020-06-30,1464.9,1484.65,1444.1,1450.0,191.0
2020-06-30,1150.2,1219.99,1150.2,1191.25,17.0
2020-06-30,1206.0,1206.0,1205.0,1205.0,150.0
2020-07-01,94.7,94.7,92.3,93.6,21639174.0
2020-07-01,1211.0,1211.0,1200.0,1200.0,135.0
2020-07-01,1175.0,1175.0,1172.0,1172.0,28.0
2020-07-01,1327.6,1327.6,1327.6,1327.6,8.0
2020-07-01,1200.0,1200.0,1200.0,1200.0,2.0
2020-07-01,14.6,14.6,13.7,13.78,32216.0
2020-07-01,1484.0,1484.0,1445.0,1450.0,1281.0
2020-07-02,1215.0,1215.0,1215.0,1215.0,20.0
2020-07-02,1330.3,1335.0,1330.3,1335.0,2.0
2020-07-02,94.5,94.5,93.15,93.4,14333507.0
2020-07-02,1153.5,1160.0,1152.0,1154.34,2170.0
2020-07-02,12.8,13.83,12.8,13.78,15432.0
2020-07-02,1450.11,1450.11,1450.11,1450.11,130.0
2020-07-02,1270.2,1270.2,1270.2,1270.2,156.0
2020-07-03,1450.01,1460.0,1450.01,1458.96,281.0
2020-07-03,13.65,13.83,13.65,13.8,27136.0
2020-07-03,1180.0,1180.0,1173.0,1173.0,78.0
2020-07-03,93.6,95.35,92.75,94.5,15274892.0
2020-07-06,1378.9,1418.0,1350.0,1350.0,352.0
2020-07-06,1290.0,1290.0,1290.0,1290.0,5.0
2020-07-06,95.9,96.4,94.85,95.2,11830916.0
2020-07-06,1255.02,1255.02,1255.02,1255.02,157.0
2020-07-06,1329.0,1329.0,1329.0,1329.0,50.0
2020-07-06,1475.0,1475.0,1460.0,1460.35,118.0
2020-07-06,13.7,13.8,13.66,13.79,22297.0
2020-07-07,1462.0,1472.0,1462.0,1471.71,588.0
2020-07-07,13.71,13.88,13.71,13.81,26127.0
2020-07-07,1195.0,1195.0,1195.0,1195.0,176.0
2020-07-07,95.4,95.45,92.25,92.55,18786161.0
2020-07-07,1167.0,1167.0,1167.0,1167.0,1000.0
2020-07-07,1183.0,1215.0,1183.0,1215.0,32.0
2020-07-08,1227.0,1229.99,1190.0,1229.99,91.0
2020-07-08,92.85,92.85,90.85,91.0,26257436.0
2020-07-08,1172.0,1172.0,1172.0,1172.0,40.0
2020-07-08,1473.99,1474.0,1465.0,1465.79,32.0
2020-07-08,13.81,13.9,13.74,13.82,38873.0
2020-07-09,1220.0,1230.0,1210.0,1230.0,389.0
2020-07-09,1172.0,1172.0,1172.0,1172.0,25.0
2020-07-09,91.3,92.0,90.8,91.2,11910945.0
2020-07-09,1465.79,1475.0,1465.0,1475.0,83.0
2020-07-09,1170.0,1170.0,1165.0,1167.5,30.0
2020-07-09,13.8,13.86,13.8,13.82,12744.0
2020-07-09,1192.0,1192.0,1192.0,1192.0,180.0
2020-07-10,1484.0,1484.0,1480.0,1480.0,139.0
2020-07-10,13.75,13.85,13.75,13.84,81004.0
2020-07-10,1172.1,1172.1,1172.1,1172.1,1.0
2020-07-10,91.2,91.3,89.75,90.4,12213263.0
2020-07-10,1177.0,1177.0,1177.0,1177.0,15.0
2020-07-10,1235.0,1235.0,1225.0,1226.0,70.0
2020-07-13,1227.0,1227.0,1225.0,1225.0,35.0
2020-07-13,91.05,92.85,89.5,89.9,17512895.0
2020-07-13,1350.0,1350.0,1350.0,1350.0,30.0
2020-07-13,1494.9,1495.0,1472.0,1484.0,257.0
2020-07-13,13.78,13.86,13.78,13.84,29419.0
2020-07-14,1484.0,1484.0,1465.0,1475.0,57.0
2020-07-14,13.8,13.85,13.8,13.81,14261.0
2020-07-14,1165.25,1165.25,1165.25,1165.25,101.0
2020-07-14,89.8,89.9,87.4,87.65,14242251.0
2020-07-14,1210.0,1219.0,1205.0,1219.0,239.0
2020-07-15,1227.0,1227.0,1213.0,1213.0,120.0
2020-07-15,1475.0,1475.0,1466.2,1466.2,556.0
2020-07-15,13.82,13.87,13.82,13.82,15286.0
2020-07-15,1172.01,1185.99,1165.11,1185.99,229.0
2020-07-15,88.3,89.75,87.75,88.05,11582899.0
2020-07-15,1205.0,1205.0,1200.0,1202.5,3.0
2020-07-16,13.82,13.87,13.82,13.84,11499.0
2020-07-16,1165.35,1165.35,1165.35,1165.35,15.0
2020-07-16,1490.0,1490.0,1465.0,1466.12,67.0
2020-07-16,88.2,88.4,85.85,86.75,10152713.0
2020-07-17,87.2,88.65,87.0,88.3,12239669.0
2020-07-17,1191.99,1191.99,1191.99,1191.99,20.0
2020-07-17,1207.0,1207.0,1207.0,1207.0,20.0
2020-07-17,13.84,13.9,13.84,13.89,63055.0
2020-07-17,1190.0,1190.0,1190.0,1190.0,20.0
2020-07-17,1480.0,1480.0,1480.0,1480.0,100.0
2020-07-20,1479.0,1479.0,1472.0,1475.36,107.0
2020-07-20,13.2,13.96,13.2,13.94,69903.0
2020-07-20,1188.0,1190.0,1180.0,1180.0,110.0
2020-07-20,1190.0,1191.98,1185.0,1185.0,68.0
2020-07-20,1260.11,1260.11,1260.11,1260.11,31.0
2020-07-20,88.9,88.9,87.0,87.15,12349625.0
2020-07-21,1479.0,1479.0,1479.0,1479.0,2410.0
2020-07-21,13.92,13.98,13.91,13.94,25245.0
2020-07-21,88.0,88.65,86.8,88.35,20122602.0
2020-07-21,1350.0,1350.0,1350.0,1350.0,78.0
2020-07-21,1207.0,1207.0,1207.0,1207.0,20.0
2020-07-21,1550.0,1550.0,1550.0,1550.0,2.0
2020-07-22,1220.0,1225.0,1215.0,1225.0,86.0
2020-07-22,1207.0,1207.0,1207.0,1207.0,20.0
2020-07-22,1355.0,1355.0,1355.0,1355.0,16.0
2020-07-22,13.9,13.99,13.9,13.94,19071.0
2020-07-22,1470.0,1478.95,1470.0,1478.95,10.0
2020-07-22,88.75,92.6,88.7,90.35,31321868.0
2020-07-23,13.9,13.96,13.61,13.93,29486.0
2020-07-23,1190.0,1190.0,1190.0,1190.0,13.0
2020-07-23,1192.0,1192.0,1192.0,1192.0,10.0
2020-07-23,90.9,91.6,90.25,90.55,11161644.0
2020-07-23,1377.0,1377.0,1377.0,1377.0,300.0
2020-07-23,1315.0,1315.0,1315.0,1315.0,4.0
2020-07-23,1228.8,1228.8,1205.0,1205.0,130.0
2020-07-24,1400.0,1400.0,1400.0,1400.0,9.0
2020-07-24,1207.0,1225.0,1207.0,1216.0,6.0
2020-07-24,90.3,90.5,88.55,89.4,11352908.0
2020-07-24,1225.0,1227.0,1225.0,1227.0,25.0
2020-07-24,13.85,13.95,13.83,13.94,47755.0
2020-07-24,1450.0,1469.99,1450.0,1460.0,257.0
2020-07-24,1190.0,1190.0,1190.0,1190.0,40.0
2020-07-27,1550.0,1550.0,1550.0,1550.0,3.0
2020-07-27,1370.0,1370.0,1370.0,1370.0,16.0
2020-07-27,89.55,89.6,87.25,87.65,10071266.0
2020-07-27,1200.0,1228.0,1175.01,1222.54,1016.0
2020-07-27,13.5,13.95,13.2,13.93,18146.0
2020-07-27,1470.0,1477.9,1470.0,1474.9,81.0
2020-07-27,1165.29,1194.98,1165.29,1194.98,157.0
2020-07-28,1478.0,1478.0,1469.99,1470.0,62.0
2020-07-28,13.89,13.99,13.79,13.94,58024.0
2020-07-28,1170.01,1170.01,1170.01,1170.01,78.0
2020-07-28,87.9,88.8,86.9,88.55,13888285.0
2020-07-28,1157.6,1157.6,1157.6,1157.6,1.0
2020-07-28,1221.0,1221.0,1218.0,1219.0,95.0
2020-07-29,1218.0,1218.0,1217.0,1217.0,40.0
2020-07-29,1370.0,1370.0,1370.0,1370.0,157.0
2020-07-29,88.5,89.65,87.9,88.15,10733683.0
2020-07-29,13.86,13.99,13.86,13.91,11788.0
2020-07-29,1471.0,1471.0,1462.0,1471.0,82.0
2020-07-29,1264.0,1264.0,1264.0,1264.0,156.0
2020-07-30,1494.0,1494.0,1460.0,1489.6,82.0
2020-07-30,13.92,13.98,13.92,13.93,22107.0
2020-07-30,88.55,89.0,86.1,86.6,10670653.0
2020-07-30,1398.99,1400.0,1390.0,1400.0,503.0
2020-07-30,1217.0,1217.0,1195.0,1210.0,115.0
2020-07-31,1480.0,1491.89,1480.0,1491.89,181.0
2020-07-31,13.91,13.93,13.9,13.9,4916.0
2020-07-31,1165.2,1168.0,1165.2,1168.0,51.0
2020-07-31,86.9,87.6,86.3,87.0,7906812.0
2020-07-31,1390.0,1390.0,1390.0,1390.0,157.0
2020-07-31,1210.0,1210.0,1190.0,1199.33,115.0
2020-08-03,87.2,87.2,85.0,85.6,14158515.0
2020-08-03,1205.0,1205.0,1205.0,1205.0,3.0
2020-08-03,1168.0,1168.0,1168.0,1168.0,5.0
2020-08-03,13.5,13.95,13.5,13.95,38908.0
2020-08-03,1265.0,1265.0,1265.0,1265.0,9.0
2020-08-03,1480.0,1480.0,1480.0,1480.0,2.0
2020-08-04,1480.0,1480.0,1475.0,1475.0,297.0
2020-08-04,13.79,13.95,13.79,13.95,33590.0
2020-08-04,1165.32,1188.7,1165.32,1188.7,161.0
2020-08-04,1265.0,1266.01,1265.0,1266.01,188.0
2020-08-04,86.5,87.0,85.35,85.6,19622064.0
2020-08-04,1205.0,1205.0,1200.0,1200.0,100.0
2020-08-05,1468.0,1470.0,1468.0,1468.43,53.0
2020-08-05,13.75,13.95,13.75,13.93,118047.0
2020-08-05,1188.89,1188.89,1188.89,1188.89,90.0
2020-08-05,85.9,86.6,85.4,85.9,9479240.0
2020-08-05,1340.0,1340.0,1340.0,1340.0,8.0
2020-08-05,1204.0,1204.0,1201.0,1202.6,75.0
2020-08-06,1204.0,1204.0,1201.0,1201.0,60.0
2020-08-06,86.5,87.45,85.6,86.15,12209723.0
2020-08-06,13.92,13.99,13.92,13.95,23401.0
2020-08-06,1477.0,1477.0,1477.0,1477.0,32.0
2020-08-06,1172.0,1172.0,1170.0,1170.0,16.0
2020-08-07,1441.03,1460.0,1441.03,1460.0,60.0
2020-08-07,13.95,13.95,13.86,13.95,30674.0
2020-08-07,1161.1,1161.1,1161.1,1161.1,62.0
2020-08-07,86.2,86.7,85.35,85.8,10340142.0
2020-08-07,1203.0,1203.0,1201.0,1202.28,95.0
2020-08-10,1490.0,1490.0,1490.0,1490.0,1.0
2020-08-10,13.7,13.95,13.7,13.94,80428.0
2020-08-10,1260.1,1265.03,1260.1,1265.03,32.0
2020-08-10,86.8,88.7,86.15,88.2,12215888.0
2020-08-10,1171.0,1193.96,1170.0,1193.96,980.0
2020-08-11,1292.0,1292.0,1292.0,1292.0,5.0
2020-08-11,1195.0,1200.0,1190.0,1190.0,75.0
2020-08-11,1272.5,1272.5,1272.5,1272.5,16.0
2020-08-11,1488.0,1488.0,1488.0,1488.0,2.0
2020-08-11,13.95,13.96,13.9,13.95,117995.0
2020-08-11,89.0,89.6,87.8,88.25,11180571.0
2020-08-12,1488.0,1488.0,1455.0,1455.0,172.0
2020-08-12,13.95,13.99,13.95,13.98,20752.0
2020-08-12,1169.0,1170.0,1169.0,1169.0,11.0
2020-08-12,88.0,89.15,87.05,88.7,14804335.0
2020-08-12,1192.0,1200.0,1190.0,1190.0,84.0
2020-08-13,1457.1,1468.2,1457.0,1465.34,53.0
2020-08-13,13.9,13.99,13.9,13.95,25593.0
2020-08-13,1190.0,1190.0,1190.0,1190.0,1.0
2020-08-13,1189.99,1189.99,1189.99,1189.99,1.0
2020-08-13,87.4,87.5,86.5,87.25,13724634.0
2020-08-13,1202.0,1202.0,1202.0,1202.0,9.0
2020-08-14,1202.2,1202.2,1202.2,1202.2,25.0
2020-08-14,1195.0,1195.0,1185.0,1185.0,20.0
2020-08-14,1465.05,1466.0,1456.0,1462.36,269.0
2020-08-14,13.99,13.99,13.91,13.95,27834.0
2020-08-14,87.35,89.85,86.7,88.4,25405464.0
2020-08-17,13.95,14.1,13.95,14.04,65555.0
2020-08-17,1186.0,1186.0,1186.0,1186.0,9.0
2020-08-17,89.4,96.5,89.4,95.3,115117580.0
2020-08-17,1170.1,1170.1,1170.1,1170.1,1.0
2020-08-18,1180.01,1180.01,1180.0,1180.0,3.0
2020-08-18,14.94,14.94,13.95,14.09,103483.0
2020-08-18,96.2,97.8,94.05,95.05,52030586.0
2020-08-18,1415.01,1415.01,1415.01,1415.01,3.0
2020-08-19,1172.0,1172.0,1172.0,1172.0,8.0
2020-08-19,96.0,96.5,94.25,94.65,21840984.0
2020-08-19,1474.99,1474.99,1462.1,1462.1,158.0
2020-08-19,14.0,14.25,13.85,14.19,121621.0
2020-08-20,1225.0,1225.0,1225.0,1225.0,2.0
2020-08-20,94.6,101.9,94.25,101.1,112341122.0
2020-08-20,1462.1,1466.99,1460.0,1463.16,763.0
2020-08-20,13.93,14.2,13.93,14.16,26764.0
2020-08-21,1465.0,1465.0,1463.5,1463.5,115.0
2020-08-21,14.11,14.18,14.05,14.06,15914.0
2020-08-21,102.7,107.85,101.6,105.95,107866165.0
2020-08-21,1225.0,1252.0,1225.0,1238.0,6.0
2020-08-21,1190.0,1195.0,1190.0,1191.83,273.0
2020-08-24,1205.0,1205.0,1197.5,1197.5,21.0
2020-08-24,1318.0,1318.0,1292.1,1292.1,5.0
2020-08-24,1238.0,1260.0,1238.0,1260.0,2.0
2020-08-24,107.1,108.0,103.75,105.4,49155456.0
2020-08-24,14.01,14.05,13.96,13.99,17995.0
2020-08-24,1172.0,1172.0,1172.0,1172.0,39.0
2020-08-24,1465.0,1469.0,1452.0,1456.0,1310.0
2020-08-24,1351.65,1351.65,1351.65,1351.65,16.0
2020-08-25,1695.0,1698.0,1400.0,1451.1,15.0
2020-08-25,106.0,107.4,103.2,103.8,50945674.0
2020-08-25,1460.0,1469.0,1459.0,1464.89,40.0
2020-08-25,14.0,14.09,14.0,14.01,43057.0
2020-08-25,1170.01,1205.0,1170.01,1197.89,114.0
2020-08-26,1461.0,1461.0,1455.0,1456.0,378.0
2020-08-26,14.0,14.05,14.0,14.01,19000.0
2020-08-26,1352.33,1352.5,1352.01,1352.2,472.0
2020-08-26,104.6,104.6,101.6,102.8,30829463.0
2020-08-26,1392.0,1465.0,1392.0,1465.0,14.0
2020-08-26,1196.0,1196.0,1196.0,1196.0,211.0
2020-08-27,1467.8,1467.8,1455.55,1455.55,5.0
2020-08-27,14.0,14.09,14.0,14.01,18913.0
2020-08-27,103.2,103.9,102.0,102.6,19363825.0
2020-08-27,1206.0,1206.0,1196.0,1196.31,230.0
2020-08-28,103.15,104.25,101.25,101.55,21359093.0
2020-08-28,1355.0,1355.75,1355.0,1355.54,125.0
2020-08-28,14.0,14.11,14.0,14.01,19677.0
2020-08-28,1464.0,1464.0,1456.01,1457.97,560.0
2020-08-31,1459.99,1459.99,1456.95,1459.99,321.0
2020-08-31,14.0,14.08,14.0,14.0,25578.0
2020-08-31,1360.0,1360.0,1360.0,1360.0,100.0
2020-08-31,102.6,102.7,95.5,96.4,40298819.0
2020-09-01,1440.0,1459.99,1440.0,1458.49,111.0
2020-09-01,14.0,14.08,14.0,14.05,14518.0
2020-09-01,1170.1,1170.1,1170.1,1170.1,3.0
2020-09-01,97.5,101.15,96.5,99.8,44304572.0
2020-09-02,14.01,14.17,14.01,14.12,30353.0
2020-09-02,1342.21,1342.21,1342.21,1342.21,16.0
2020-09-02,99.8,100.5,98.3,98.95,20904848.0
2020-09-02,1400.01,1400.01,1400.01,1400.01,2.0
2020-09-02,1196.3,1196.3,1172.0,1172.0,73.0
2020-09-02,1312.0,1312.0,1312.0,1312.0,50.0
2020-09-03,99.0,99.7,96.9,97.7,19004482.0
2020-09-03,14.1,14.15,14.1,14.13,7365.0
2020-09-03,1399.95,1399.95,1399.95,1399.95,190.0
2020-09-04,1459.8,1459.89,1445.0,1459.89,257.0
2020-09-04,14.15,14.23,14.11,14.22,45800.0
2020-09-04,1170.21,1195.0,1170.21,1195.0,365.0
2020-09-04,1399.95,1399.95,1375.0,1375.0,273.0
2020-09-04,96.05,97.45,94.0,94.7,27339648.0
2020-09-04,1339.0,1339.0,1198.0,1198.0,230.0
2020-09-07,1460.0,1474.0,1460.0,1474.0,582.0
2020-09-07,14.16,14.27,14.15,14.15,40495.0
2020-09-07,94.8,96.0,92.05,92.4,28474983.0
2020-09-07,1350.25,1350.25,1350.01,1350.01,157.0
2020-09-07,1250.0,1250.0,1250.0,1250.0,1.0
2020-09-08,1366.0,1366.0,1351.01,1365.23,39.0
2020-09-08,93.25,93.25,90.3,90.65,31186030.0
2020-09-08,1245.0,1245.0,1190.1,1195.13,125.0
2020-09-08,14.15,14.18,14.11,14.15,12223.0
2020-09-08,1471.9,1471.9,1460.0,1460.0,122.0
2020-09-08,1190.0,1190.0,1190.0,1190.0,11.0
2020-09-09,1190.0,1199.0,1190.0,1199.0,530.0
2020-09-09,1440.0,1440.0,1440.0,1440.0,50.0
2020-09-09,1315.0,1315.0,1315.0,1315.0,465.0
2020-09-09,14.2,14.2,14.11,14.11,12019.0
2020-09-09,1459.0,1459.0,1454.99,1459.0,1622.0
2020-09-09,90.1,91.25,88.5,90.4,28307198.0
2020-09-10,1468.0,1468.0,1458.0,1458.0,452.0
2020-09-10,14.1,14.14,14.1,14.13,12842.0
2020-09-10,1190.0,1219.86,1190.0,1219.86,50.0
2020-09-10,91.0,91.5,89.25,90.55,27263683.0
2020-09-10,1399.99,1400.0,1399.99,1400.0,100.0
2020-09-10,1193.0,1202.0,1193.0,1198.42,480.0
2020-09-10,1291.0,1291.0,1291.0,1291.0,3.0
2020-09-11,1195.0,1195.0,1195.0,1195.0,50.0
2020-09-11,1410.0,1410.0,1410.0,1410.0,5.0
2020-09-11,1451.0,1463.7,1451.0,1458.76,345.0
2020-09-11,14.1,14.15,14.1,14.1,20600.0
2020-09-11,90.2,90.9,89.45,90.1,18190992.0
2020-09-14,1469.9,1469.9,1469.9,1469.9,100.0
2020-09-14,14.1,14.12,14.1,14.1,23582.0
2020-09-14,1200.0,1200.0,1200.0,1200.0,5.0
2020-09-14,90.4,91.95,89.75,90.85,22535288.0
2020-09-14,1439.99,1440.0,1433.65,1433.65,613.0
2020-09-14,1250.0,1250.0,1250.0,1250.0,10.0
2020-09-15,1465.0,1465.0,1465.0,1465.0,100.0
2020-09-15,14.1,14.14,14.1,14.13,11756.0
2020-09-15,1170.6,1170.6,1170.6,1170.6,156.0
2020-09-15,90.9,92.75,90.55,91.1,26869515.0
2020-09-16,91.6,91.6,89.3,89.65,20784528.0
2020-09-16,1170.82,1170.82,1170.82,1170.82,1.0
2020-09-16,1196.0,1196.0,1192.0,1193.11,90.0
2020-09-16,1455.0,1460.0,1455.0,1460.0,164.0
2020-09-16,14.11,14.14,14.1,14.11,49881.0
2020-09-17,1461.0,1461.0,1461.0,1461.0,48.0
2020-09-17,14.11,14.13,14.11,14.12,9793.0
2020-09-17,89.05,89.45,88.3,88.65,21804418.0
2020-09-17,1375.0,1375.0,1361.5,1361.5,157.0
2020-09-17,1310.62,1313.0,1310.62,1311.36,16.0
2020-09-18,89.05,91.1,88.7,90.55,44757936.0
2020-09-18,1148.0,1199.0,1125.3,1140.0,1439.0
2020-09-18,14.1,14.15,14.1,14.13,21749.0
2020-09-18,1150.0,1150.0,1115.5,1115.5,600.0
2020-09-21,1466.99,1467.0,1466.99,1467.0,166.0
2020-09-21,14.1,14.15,14.1,14.12,13308.0
2020-09-21,1199.61,1199.61,1199.61,1199.61,10.0
2020-09-21,91.15,91.35,87.35,88.3,17714799.0
2020-09-21,1250.0,1250.0,1163.0,1178.0,11.0
2020-09-21,1315.04,1315.04,1315.04,1315.04,35.0
2020-09-22,1195.0,1195.0,1195.0,1195.0,100.0
2020-09-22,88.3,89.55,85.3,87.7,25113194.0
2020-09-22,1140.0,1140.0,1125.0,1125.0,60.0
2020-09-22,1455.0,1460.0,1450.0,1458.14,831.0
2020-09-22,1325.0,1325.0,1325.0,1325.0,10.0
2020-09-22,14.12,14.15,14.12,14.14,9153.0
2020-09-23,1458.3,1458.3,1458.3,1458.3,10.0
2020-09-23,14.12,14.25,14.12,14.14,17999.0
2020-09-23,1124.99,1124.99,1122.25,1122.25,36.0
2020-09-23,87.65,88.15,84.2,85.1,24108530.0
2020-09-23,1345.0,1345.0,1345.0,1345.0,1.0
2020-09-23,1220.0,1220.0,1204.2,1204.2,133.0
2020-09-23,1310.07,1310.07,1310.07,1310.07,3.0
2020-09-24,1464.5,1464.9,1464.45,1464.8,451.0
2020-09-24,14.13,14.25,14.13,14.13,27571.0
2020-09-24,84.1,85.65,82.15,82.65,17724733.0
2020-09-24,1283.0,1286.0,1283.0,1286.0,4.0
2020-09-24,1200.0,1200.0,1200.0,1200.0,20.0
2020-09-25,1185.0,1185.0,1185.0,1185.0,40.0
2020-09-25,1186.0,1186.0,1186.0,1186.0,500.0
2020-09-25,1675.0,1680.0,1675.0,1680.0,3.0
2020-09-25,14.0,14.25,14.0,14.23,28188.0
2020-09-25,83.35,85.15,82.35,84.8,15999527.0
2020-09-28,1473.9,1473.9,1452.1,1452.1,501.0
2020-09-28,14.15,14.2,14.15,14.18,14013.0
2020-09-28,1190.0,1200.0,1190.0,1195.0,89.0
2020-09-28,85.6,88.25,85.1,87.5,22735842.0
2020-09-28,1272.0,1280.06,1272.0,1280.06,85.0
2020-09-28,1396.55,1396.55,1396.55,1396.55,5.0
2020-09-28,1205.4,1205.4,1185.0,1189.55,517.0
2020-09-29,14.15,14.17,14.15,14.15,69832.0
2020-09-29,1120.0,1120.0,1120.0,1120.0,1.0
2020-09-29,1225.0,1225.0,1225.0,1225.0,450.0
2020-09-29,88.5,88.9,84.65,85.15,21328831.0
2020-09-29,1281.05,1289.0,1281.02,1289.0,880.0
2020-09-30,85.6,85.85,83.4,85.1,18475465.0
2020-09-30,14.13,14.2,14.13,14.16,12919.0
2020-09-30,1470.4,1470.4,1470.4,1470.4,1.0
2020-10-01,1470.6,1470.6,1465.0,1465.0,221.0
2020-10-01,14.16,14.19,14.16,14.16,18151.0
2020-10-01,1100.11,1149.5,1100.11,1130.77,432.0
2020-10-01,85.8,85.8,84.5,84.9,18244685.0
2020-10-01,1290.01,1290.01,1290.01,1290.01,8.0
2020-10-01,1204.2,1275.0,1204.2,1226.99,240.0
2020-10-05,14.16,14.2,14.16,14.16,17778.0
2020-10-05,1120.1,1129.0,1120.1,1129.0,108.0
2020-10-05,85.0,85.45,83.8,84.45,15684514.0
2020-10-05,1290.0,1290.0,1284.1,1284.1,157.0
2020-10-05,1194.0,1194.0,1193.0,1193.0,771.0
2020-10-05,1227.0,1227.0,1227.0,1227.0,300.0
2020-10-06,1540.0,1540.0,1540.0,1540.0,1.0
2020-10-06,1194.0,1194.0,1194.0,1194.0,1.0
2020-10-06,84.45,84.65,83.65,84.15,13094249.0
2020-10-06,1129.0,1175.0,1129.0,1170.0,181.0
2020-10-06,14.17,14.2,14.16,14.18,91099.0
2020-10-06,1474.0,1474.0,1453.0,1458.0,97.0
2020-10-07,1465.0,1465.0,1454.0,1454.0,70.0
2020-10-07,14.0,14.25,14.0,14.2,30281.0
2020-10-07,84.2,84.25,82.25,82.8,19057128.0
2020-10-07,1282.01,1282.01,1282.01,1282.01,1.0
2020-10-07,1220.0,1220.0,1220.0,1220.0,40.0
2020-10-08,14.18,14.23,14.18,14.19,29176.0
2020-10-08,1100.0,1160.0,1100.0,1160.0,121.0
2020-10-08,83.1,83.35,82.35,82.6,11961713.0
2020-10-08,1282.01,1299.0,1280.2,1299.0,32.0
2020-10-08,1200.0,1225.0,1200.0,1225.0,205.0
2020-10-09,1287.1,1287.1,1287.1,1287.1,1.0
2020-10-09,82.85,83.15,81.65,82.9,18016487.0
2020-10-09,1163.0,1195.0,1163.0,1195.0,25.0
2020-10-09,1468.9,1468.9,1468.9,1468.9,20.0
2020-10-09,14.0,14.2,14.0,14.18,25767.0
2020-10-12,1473.0,1473.0,1455.0,1460.02,1032.0
2020-10-12,14.0,14.18,14.0,14.17,18404.0
2020-10-12,83.65,84.55,82.4,82.75,11714370.0
2020-10-12,1283.0,1294.89,1283.0,1294.89,172.0
2020-10-13,1468.7,1468.7,1462.0,1462.04,173.0
2020-10-13,14.16,14.2,14.16,14.18,47895.0
2020-10-13,1165.0,1165.0,1160.0,1160.0,120.0
2020-10-13,82.8,83.4,82.4,82.65,11509196.0
2020-10-13,1285.0,1295.0,1285.0,1295.0,343.0
2020-10-14,1469.9,1470.0,1469.9,1469.97,220.0
2020-10-14,14.15,14.2,14.15,14.18,33386.0
2020-10-14,82.8,83.05,78.1,79.1,47114567.0
2020-10-15,1295.01,1295.01,1295.01,1295.01,150.0
2020-10-15,1200.0,1200.0,1175.0,1175.0,157.0
2020-10-15,79.1,80.5,78.5,79.0,20107632.0
2020-10-15,14.18,14.2,14.18,14.19,30380.0
2020-10-15,1470.0,1470.0,1470.0,1470.0,758.0
2020-10-15,1102.1,1160.0,1102.1,1160.0,2.0
2020-10-16,1469.99,1469.99,1469.94,1469.94,50.0
2020-10-16,14.17,14.25,14.17,14.19,36950.0
2020-10-16,1100.3,1158.99,1100.3,1158.99,194.0
2020-10-16,79.0,80.5,78.45,80.3,16578317.0
2020-10-16,1295.06,1297.0,1295.06,1295.81,522.0
2020-10-19,1470.0,1470.0,1470.0,1470.0,200.0
2020-10-19,14.1,14.23,14.1,14.2,26560.0
2020-10-19,80.95,83.15,80.5,81.65,21839955.0
2020-10-20,1250.0,1250.0,1250.0,1250.0,1.0
2020-10-20,1249.99,1249.99,1220.0,1220.0,632.0
2020-10-20,81.65,81.95,80.3,80.65,14238588.0
2020-10-20,14.2,14.3,14.11,14.2,31657.0
2020-10-20,1469.99,1472.0,1469.99,1472.0,261.0
2020-10-20,1113.65,1113.65,1113.65,1113.65,31.0
2020-10-21,1295.81,1299.25,1295.81,1299.25,99.0
2020-10-21,81.45,83.8,80.65,82.3,38563963.0
2020-10-21,1235.0,1235.0,1206.0,1224.99,125.0
2020-10-21,14.2,14.3,14.2,14.2,21426.0
2020-10-21,1474.9,1476.7,1474.9,1476.7,15.0
2020-10-21,1110.76,1110.76,1110.76,1110.76,6.0
2020-10-22,1476.7,1476.7,1476.7,1476.7,25.0
2020-10-22,13.55,14.24,13.55,14.21,13722.0
2020-10-22,82.3,85.9,81.4,84.65,34256607.0
2020-10-22,1287.01,1290.01,1287.01,1290.0,926.0
2020-10-22,1219.99,1220.0,1200.0,1220.0,176.0
2020-10-23,1220.0,1220.0,1219.9,1220.0,49.0
2020-10-23,1250.0,1250.0,1250.0,1250.0,9.0
2020-10-23,86.0,86.6,84.5,86.25,46259632.0
2020-10-23,1318.99,1318.99,1318.99,1318.99,100.0
2020-10-23,1120.0,1120.0,1120.0,1120.0,1.0
2020-10-23,14.2,14.27,14.2,14.21,18099.0
2020-10-23,1480.0,1480.0,1474.99,1474.99,254.0
2020-10-23,1210.1,1210.1,1205.0,1205.0,606.0
2020-10-26,1670.0,1670.0,1670.0,1670.0,3.0
2020-10-26,1250.0,1250.0,1250.0,1250.0,20.0
2020-10-26,1225.0,1225.0,1200.0,1220.0,190.0
2020-10-26,14.21,14.24,14.21,14.23,20960.0
2020-10-26,1475.0,1484.7,1475.0,1484.7,271.0
2020-10-26,87.1,88.0,84.3,85.95,34724657.0
2020-10-27,1369.69,1369.69,1369.69,1369.69,1.0
2020-10-27,1475.0,1488.0,1474.0,1475.25,559.0
2020-10-27,14.22,14.23,14.22,14.23,28523.0
2020-10-27,88.8,90.05,87.05,89.45,95413214.0
2020-10-27,1270.0,1270.0,1270.0,1270.0,1.0
2020-10-27,1225.0,1225.0,1225.0,1225.0,25.0
2020-10-28,1220.0,1220.0,1205.0,1205.0,38.0
2020-10-28,1292.01,1292.01,1292.01,1292.01,1.0
2020-10-28,89.45,90.65,87.5,88.1,44763307.0
2020-10-28,14.23,14.28,14.23,14.26,42579.0
2020-10-28,1149.81,1149.81,1149.81,1149.81,13.0
2020-10-28,1474.0,1488.0,1473.11,1488.0,355.0
2020-10-28,1308.0,1308.0,1308.0,1308.0,10.0
2020-10-29,1360.0,1360.0,1360.0,1360.0,25.0
2020-10-29,1485.0,1485.0,1485.0,1485.0,100.0
2020-10-29,14.0,14.27,14.0,14.25,25447.0
2020-10-29,87.0,88.5,86.0,86.5,41915668.0
2020-10-29,1219.55,1219.55,1219.55,1219.55,25.0
2020-10-30,1361.0,1361.0,1361.0,1361.0,10.0
2020-10-30,14.25,14.29,14.25,14.27,8814.0
2020-10-30,1120.0,1120.0,1120.0,1120.0,1.0
2020-10-30,86.9,88.75,86.3,87.6,40735912.0
2020-10-30,1300.0,1300.0,1300.0,1300.0,323.0
2020-10-30,1220.0,1220.0,1218.0,1218.0,609.0
2020-11-02,1220.0,1220.0,1220.0,1220.0,10.0
2020-11-02,88.3,89.6,87.95,89.2,31922062.0
2020-11-02,14.26,14.5,14.26,14.39,241958.0
2020-11-02,1130.0,1130.0,1130.0,1130.0,2.0
2020-11-02,1485.0,1485.0,1475.1,1485.0,502.0
2020-11-03,1489.9,1490.8,1489.9,1490.47,381.0
2020-11-03,14.3,14.8,14.3,14.35,236528.0
2020-11-03,1130.0,1130.0,1130.0,1130.0,30.0
2020-11-03,1274.9,1274.9,1274.9,1274.9,37.0
2020-11-03,91.45,92.0,83.05,85.95,118128168.0
2020-11-04,1301.0,1301.0,1300.1,1300.1,63.0
2020-11-04,86.15,87.1,84.5,85.1,47519427.0
2020-11-04,1205.1,1207.01,1205.1,1207.01,314.0
2020-11-04,14.34,14.39,14.34,14.34,78376.0
2020-11-04,1480.0,1488.0,1477.0,1488.0,2420.0
2020-11-04,1122.0,1122.0,1122.0,1122.0,31.0
2020-11-05,1302.0,1302.0,1302.0,1302.0,157.0
2020-11-05,1220.0,1220.0,1205.0,1205.0,35.0
2020-11-05,1275.0,1275.0,1275.0,1275.0,1.0
2020-11-05,85.85,87.0,85.6,86.8,41267817.0
2020-11-05,1211.85,1211.85,1211.85,1211.85,100.0
2020-11-05,14.34,14.39,14.34,14.34,27730.0
2020-11-05,1488.0,1488.0,1488.0,1488.0,20.0
2020-11-05,1360.0,1360.0,1360.0,1360.0,150.0
2020-11-06,14.36,14.45,14.35,14.44,51966.0
2020-11-06,1149.75,1149.75,1149.6,1149.6,2.0
2020-11-06,87.2,88.75,86.9,87.3,46143960.0
2020-11-06,1306.0,1319.0,1306.0,1319.0,190.0
2020-11-06,1225.0,1225.0,1225.0,1225.0,50.0
2020-11-09,14.4,14.43,14.35,14.41,26400.0
2020-11-09,1208.01,1208.01,1208.01,1208.01,8.0
2020-11-09,88.65,89.85,87.7,89.45,42703600.0
2020-11-09,1220.0,1220.0,1198.0,1198.0,130.0
2020-11-10,1198.0,1198.0,1198.0,1198.0,200.0
2020-11-10,1310.0,1340.0,1310.0,1340.0,1640.0
2020-11-10,89.8,91.75,89.55,91.5,43483223.0
2020-11-10,1224.0,1224.0,1224.0,1224.0,314.0
2020-11-10,1504.0,1504.0,1504.0,1504.0,1.0
2020-11-10,14.4,14.5,14.38,14.44,732790.0
2020-11-10,1105.81,1105.81,1105.81,1105.81,20.0
2020-11-11,1500.75,1508.0,1500.75,1507.66,179.0
2020-11-11,14.0,14.49,14.0,14.42,29216.0
2020-11-11,1310.0,1310.0,1310.0,1310.0,78.0
2020-11-11,92.0,93.5,91.7,92.9,51801855.0
2020-11-11,1198.0,1225.0,1190.1,1225.0,130.0
2020-11-12,1501.0,1503.0,1501.0,1501.01,237.0
2020-11-12,14.25,14.49,14.25,14.42,13249.0
2020-11-12,1110.0,1110.0,1110.0,1110.0,156.0
2020-11-12,92.4,92.6,90.4,90.8,33374610.0
2020-11-12,1234.99,1234.99,1204.0,1204.61,143.0
2020-11-13,1234.99,1234.99,1234.99,1234.99,30.0
2020-11-13,90.0,92.35,89.2,91.45,24025139.0
2020-11-13,14.25,14.49,14.25,14.43,19936.0
2020-11-13,1501.0,1501.0,1495.0,1501.0,1290.0
2020-11-14,14.0,14.6,14.0,14.52,29961.0
2020-11-14,90.55,92.4,90.3,90.9,12521960.0
2020-11-14,1235.0,1235.0,1234.0,1234.76,43.0
2020-11-17,1508.0,1508.0,1507.0,1507.0,40.0
2020-11-17,14.45,14.55,14.45,14.48,51240.0
2020-11-17,1112.22,1112.22,1112.22,1112.22,4.0
2020-11-17,1315.0,1315.0,1315.0,1315.0,100.0
2020-11-17,91.75,92.4,88.25,88.7,55324429.0
2020-11-17,1211.0,1211.0,1211.0,1211.0,150.0
2020-11-18,1314.0,1314.0,1314.0,1314.0,12.0
2020-11-18,1113.01,1147.69,1113.01,1147.69,26.0
2020-11-18,88.7,89.55,88.1,88.3,37574681.0
2020-11-18,1501.0,1501.0,1501.0,1501.0,50.0
2020-11-18,14.43,14.5,14.43,14.49,41253.0
2020-11-19,1206.3,1206.3,1206.3,1206.3,8.0
2020-11-19,1325.0,1339.86,1325.0,1339.86,29.0
2020-11-19,1502.0,1502.0,1502.0,1502.0,6.0
2020-11-19,14.47,14.53,14.47,14.48,315005.0
2020-11-19,88.4,91.9,88.0,89.8,55196018.0
2020-11-20,1399.59,1399.59,1399.59,1399.59,214.0
2020-11-20,1507.99,1508.0,1507.99,1508.0,57.0
2020-11-20,14.48,14.82,14.48,14.52,23480.0
2020-11-20,1210.0,1210.0,1210.0,1210.0,2.0
2020-11-20,1325.01,1325.01,1311.3,1311.3,141.0
2020-11-20,90.25,92.1,89.9,91.8,47670803.0
2020-11-23,1492.0,1511.89,1491.01,1510.92,257.0
2020-11-23,14.55,14.55,14.5,14.5,46051.0
2020-11-23,1315.0,1315.01,1315.0,1315.01,11.0
2020-11-23,92.9,94.4,92.0,93.65,54262598.0
2020-11-24,1148.0,1150.0,1148.0,1150.0,287.0
2020-11-24,94.25,94.8,93.75,94.15,35713773.0
2020-11-24,1515.0,1515.0,1510.0,1513.33,300.0
2020-11-24,14.25,14.6,14.25,14.51,185700.0
2020-11-24,1315.0,1323.0,1315.0,1323.0,236.0
2020-11-25,1515.0,1520.01,1515.0,1517.33,86.0
2020-11-25,14.25,14.58,14.25,14.55,23179.0
2020-11-25,1129.36,1129.36,1129.36,1129.36,6.0
2020-11-25,1319.97,1319.97,1307.1,1319.95,160.0
2020-11-25,94.45,94.9,92.85,93.95,32464332.0
2020-11-25,1214.0,1214.0,1214.0,1214.0,4.0
2020-11-25,1275.0,1275.0,1275.0,1275.0,3.0
2020-11-26,1519.0,1519.0,1519.0,1519.0,1000.0
2020-11-26,14.0,14.55,14.0,14.52,9686.0
2020-11-26,1130.1,1206.9,1130.1,1189.9,51.0
2020-11-26,93.95,94.8,93.4,94.1,30825401.0
2020-11-27,95.75,97.05,91.8,94.7,216981706.0
2020-11-27,1096.05,1189.99,1096.05,1143.01,407.0
2020-11-27,1190.45,1190.45,1150.0,1150.0,340.0
2020-11-27,14.52,14.6,14.3,14.52,26067.0
2020-11-27,1481.0,1481.0,1419.4,1430.0,2267.0
2020-11-27,1358.9,1358.9,1358.9,1358.9,150.0
2020-11-27,1253.99,1254.0,1253.99,1254.0,500.0
2020-12-01,1430.0,1439.0,1430.0,1433.62,367.0
2020-12-01,14.3,14.56,14.3,14.53,45701.0
2020-12-01,1112.21,1112.21,1112.21,1112.21,31.0
2020-12-01,1205.01,1205.01,1205.01,1205.01,78.0
2020-12-01,1325.0,1325.0,1315.02,1316.35,514.0
2020-12-01,94.7,96.2,93.45,93.75,35330973.0
2020-12-01,1155.0,1155.0,1150.0,1154.5,860.0
2020-12-02,1120.0,1145.0,1120.0,1145.0,284.0
2020-12-02,1308.6,1308.7,1308.6,1308.65,2.0
2020-12-02,94.65,95.2,93.8,94.8,27650080.0
2020-12-02,14.5,14.6,14.5,14.55,28250.0
2020-12-02,1440.0,1452.0,1433.62,1451.98,846.0
2020-12-02,1150.0,1150.0,1150.0,1150.0,5.0
2020-12-03,1451.98,1451.98,1421.31,1423.95,242.0
2020-12-03,13.0,14.55,13.0,14.52,66122.0
2020-12-03,1100.01,1100.01,1100.01,1100.01,37.0
2020-12-03,1150.0,1150.0,1145.0,1145.0,14.0
2020-12-03,1315.3,1315.3,1315.3,1315.3,23.0
2020-12-03,95.85,99.15,95.3,98.55,43841111.0
2020-12-03,1145.0,1155.0,1116.0,1152.0,641.0
2020-12-04,2000.0,2000.0,2000.0,2000.0,1.0
2020-12-04,1429.9,1430.0,1429.87,1429.92,367.0
2020-12-04,12.0,14.56,12.0,14.54,30924.0
2020-12-04,1195.0,1195.0,1195.0,1195.0,2.0
2020-12-04,99.2,99.8,97.5,98.55,34813873.0
2020-12-04,1161.3,1284.99,1161.3,1167.5,643.0
2020-12-07,1200.0,1200.0,1160.0,1160.0,3.0
2020-12-07,99.0,101.15,98.7,99.75,27049393.0
2020-12-07,1174.0,1180.0,1174.0,1178.0,424.0
2020-12-07,14.54,14.57,14.54,14.55,62509.0
2020-12-07,1315.0,1340.0,1315.0,1340.0,178.0
2020-12-07,1431.0,1431.0,1428.0,1428.0,168.0
2020-12-08,14.5,14.57,14.5,14.54,24369.0
2020-12-08,1346.9,1346.99,1346.9,1346.96,160.0
2020-12-08,100.55,100.85,97.8,98.2,30386160.0
2020-12-08,1160.0,1160.0,1152.0,1152.0,277.0
2020-12-09,1428.0,1428.0,1428.0,1428.0,308.0
2020-12-09,14.0,14.57,14.0,14.54,30130.0
2020-12-09,1117.0,1123.34,1117.0,1123.34,37.0
2020-12-09,1320.52,1320.52,1320.51,1320.51,156.0
2020-12-09,99.25,99.9,97.9,98.3,24061383.0
2020-12-09,1154.0,1174.0,1153.0,1160.0,420.0
2020-12-10,98.4,99.35,96.5,97.15,25985382.0
2020-12-10,1450.0,1450.0,1435.0,1435.0,76.0
2020-12-10,14.5,14.6,14.5,14.55,33523.0
2020-12-10,1330.0,1330.0,1330.0,1330.0,80.0
2020-12-11,1160.0,1160.0,1102.18,1112.28,977.0
2020-12-11,97.9,102.9,97.65,102.4,63463638.0
2020-12-11,14.01,14.62,13.5,14.53,195815.0
2020-12-14,1341.0,1341.0,1341.0,1341.0,50.0
2020-12-14,13.76,14.57,13.76,14.54,91812.0
2020-12-14,1352.6,1352.6,1348.0,1348.0,102.0
2020-12-14,103.45,105.35,103.0,104.6,45802433.0
2020-12-14,1125.0,1125.0,1125.0,1125.0,161.0
2020-12-15,1225.1,1255.0,1225.0,1255.0,1150.0
2020-12-15,1460.0,1460.6,1428.0,1435.45,359.0
2020-12-15,14.02,14.6,14.02,14.58,57907.0
2020-12-15,1316.0,1316.0,1316.0,1316.0,57.0
2020-12-15,105.1,106.4,102.85,105.85,52215593.0
2020-12-15,1104.05,1104.05,1104.05,1104.05,100.0
2020-12-15,1125.0,1145.0,1125.0,1142.54,270.0
2020-12-16,14.58,14.59,14.5,14.55,34301.0
2020-12-16,1140.0,1140.0,1140.0,1140.0,25.0
2020-12-16,106.95,107.25,104.55,104.9,25184934.0
2020-12-16,1440.0,1440.0,1432.0,1436.45,25.0
2020-12-16,1112.12,1120.12,1112.12,1120.12,48.0
2020-12-16,1325.14,1331.0,1325.14,1330.73,109.0
2020-12-17,1435.0,1435.0,1435.0,1435.0,400.0
2020-12-17,14.5,14.58,14.5,14.56,71968.0
2020-12-17,1140.0,1140.0,1140.0,1140.0,100.0
2020-12-17,105.65,105.65,104.0,104.45,16840984.0
2020-12-18,1436.0,1440.0,1436.0,1440.0,117.0
2020-12-18,14.55,14.57,14.55,14.55,38096.0
2020-12-18,1140.0,1140.0,1140.0,1140.0,176.0
2020-12-18,1315.1,1325.01,1315.1,1325.01,17.0
2020-12-18,104.55,104.8,102.85,103.75,33596568.0
2020-12-18,1142.0,1142.0,1142.0,1142.0,100.0
2020-12-21,103.7,103.95,94.75,97.5,34210970.0
2020-12-21,1349.0,1349.93,1349.0,1349.91,3.0
2020-12-21,14.05,14.57,14.05,14.52,68951.0
2020-12-21,1330.0,1330.0,1330.0,1330.0,50.0
2020-12-21,1449.85,1449.85,1438.0,1438.0,134.0
2020-12-22,1437.0,1448.8,1437.0,1439.99,300.0
2020-12-22,14.52,14.55,14.5,14.53,15849.0
2020-12-22,1325.0,1325.0,1325.0,1325.0,157.0
2020-12-22,97.35,99.8,96.5,98.9,29181188.0
2020-12-22,1164.95,1164.95,1164.95,1164.95,42.0
2020-12-23,1438.0,1438.0,1438.0,1438.0,1.0
2020-12-23,14.55,14.57,14.51,14.54,29508.0
2020-12-23,1325.0,1325.0,1324.0,1325.0,173.0
2020-12-23,99.05,99.4,97.8,98.55,17602151.0
2020-12-23,1131.0,1163.89,1130.0,1133.0,401.0
2020-12-24,99.3,101.5,99.0,99.95,23052394.0
2020-12-24,1287.0,1287.0,1262.72,1280.37,22.0
2020-12-24,1216.0,1248.0,1216.0,1248.0,363.0
2020-12-24,14.39,14.6,14.39,14.54,69544.0
2020-12-24,1440.0,1440.0,1440.0,1440.0,3.0
2020-12-24,1117.34,1117.34,1117.34,1117.34,16.0
2020-12-28,1459.99,1459.99,1440.01,1440.01,174.0
2020-12-28,14.4,14.6,14.4,14.56,51616.0
2020-12-28,1117.1,1174.99,1117.1,1174.99,23.0
2020-12-28,1349.0,1349.0,1301.15,1332.0,324.0
2020-12-28,100.85,101.55,100.0,100.45,15454893.0
2020-12-28,1140.0,1140.0,1140.0,1140.0,40.0
2020-12-28,1140.0,1140.0,1134.0,1134.0,35.0
2020-12-28,1285.0,1299.99,1279.99,1280.0,189.0
2020-12-29,1134.5,1142.0,1134.5,1142.0,197.0
2020-12-29,1333.0,1333.0,1316.72,1316.72,1100.0
2020-12-29,100.5,101.05,97.95,98.6,23647197.0
2020-12-29,14.51,14.58,14.51,14.53,51617.0
2020-12-29,1459.98,1459.98,1446.0,1446.0,11.0
2020-12-29,1122.1,1198.99,1122.1,1198.99,145.0
2020-12-30,1280.0,1280.0,1280.0,1280.0,304.0
2020-12-30,99.0,99.65,98.2,99.1,30281285.0
2020-12-30,1320.01,1330.0,1320.01,1329.16,1089.0
2020-12-30,1144.0,1155.0,1144.0,1148.0,214.0
2020-12-30,14.52,14.69,14.52,14.53,350201.0
2020-12-30,1445.0,1445.0,1438.0,1438.0,10.0
2020-12-30,1216.03,1216.03,1216.03,1216.03,16.0
2020-12-31,1348.99,1348.99,1325.0,1325.0,400.0
2020-12-31,1148.0,1148.0,1140.0,1140.0,56.0
2020-12-31,1459.99,1459.99,1440.0,1440.0,4.0
2020-12-31,14.5,14.6,14.27,14.55,246004.0
2020-12-31,1121.55,1188.99,1121.55,1188.99,70.0
2020-12-31,98.1,100.25,98.0,99.35,50363279.0
2021-01-01,1445.0,1445.0,1435.1,1439.89,513.0
2021-01-01,1140.0,1140.0,1140.0,1140.0,10.0
2021-01-01,1143.0,1148.0,1143.0,1148.0,61.0
2021-01-01,14.52,14.6,14.52,14.55,24587.0
2021-01-01,99.95,100.2,98.8,99.05,13493039.0
2021-01-04,14.6,14.6,14.54,14.56,47505.0
2021-01-04,1400.0,1400.0,1390.0,1390.0,170.0
2021-01-04,99.75,100.0,98.5,99.05,22325584.0
2021-01-04,1134.05,1134.05,1134.0,1134.0,350.0
2021-01-04,1439.89,1440.0,1439.8,1440.0,229.0
2021-01-04,1349.0,1349.0,1349.0,1349.0,1.0
2021-01-05,14.55,14.6,14.55,14.57,39998.0
2021-01-05,98.4,98.4,97.0,97.6,23510160.0
2021-01-05,1199.95,1199.95,1199.95,1199.95,1.0
2021-01-05,1600.0,1600.0,1600.0,1600.0,76.0
2021-01-05,1147.99,1150.0,1124.0,1124.0,579.0
2021-01-05,1440.0,1445.0,1440.0,1445.0,140.0
2021-01-06,1330.0,1330.0,1327.03,1327.03,32.0
2021-01-06,1121.6,1121.6,1121.5,1121.5,157.0
2021-01-06,1435.0,1448.0,1435.0,1435.0,525.0
2021-01-06,14.57,14.62,14.57,14.59,37316.0
2021-01-06,98.0,99.0,97.25,97.85,21952878.0
2021-01-07,14.95,14.95,14.45,14.58,638856.0
2021-01-07,98.1,98.5,96.85,97.0,24999580.0
2021-01-07,1175.0,1179.99,1175.0,1179.99,150.0
2021-01-07,1260.01,1260.01,1260.01,1260.01,1000.0
2021-01-07,1433.2,1435.0,1433.0,1435.0,180.0
2021-01-07,1328.3,1329.36,1328.3,1329.35,153.0
2021-01-08,1329.4,1329.4,1329.0,1329.0,90.0
2021-01-08,1435.0,1435.0,1435.0,1435.0,1027.0
2021-01-08,1149.99,1149.99,1123.6,1149.99,260.0
2021-01-08,14.0,15.2,14.0,14.58,766397.0
2021-01-08,97.6,100.5,97.35,100.15,43240591.0
2021-01-08,2039.9,2039.9,1801.0,1801.0,21.0
2021-01-08,1350.0,1350.0,1350.0,1350.0,1.0
2021-01-11,1354.0,1354.0,1327.0,1327.0,79.0
2021-01-11,1445.0,1445.0,1435.01,1444.9,1007.0
2021-01-11,1111.2,1111.2,1111.2,1111.2,78.0
2021-01-11,100.75,101.25,98.7,99.0,22036573.0
2021-01-11,1128.0,1128.0,1128.0,1128.0,60.0
2021-01-11,14.5,14.58,14.5,14.57,113702.0
2021-01-12,14.55,14.57,14.54,14.55,78921.0
2021-01-12,99.0,101.0,98.3,100.15,24262426.0
2021-01-12,1400.0,1400.0,1400.0,1400.0,1000.0
2021-01-12,1262.13,1262.13,1262.13,1262.13,90.0
2021-01-12,1444.9,1444.9,1436.0,1436.0,667.0
2021-01-13,14.6,15.0,14.53,14.56,35445.0
2021-01-13,100.25,104.35,100.15,102.55,49236964.0
2021-01-13,1255.0,1255.0,1255.0,1255.0,4.0
2021-01-13,1436.0,1440.0,1420.0,1434.9,627.0
2021-01-13,1327.0,1327.0,1327.0,1327.0,57.0
2021-01-14,1318.0,1325.0,1318.0,1325.0,102.0
2021-01-14,1262.0,1262.0,1262.0,1262.0,1079.0
2021-01-14,1430.0,1430.0,1430.0,1430.0,1.0
2021-01-14,2109.0,2109.0,2109.0,2109.0,10.0
2021-01-14,103.7,103.85,101.7,102.2,29301114.0
2021-01-14,14.55,14.6,14.55,14.56,21858.0
2021-01-15,1240.0,1240.0,1240.0,1240.0,8.0
2021-01-15,1121.26,1121.37,1121.26,1121.37,47.0
2021-01-15,1325.0,1325.0,1325.0,1325.0,1555.0
2021-01-15,102.5,103.6,99.9,100.45,24067229.0
2021-01-15,14.3,14.6,14.3,14.55,744700.0
2021-01-15,1430.0,1430.0,1430.0,1430.0,400.0
2021-01-18,14.3,14.59,14.3,14.55,92774.0
2021-01-18,100.45,100.9,96.8,97.55,23613664.0
2021-01-18,1200.0,1200.0,1200.0,1200.0,10.0
2021-01-18,1126.7,1165.0,1126.7,1165.0,454.0
2021-01-18,1430.0,1430.0,1416.2,1425.0,128.0
2021-01-18,1320.0,1320.0,1320.0,1320.0,10.0
2021-01-19,1120.0,1122.94,1107.0,1122.93,248.0
2021-01-19,1316.2,1316.2,1316.2,1316.2,63.0
2021-01-19,1262.0,1262.0,1262.0,1262.0,160.0
2021-01-19,98.0,100.85,97.55,99.65,22934496.0
2021-01-19,1801.0,2110.0,1801.0,2110.0,6.0
2021-01-19,14.55,14.64,14.54,14.54,52128.0
2021-01-20,14.3,14.58,14.3,14.55,691234.0
2021-01-20,99.6,99.7,98.0,98.3,25599184.0
2021-01-20,1098.25,1264.5,1098.25,1115.0,4.0
2021-01-20,1400.0,1400.0,1400.0,1400.0,15.0
2021-01-20,1434.99,1435.0,1434.99,1435.0,630.0
2021-01-21,1121.8,1121.8,1121.8,1121.8,3.0
2021-01-21,1295.0,1295.0,1295.0,1295.0,100.0
2021-01-21,98.7,99.15,95.6,96.1,22667011.0
2021-01-21,14.41,14.55,14.41,14.53,59145.0
2021-01-21,1458.89,1458.89,1450.0,1450.0,101.0
2021-01-22,1450.0,1450.0,1449.9,1450.0,100.0
2021-01-22,14.53,14.6,14.5,14.59,54738.0
2021-01-22,96.3,96.5,92.9,94.05,26029669.0
2021-01-22,1125.0,1125.11,1125.0,1125.11,20.0
2021-01-25,1344.94,1344.94,1320.0,1320.0,6.0
2021-01-25,1225.0,1225.0,1225.0,1225.0,1000.0
2021-01-25,1450.0,1450.0,1434.9,1435.0,590.0
2021-01-25,14.55,14.85,14.55,14.59,140156.0
2021-01-25,95.05,95.3,92.7,93.2,18599824.0
2021-01-25,1129.0,1129.0,1128.0,1128.0,120.0
2021-01-27,1450.0,1452.0,1445.0,1447.0,88.0
2021-01-27,14.99,14.99,14.6,14.65,820524.0
2021-01-27,93.0,93.1,90.8,91.3,22812859.0
2021-01-28,14.55,14.7,14.55,14.65,83325.0
2021-01-28,2338.0,2338.0,1688.0,1688.0,16.0
2021-01-28,90.8,92.65,90.35,91.6,32227832.0
2021-01-28,1115.0,1115.0,1115.0,1115.0,4.0
2021-01-28,1400.0,1400.0,1400.0,1400.0,816.0
2021-01-28,1169.8,1169.9,1169.8,1169.9,200.0
2021-01-29,1299.99,1299.99,1289.99,1289.99,2.0
2021-01-29,1335.0,1335.0,1318.5,1319.39,339.0
2021-01-29,92.0,92.6,88.15,88.95,36962884.0
2021-01-29,14.5,14.9,14.5,14.64,96387.0
2021-01-29,1361.0,1361.0,1361.0,1361.0,32.0
2021-02-01,14.51,14.85,14.51,14.62,21144.0
2021-02-01,89.35,92.4,88.4,92.0,29033297.0
2021-02-01,1130.0,1130.0,1130.0,1130.0,3.0
2021-02-01,1446.9,1446.9,1446.9,1446.9,1.0
2021-02-01,1348.95,1348.95,1318.0,1318.0,51.0
2021-02-02,1327.0,1327.85,1320.0,1322.76,66.0
2021-02-02,1205.0,1250.0,1205.0,1240.0,16.0
2021-02-02,1111.32,1111.32,1111.32,1111.32,78.0
2021-02-02,1435.0,1435.0,1430.0,1430.0,7.0
2021-02-02,1630.0,1630.0,1630.0,1630.0,27.0
2021-02-02,92.9,95.35,92.9,94.15,29279584.0
2021-02-02,14.62,14.8,14.55,14.55,590483.0
2021-02-02,1619.0,1619.0,1619.0,1619.0,1.0
2021-02-03,1328.0,1338.59,1328.0,1338.59,149.0
2021-02-03,1198.98,1198.99,1198.98,1198.99,10.0
2021-02-03,14.5,14.65,14.5,14.54,39129.0
2021-02-03,95.1,98.1,94.3,96.95,31420256.0
2021-02-03,1431.0,1431.0,1430.0,1430.0,31.0
2021-02-04,14.6,14.62,14.41,14.58,103431.0
2021-02-04,97.3,100.2,97.0,99.05,39264443.0
2021-02-04,1430.0,1430.0,1428.01,1429.55,129.0
2021-02-04,1321.21,1321.21,1321.21,1321.21,4.0
2021-02-05,14.5,14.6,14.5,14.56,43422.0
2021-02-05,100.4,102.0,98.15,99.5,54911202.0
2021-02-05,1189.0,1189.0,1189.0,1189.0,1.0
2021-02-05,1427.0,1427.0,1426.99,1427.0,162.0
2021-02-05,1241.0,1241.0,1241.0,1241.0,31.0
2021-02-05,1320.5,1320.5,1320.21,1320.21,235.0
2021-02-08,1348.99,1348.99,1348.99,1348.99,1.0
2021-02-08,1130.0,1130.0,1130.0,1130.0,5.0
2021-02-08,1430.0,1430.0,1418.0,1421.98,283.0
2021-02-08,1622.0,1622.0,1622.0,1622.0,36.0
2021-02-08,14.5,14.56,14.5,14.55,41540.0
2021-02-08,96.2,100.95,96.1,100.3,53737961.0
2021-02-09,15.0,15.0,14.4,14.53,58422.0
2021-02-09,100.4,101.2,99.5,99.95,28074809.0
2021-02-09,1130.1,1130.1,1130.1,1130.1,1.0
2021-02-09,1428.5,1428.5,1404.0,1424.0,66.0
2021-02-09,1169.9,1169.99,1115.33,1149.99,52.0
2021-02-09,1321.71,1348.74,1321.71,1322.15,89.0
2021-02-10,1344.96,1344.96,1344.96,1344.96,4.0
2021-02-10,1420.0,1423.0,1419.89,1419.91,138.0
2021-02-10,1120.0,1173.99,1120.0,1168.9,738.0
2021-02-10,14.4,14.65,14.4,14.53,53806.0
2021-02-10,1938.0,1938.0,1331.0,1331.0,91.0
2021-02-10,100.0,100.5,98.65,99.85,19070866.0
2021-02-11,1218.0,1218.0,1218.0,1218.0,5.0
2021-02-11,1126.98,1126.98,1126.98,1126.98,16.0
2021-02-11,1294.99,1294.99,1242.74,1242.74,100.0
2021-02-11,1140.0,1163.0,1140.0,1161.0,191.0
2021-02-11,1265.0,1265.0,1265.0,1265.0,56.0
2021-02-11,14.53,14.9,14.5,14.55,29049.0
2021-02-11,1499.0,1499.0,1405.0,1409.8,1720.0
2021-02-11,97.9,97.9,96.25,97.3,18452535.0
2021-02-12,14.55,14.6,14.54,14.55,37662.0
2021-02-12,1300.0,1300.0,1300.0,1300.0,1.0
2021-02-12,97.8,97.9,94.8,95.95,21660998.0
2021-02-12,1101.6,1131.8,1022.1,1111.26,1837.0
2021-02-12,1412.0,1418.99,1409.0,1416.14,1372.0
2021-02-12,1124.13,1213.98,1124.13,1213.98,52.0
2021-02-12,1318.0,1337.6,1317.51,1337.43,413.0
2021-02-15,1353.8,1353.8,1314.26,1335.0,222.0
2021-02-15,14.55,14.57,14.54,14.54,153876.0
2021-02-15,96.45,96.7,95.0,95.2,12574055.0
2021-02-15,1161.0,1170.0,1161.0,1170.0,102.0
2021-02-15,1416.0,1416.0,1405.5,1405.5,50.0
2021-02-16,1424.0,1424.0,1412.0,1412.0,212.0
2021-02-16,1165.0,1165.0,1160.95,1160.95,330.0
2021-02-16,1325.0,1325.0,1324.0,1324.0,247.0
2021-02-16,1504.0,1504.0,1504.0,1504.0,8.0
2021-02-16,1292.0,1310.0,1291.05,1291.08,3310.0
2021-02-16,95.85,99.15,95.5,98.0,32865663.0
2021-02-16,1113.1,1113.4,1113.1,1113.4,112.0
2021-02-16,14.5,15.0,14.5,14.53,42859.0
2021-02-17,14.5,14.57,14.5,14.53,38243.0
2021-02-17,1275.0,1275.0,1275.0,1275.0,50.0
2021-02-17,97.85,100.15,97.0,99.35,28774857.0
2021-02-17,1415.0,1415.0,1410.0,1410.0,1100.0
2021-02-17,1240.0,1249.99,1240.0,1249.99,41.0
2021-02-17,1324.0,1324.0,1324.0,1324.0,8.0
2021-02-18,1321.0,1321.01,1320.0,1320.0,231.0
2021-02-18,1130.49,1130.49,1130.49,1130.49,1.0
2021-02-18,1293.79,1293.79,1293.79,1293.79,25.0
2021-02-18,1132.0,1132.0,1132.0,1132.0,146.0
2021-02-18,1414.9,1415.0,1411.75,1411.75,346.0
2021-02-18,99.7,104.25,99.55,103.4,50705280.0
2021-02-18,1292.0,1292.1,1292.0,1292.05,27.0
2021-02-18,14.51,14.56,14.51,14.52,72064.0
2021-02-18,1153.0,1153.0,1152.9,1152.9,8.0
2021-02-19,1319.0,1319.0,1307.1,1307.1,737.0
2021-02-19,1130.49,1144.99,1130.49,1144.99,21.0
2021-02-19,1416.0,1416.0,1415.0,1415.21,1700.0
2021-02-19,1293.69,1293.69,1279.98,1279.98,41.0
2021-02-19,1169.8,1169.8,1169.8,1169.8,1.0
2021-02-19,1397.0,1397.0,1397.0,1397.0,8.0
2021-02-19,103.65,106.75,101.4,104.2,61069583.0
2021-02-19,1329.99,1329.99,1306.0,1306.0,9.0
2021-02-19,14.5,14.6,14.5,14.59,109361.0
2021-02-19,1165.0,1166.8,1165.0,1166.8,2.0
2021-02-22,1245.0,1245.0,1245.0,1245.0,10.0
2021-02-22,1343.95,1343.95,1343.95,1343.95,1.0
2021-02-22,1414.9,1415.01,1410.0,1410.0,269.0
2021-02-22,1397.0,1397.0,1397.0,1397.0,1.0
2021-02-22,104.3,106.3,101.4,102.05,30636415.0
2021-02-22,1306.0,1306.0,1306.0,1306.0,4.0
2021-02-22,14.5,14.58,14.5,14.56,28802.0
2021-02-22,1160.0,1160.0,1160.0,1160.0,3.0
2021-02-23,1419.9,1420.0,1406.0,1408.42,597.0
2021-02-23,14.55,14.56,14.53,14.54,51082.0
2021-02-23,1095.0,1465.0,1095.0,1465.0,30.0
2021-02-23,102.15,104.15,100.55,103.4,31233104.0
2021-02-23,1397.0,1397.0,1397.0,1397.0,7.0
2021-02-23,1293.2,1293.24,1293.1,1293.1,820.0
2021-02-23,1259.99,1259.99,1259.99,1259.99,1.0
2021-02-23,1320.0,1320.0,1317.0,1317.0,83.0
2021-02-24,104.5,104.7,102.1,103.2,16153025.0
2021-02-24,1237.11,1299.99,1237.11,1245.56,500.0
2021-02-24,14.54,14.6,14.5,14.54,8107.0
2021-02-25,1410.0,1410.0,1410.0,1410.0,750.0
2021-02-25,1285.85,1285.85,1280.0,1280.0,34.0
2021-02-25,1618.0,1618.0,1618.0,1618.0,3.0
2021-02-25,1255.0,1255.0,1255.0,1255.0,1.0
2021-02-25,1117.5,1133.0,1117.5,1118.11,10.0
2021-02-25,103.6,110.2,103.0,108.0,68361756.0
2021-02-25,14.4,14.57,14.4,14.54,44021.0
2021-02-25,1160.0,1160.0,1160.0,1160.0,2.0
2021-02-26,1402.0,1402.0,1400.0,1400.05,105.0
2021-02-26,14.52,14.56,14.52,14.53,65950.0
2021-02-26,107.1,110.95,104.8,107.3,67331805.0
2021-02-26,1110.0,1110.0,1110.0,1110.0,100.0
2021-02-26,1140.01,1140.01,1120.1,1120.1,460.0
2021-02-26,1275.85,1276.0,1275.85,1276.0,70.0
2021-03-01,1240.0,1240.0,1240.0,1240.0,50.0
2021-03-01,1415.0,1415.0,1390.0,1390.3,3457.0
2021-03-01,1349.9,1349.9,1313.1,1324.0,158.0
2021-03-01,1126.0,1128.0,1126.0,1128.0,400.0
2021-03-01,1140.5,1140.5,1140.5,1140.5,9.0
2021-03-01,109.5,109.8,107.15,108.45,27205189.0
2021-03-01,1617.45,1617.45,1617.45,1617.45,1.0
2021-03-01,1175.0,1465.0,1175.0,1465.0,26.0
2021-03-01,14.51,14.6,14.51,14.55,27988.0
2021-03-02,1140.5,1144.0,1140.5,1143.44,100.0
2021-03-02,1132.0,1132.0,1132.0,1132.0,572.0
2021-03-02,1115.0,1120.0,1115.0,1120.0,5441.0
2021-03-02,1410.0,1410.0,1390.5,1390.5,502.0
2021-03-02,1112.1,1112.1,1112.1,1112.1,1.0
2021-03-02,14.51,14.63,14.51,14.54,56307.0
2021-03-02,108.45,113.7,107.9,112.55,53649872.0
2021-03-03,14.3,14.58,14.3,14.46,116001.0
2021-03-03,114.45,114.7,112.0,112.7,31702057.0
2021-03-03,1119.99,1120.0,1119.99,1120.0,301.0
2021-03-03,1272.85,1272.85,1272.85,1272.85,20.0
2021-03-03,1399.99,1409.99,1399.99,1401.0,341.0
2021-03-03,1132.0,1132.0,1132.0,1132.0,40.0
2021-03-04,1127.01,1147.0,1127.01,1147.0,77.0
2021-03-04,1183.99,1183.99,1115.5,1172.99,1003.0
2021-03-04,111.5,113.0,110.5,110.8,28057179.0
2021-03-04,14.51,14.58,14.45,14.51,59473.0
2021-03-04,1120.0,1120.0,1118.01,1120.0,2041.0
2021-03-05,14.0,14.5,14.0,14.48,892397.0
2021-03-05,1252.0,1252.0,1252.0,1252.0,1.0
2021-03-05,111.0,112.35,108.4,108.7,24778407.0
2021-03-05,1120.0,1120.0,1118.01,1118.01,543.0
2021-03-05,1410.0,1410.0,1397.05,1406.13,543.0
2021-03-05,1127.0,1127.0,1112.1,1112.1,157.0
2021-03-08,14.35,14.6,14.35,14.59,687416.0
2021-03-08,110.65,113.3,109.5,110.55,28163362.0
2021-03-08,1120.0,1120.0,1120.0,1120.0,50.0
2021-03-08,1410.0,1425.0,1410.0,1425.0,400.0
2021-03-08,1240.0,1240.0,1240.0,1240.0,367.0
2021-03-08,1338.0,1338.0,1307.01,1330.0,627.0
2021-03-09,1123.01,1123.01,1123.01,1123.01,8.0
2021-03-09,1306.11,1325.0,1306.11,1324.0,541.0
2021-03-09,1424.94,1424.94,1396.0,1405.86,2283.0
2021-03-09,13.99,13.99,13.25,13.68,1612423.0
2021-03-09,1172.0,1172.0,1170.0,1170.0,621.0
2021-03-09,111.4,111.85,107.45,109.5,20611697.0
2021-03-09,1278.73,1278.73,1272.0,1272.0,31.0
2021-03-10,13.7,14.32,13.62,13.64,43954.0
2021-03-10,110.35,110.6,108.95,109.65,13207045.0
2021-03-10,1125.0,1125.0,1125.0,1125.0,60.0
2021-03-10,1179.4,1179.4,1178.83,1178.83,2.0
2021-03-10,1280.0,1280.0,1280.0,1280.0,60.0
2021-03-10,1422.79,1422.79,1399.99,1404.7,2496.0
2021-03-10,1123.01,1125.01,1123.01,1125.01,6.0
2021-03-10,1240.0,1240.0,1240.0,1240.0,50.0
2021-03-10,1324.0,1324.0,1324.0,1324.0,157.0
2021-03-12,1392.2,1405.0,1391.0,1393.66,1031.0
2021-03-12,1310.15,1310.15,1310.15,1310.15,1.0
2021-03-12,13.66,14.0,13.62,13.68,65466.0
2021-03-12,111.0,112.1,108.6,109.1,21763020.0
2021-03-15,13.2,13.7,13.2,13.69,35324.0
2021-03-15,109.95,111.0,107.7,110.5,20350678.0
2021-03-15,1125.0,1125.0,1125.0,1125.0,200.0
2021-03-15,1402.0,1402.0,1402.0,1402.0,50.0
2021-03-15,1338.0,1340.0,1336.99,1340.0,341.0
2021-03-16,1314.36,1314.36,1314.36,1314.36,16.0
2021-03-16,1392.15,1399.9,1392.0,1399.87,1121.0
2021-03-16,1272.0,1272.0,1270.0,1270.0,130.0
2021-03-16,110.55,111.45,109.3,109.55,15360040.0
2021-03-16,13.3,14.0,13.3,13.7,24970.0
2021-03-16,1130.0,1130.0,1120.9,1120.9,546.0
2021-03-17,1272.0,1272.0,1270.0,1270.0,154.0
2021-03-17,1143.0,1143.0,1143.0,1143.0,5.0
2021-03-17,1400.0,1400.0,1390.0,1395.0,573.0
2021-03-17,1130.0,1130.0,1115.85,1115.85,1000.0
2021-03-17,1125.0,1125.0,1125.0,1125.0,200.0
2021-03-17,109.7,109.9,106.15,106.55,18850429.0
2021-03-17,1331.0,1331.0,1315.99,1315.99,101.0
2021-03-17,13.66,13.8,13.66,13.69,32901.0
2021-03-18,13.65,14.0,13.65,13.67,25448.0
2021-03-18,1277.0,1295.0,1277.0,1295.0,4.0
2021-03-18,107.4,108.25,103.2,103.8,20023557.0
2021-03-18,1148.0,1148.0,1148.0,1148.0,2.0
2021-03-18,1277.0,1277.0,1277.0,1277.0,120.0
2021-03-18,1395.65,1395.65,1386.0,1390.99,1555.0
2021-03-18,1315.23,1320.0,1315.23,1320.0,20.0
2021-03-19,1392.0,1393.0,1391.05,1392.5,1057.0
2021-03-19,1126.0,1126.0,1126.0,1126.0,10.0
2021-03-19,1311.3,1311.3,1311.26,1311.26,156.0
2021-03-19,1315.99,1315.99,1315.99,1315.99,1.0
2021-03-19,13.51,13.7,13.37,13.68,23199.0
2021-03-19,102.35,109.55,102.0,108.5,72249183.0
2021-03-22,1354.8,1354.8,1315.0,1315.0,6.0
2021-03-22,1135.0,1135.0,1130.0,1131.13,150.0
2021-03-22,1378.1,1390.0,1378.1,1390.0,4.0
2021-03-22,1404.94,1408.0,1400.0,1408.0,595.0
2021-03-22,108.8,110.55,106.85,109.85,31980425.0
2021-03-22,13.7,13.71,13.35,13.7,16048.0
2021-03-22,1107.1,1110.2,1107.1,1110.2,8.0
2021-03-23,13.3,13.89,13.3,13.74,66712.0
2021-03-23,110.0,110.2,108.1,108.65,14060206.0
2021-03-23,1115.0,1115.0,1115.0,1115.0,793.0
2021-03-23,1131.0,1140.1,1131.0,1139.5,1020.0
2021-03-23,1417.9,1417.9,1410.0,1412.0,300.0
2021-03-23,1123.05,1125.01,1123.05,1125.01,2.0
2021-03-24,1215.71,1239.98,1215.71,1216.01,23.0
2021-03-24,1412.0,1412.0,1401.0,1409.99,1362.0
2021-03-24,1143.0,1148.99,1143.0,1148.99,575.0
2021-03-24,108.0,109.4,105.6,106.0,15196366.0
2021-03-24,14.45,14.45,13.57,13.77,32288.0
2021-03-24,1120.0,1120.0,1111.1,1119.19,12.0
2021-03-25,13.6,13.8,13.6,13.69,106073.0
2021-03-25,1295.0,1295.0,1295.0,1295.0,1.0
2021-03-25,106.0,106.5,102.65,103.0,22543755.0
2021-03-25,1120.0,1120.0,1120.0,1120.0,125.0
2021-03-25,1410.0,1418.9,1410.0,1413.0,358.0
2021-03-25,1125.11,1125.11,1125.11,1125.11,8.0
2021-03-25,1216.01,1216.01,1216.01,1216.01,40.0
2021-03-25,1313.0,1315.0,1313.0,1315.0,32.0
2021-03-26,13.61,13.7,13.61,13.69,92465.0
2021-03-26,105.75,105.75,103.7,104.2,17402475.0
2021-03-30,1225.0,1242.0,1225.0,1242.0,153.0
2021-03-30,1354.8,1354.8,1320.0,1320.0,315.0
2021-03-30,105.85,108.7,104.6,107.7,36130210.0
2021-03-30,13.67,13.7,13.67,13.69,41899.0
2021-03-30,1419.99,1419.99,1419.99,1419.99,1.0
2021-03-31,13.6,13.7,13.6,13.67,50370.0
2021-03-31,107.7,109.0,106.1,106.55,23063667.0
2021-03-31,1113.1,1113.1,1113.1,1113.1,20.0
2021-03-31,1145.0,1145.0,1133.0,1133.0,120.0
2021-03-31,1419.0,1419.0,1414.0,1414.24,120.0
2021-03-31,1243.0,1243.0,1243.0,1243.0,9.0
2021-03-31,1315.0,1315.0,1310.36,1310.36,8.0
2021-04-01,1137.5,1139.5,1137.5,1139.5,51.0
2021-04-01,13.6,13.73,13.6,13.71,16042.0
2021-04-01,107.5,108.75,106.95,107.9,13753303.0
2021-04-01,1419.99,1419.99,1419.99,1419.99,7.0
2021-04-01,1310.0,1310.0,1310.0,1310.0,157.0
2021-04-05,1410.0,1424.99,1410.0,1421.93,71.0
2021-04-05,1141.5,1141.5,1141.5,1141.5,10.0
2021-04-05,1280.0,1280.0,1280.0,1280.0,3.0
2021-04-05,1140.0,1140.0,1134.0,1134.0,110.0
2021-04-05,1180.0,1180.0,1113.5,1120.0,3.0
2021-04-05,107.4,107.8,103.75,106.3,15666099.0
2021-04-05,13.5,13.71,13.5,13.7,35478.0
2021-04-05,1667.0,1667.0,1667.0,1667.0,1.0
2021-04-06,13.7,13.75,13.68,13.72,14226.0
2021-04-06,107.75,108.1,105.8,106.05,17393454.0
2021-04-06,1504.0,1504.0,1504.0,1504.0,11.0
2021-04-06,1155.0,1155.0,1138.0,1142.84,130.0
2021-04-06,1299.99,1299.99,1299.99,1299.99,10.0
2021-04-06,1424.99,1435.0,1420.08,1432.92,440.0
2021-04-06,1125.61,1125.61,1125.61,1125.61,1.0
2021-04-06,1219.01,1219.01,1219.01,1219.01,23.0
2021-04-06,1315.01,1315.01,1315.01,1315.01,1.0
2021-04-07,1405.82,1405.82,1405.82,1405.82,14.0
2021-04-07,1318.25,1318.25,1318.25,1318.25,16.0
2021-04-07,1126.01,1126.01,1126.01,1126.01,31.0
2021-04-07,106.9,107.35,105.25,105.45,15692013.0
2021-04-07,1386.1,1386.1,1386.1,1386.1,15.0
2021-04-07,13.7,13.75,13.68,13.7,16884.0
2021-04-07,1162.7,1162.75,1162.7,1162.71,151.0
2021-04-08,13.5,13.74,13.5,13.69,31844.0
2021-04-08,105.45,105.45,105.45,105.45,1981836.0
2021-04-08,106.0,106.45,104.7,105.0,11394998.0
2021-04-08,1123.5,1123.5,1123.5,1123.5,14.0
2021-04-08,1420.0,1420.0,1420.0,1420.0,891.0
2021-04-08,1144.5,1144.5,1144.5,1144.5,1.0
2021-04-08,1340.0,1340.0,1322.01,1322.01,31.0
2021-04-09,1144.5,1144.5,1144.5,1144.5,51.0
2021-04-09,1408.03,1408.03,1408.03,1408.03,200.0
2021-04-09,1344.35,1344.35,1340.0,1340.0,181.0
2021-04-09,105.95,105.95,102.4,102.8,19751417.0
2021-04-09,13.65,14.0,13.52,13.73,32915.0
2021-04-09,1262.0,1270.25,1262.0,1270.25,30.0
2021-04-12,1320.0,1352.27,1320.0,1322.13,186.0
2021-04-12,1408.03,1439.99,1408.03,1420.0,191.0
2021-04-12,1281.0,1281.0,1263.0,1263.0,21.0
2021-04-12,13.6,13.8,13.6,13.74,26931.0
2021-04-12,1123.5,1123.5,1123.5,1123.5,2.0
2021-04-12,101.5,101.5,98.05,99.05,20221362.0
2021-04-12,1160.0,1160.0,1124.21,1124.21,1847.0
2021-04-13,13.69,13.8,13.68,13.76,12093.0
2021-04-13,99.6,101.15,99.25,100.6,19192856.0
2021-04-13,1148.0,1148.0,1135.55,1135.55,212.0
2021-04-13,1420.0,1420.0,1420.0,1420.0,10.0
2021-04-13,1136.0,1138.06,1136.0,1138.06,32.0
2021-04-15,13.69,13.79,13.69,13.74,17794.0
2021-04-15,101.2,103.0,99.3,101.35,13865351.0
2021-04-15,1390.51,1390.51,1390.5,1390.5,2000.0
2021-04-15,1410.1,1415.5,1410.1,1415.5,2130.0
2021-04-16,1138.0,1151.0,1138.0,1151.0,88.0
2021-04-16,1419.0,1419.0,1410.0,1418.89,1536.0
2021-04-16,101.9,102.9,100.5,102.45,14654851.0
2021-04-16,13.74,13.79,13.7,13.73,15192.0
2021-04-16,1158.0,1158.0,1148.0,1155.0,735.0
2021-04-19,13.69,14.89,13.55,13.58,353456.0
2021-04-19,100.0,100.4,98.65,99.05,11652043.0
2021-04-19,1141.0,1152.0,1136.0,1152.0,240.0
2021-04-19,1422.0,1422.0,1420.0,1420.0,2824.0
2021-04-19,1136.01,1136.06,1136.01,1136.06,6.0
2021-04-19,1330.0,1330.0,1330.0,1330.0,4.0
2021-04-20,1427.85,1427.85,1427.85,1427.85,1000.0
2021-04-20,13.6,13.65,13.57,13.63,46088.0
2021-04-20,99.2,100.9,98.15,99.05,16528675.0
2021-04-20,1131.0,1148.7,1131.0,1144.25,200.0
2021-04-20,1136.0,1142.0,1136.0,1142.0,14.0
2021-04-22,1143.01,1143.01,1143.01,1143.01,3.0
2021-04-22,1250.0,1250.0,1250.0,1250.0,200.0
2021-04-22,1421.1,1421.1,1421.1,1421.1,1.0
2021-04-22,1145.55,1158.0,1145.55,1157.7,306.0
2021-04-22,1301.0,1301.0,1301.0,1301.0,15.0
2021-04-22,98.05,99.75,97.05,98.95,18614270.0
2021-04-22,13.61,13.67,13.61,13.64,17525.0
2021-04-23,13.61,13.64,13.57,13.57,41247.0
2021-04-23,98.0,103.0,98.0,102.55,29484794.0
2021-04-23,1147.55,1150.0,1147.0,1150.0,367.0
2021-04-23,1150.0,1150.0,1150.0,1150.0,157.0
2021-04-26,13.57,13.61,13.57,13.59,2255042.0
2021-04-26,103.95,103.95,100.85,102.4,24369413.0
2021-04-26,1395.01,1395.01,1395.0,1395.0,141.0
2021-04-26,1150.0,1150.0,1150.0,1150.0,1.0
2021-04-26,1430.0,1430.0,1430.0,1430.0,5.0
2021-04-26,1250.0,1250.0,1250.0,1250.0,78.0
2021-04-26,1345.0,1349.98,1345.0,1349.98,100.0
2021-04-27,1301.0,1301.0,1301.0,1301.0,10.0
2021-04-27,1444.0,1444.0,1444.0,1444.0,1.0
2021-04-27,13.56,13.6,13.55,13.58,541330.0
2021-04-27,102.05,103.55,101.7,102.05,17763436.0
2021-04-28,13.58,13.59,13.55,13.55,13827.0
2021-04-28,102.85,103.95,102.15,103.6,15160578.0
2021-04-28,1169.75,1169.75,1169.0,1169.65,442.0
2021-04-28,1435.0,1437.0,1435.0,1435.0,113.0
2021-04-28,1154.5,1154.5,1151.0,1151.0,31.0
2021-04-29,104.6,105.0,102.65,103.05,11588556.0
2021-04-29,1151.0,1151.0,1151.0,1151.0,16.0
2021-04-29,13.55,13.61,13.55,13.59,24192.0
2021-04-30,13.5,13.61,13.5,13.58,941865.0
2021-04-30,102.25,105.65,102.05,102.45,15321193.0
2021-04-30,1180.0,1180.0,1180.0,1180.0,341.0
2021-04-30,1444.0,1444.0,1444.0,1444.0,6.0
2021-04-30,1250.0,1250.0,1250.0,1250.0,16.0
2021-04-30,1320.31,1320.31,1320.31,1320.31,157.0
2021-04-30,1153.0,1153.0,1153.0,1153.0,50.0
2021-05-03,1153.0,1153.0,1153.0,1153.0,4.0
2021-05-03,1329.11,1353.85,1329.11,1353.85,2.0
2021-05-03,101.4,104.6,101.05,104.25,12186212.0
2021-05-03,13.5,13.62,13.5,13.59,11378.0
2021-05-03,1444.0,1446.6,1443.99,1446.6,105.0
2021-05-04,13.61,13.79,13.56,13.72,47032.0
2021-05-04,104.3,106.05,103.5,103.75,12992684.0
2021-05-04,1500.0,1500.0,1500.0,1500.0,1.0
2021-05-04,1447.0,1447.0,1440.0,1440.0,18.0
2021-05-04,1335.41,1335.41,1335.31,1335.31,156.0
2021-05-05,13.62,13.8,13.61,13.74,23178.0
2021-05-05,104.75,105.65,102.8,103.9,14956169.0
2021-05-05,1174.99,1174.99,1174.99,1174.99,1.0
2021-05-05,1425.0,1425.0,1425.0,1425.0,2167.0
2021-05-06,1524.0,1524.0,1523.0,1524.0,8.0
2021-05-06,105.0,105.1,102.65,103.05,13547274.0
2021-05-06,13.74,13.75,13.62,13.65,105062.0
2021-05-06,1459.0,1460.0,1451.0,1460.0,125.0
2021-05-07,13.61,13.74,13.6,13.72,71967.0
2021-05-07,104.0,105.5,103.35,105.05,13229291.0
2021-05-07,1169.99,1169.99,1169.99,1169.99,150.0
2021-05-07,1353.99,1354.01,1353.99,1354.01,59.0
2021-05-10,1460.0,1460.0,1426.73,1435.01,591.0
2021-05-10,13.72,13.9,13.52,13.67,24599.0
2021-05-10,106.0,108.0,105.6,107.7,23980945.0
2021-05-10,1153.0,1153.0,1153.0,1153.0,16.0
2021-05-10,1367.2,1367.24,1367.2,1367.23,460.0
2021-05-11,1369.9,1372.0,1369.9,1370.0,302.0
2021-05-11,1170.0,1170.0,1164.0,1168.0,400.0
2021-05-11,1154.0,1154.0,1154.0,1154.0,1.0
2021-05-11,108.0,113.4,106.7,112.7,45613487.0
2021-05-11,13.52,13.75,13.52,13.63,27311.0
2021-05-11,1169.0,1169.0,1131.1,1131.1,200.0
2021-05-12,1255.0,1255.0,1244.11,1249.71,529.0
2021-05-12,1154.0,1160.0,1154.0,1160.0,350.0
2021-05-12,1435.02,1435.02,1435.0,1435.0,720.0
2021-05-12,114.2,116.75,111.75,113.3,62158914.0
2021-05-12,1278.15,1278.15,1278.15,1278.15,1.0
2021-05-12,13.63,13.74,13.56,13.71,32978.0
2021-05-12,1140.0,1166.0,1140.0,1143.0,466.0
2021-05-14,1350.0,1350.0,1345.01,1345.01,156.0
2021-05-14,1299.99,1299.99,1235.11,1235.11,701.0
2021-05-14,1150.0,1150.0,1150.0,1150.0,147.0
2021-05-14,1435.0,1435.0,1435.0,1435.0,55.0
2021-05-14,1165.0,1169.0,1165.0,1167.33,3.0
2021-05-14,113.95,113.95,110.15,111.4,16227312.0
2021-05-14,13.71,13.71,13.61,13.67,17352.0
2021-05-14,1278.15,1283.0,1278.15,1283.0,2.0
2021-05-17,13.5,13.8,13.5,13.68,22054.0
2021-05-17,111.2,112.25,109.95,111.55,12832920.0
2021-05-17,1179.0,1179.0,1179.0,1179.0,35.0
2021-05-17,1342.0,1342.0,1342.0,1342.0,156.0
2021-05-18,1245.61,1245.61,1245.61,1245.61,82.0
2021-05-18,1345.52,1345.52,1345.52,1345.52,23.0
2021-05-18,1150.0,1150.0,1150.0,1150.0,18.0
2021-05-18,1464.77,1464.77,1464.77,1464.77,2.0
2021-05-18,13.65,13.7,13.58,13.65,25848.0
2021-05-18,112.6,114.2,111.75,112.1,14892142.0
2021-05-19,13.62,13.7,13.53,13.66,13383.0
2021-05-19,113.15,113.15,110.95,111.95,12610425.0
2021-05-19,1440.0,1449.0,1430.0,1440.0,344.0
2021-05-19,1160.0,1160.0,1160.0,1160.0,157.0
2021-05-20,13.51,13.89,13.51,13.7,43801.0
2021-05-20,112.0,112.75,110.9,111.75,10303689.0
2021-05-20,1128.11,1164.0,1128.11,1128.53,136.0
2021-05-20,1441.0,1441.0,1441.0,1441.0,20.0
2021-05-21,1248.01,1248.01,1248.01,1248.01,39.0
2021-05-21,1160.0,1160.0,1160.0,1160.0,251.0
2021-05-21,13.61,13.79,13.61,13.73,25272.0
2021-05-21,112.3,113.15,111.25,112.85,12171685.0
2021-05-21,1150.0,1150.0,1140.0,1140.0,1000.0
2021-05-24,13.65,13.73,13.57,13.65,47368.0
2021-05-24,1340.0,1340.0,1340.0,1340.0,625.0
2021-05-24,112.35,113.95,112.05,112.9,11341268.0
2021-05-24,1141.0,1141.0,1140.01,1140.97,41.0
2021-05-24,1155.0,1189.0,1155.0,1169.0,12.0
2021-05-25,13.5,13.72,13.5,13.68,28037.0
2021-05-25,113.9,114.85,113.05,113.3,15289982.0
2021-05-25,1140.01,1140.01,1133.0,1134.01,1046.0
2021-05-25,1160.0,1160.0,1160.0,1160.0,36.0
2021-05-25,1345.0,1349.0,1344.0,1348.99,144.0
2021-05-26,1140.0,1140.0,1140.0,1140.0,100.0
2021-05-26,1129.0,1129.0,1129.0,1129.0,1246.0
2021-05-26,114.0,114.0,110.9,111.1,17466748.0
2021-05-26,13.61,13.75,13.61,13.66,24086.0
2021-05-27,1468.89,1468.89,1430.01,1459.36,114.0
2021-05-27,13.61,13.8,13.61,13.77,71266.0
2021-05-27,111.6,111.65,109.3,110.3,34169451.0
2021-05-27,1140.0,1140.0,1140.0,1140.0,630.0
2021-05-27,1153.0,1154.0,1153.0,1154.0,59.0
2021-05-28,13.69,13.81,13.69,13.75,48687.0
2021-05-28,110.3,111.0,108.35,108.95,13383166.0
2021-05-28,1140.0,1140.0,1137.01,1139.25,543.0
2021-05-28,1345.0,1359.98,1345.0,1359.92,586.0
2021-05-31,1154.0,1154.0,1154.0,1154.0,12.0
2021-05-31,1140.0,1140.0,1134.63,1138.17,500.0
2021-05-31,1440.0,1450.0,1440.0,1444.74,1130.0
2021-05-31,108.95,111.35,107.8,110.5,14754293.0
2021-05-31,13.5,13.82,13.5,13.78,29368.0
2021-05-31,1149.5,1149.5,1149.5,1149.5,11.0
2021-06-01,1346.11,1379.69,1346.11,1379.69,468.0
2021-06-01,1163.0,1163.0,1163.0,1163.0,50.0
2021-06-01,1449.9,1449.9,1440.0,1440.0,468.0
2021-06-01,13.61,13.8,13.61,13.72,29730.0
2021-06-01,1148.5,1148.5,1148.5,1148.5,80.0
2021-06-01,110.95,111.45,109.5,110.2,10271211.0
2021-06-01,1140.0,1140.0,1140.0,1140.0,50.0
2021-06-02,1440.0,1440.0,1439.0,1439.0,717.0
2021-06-02,1140.0,1140.0,1140.0,1140.0,197.0
2021-06-02,1360.0,1360.0,1360.0,1360.0,16.0
2021-06-02,110.1,111.35,110.05,111.15,6492771.0
2021-06-02,13.5,13.8,13.5,13.72,37293.0
2021-06-02,1148.99,1148.99,1148.99,1148.99,150.0
2021-06-03,13.71,13.76,13.67,13.71,166227.0
2021-06-03,111.6,112.2,110.45,111.8,12140851.0
2021-06-03,1148.99,1180.0,1148.99,1150.46,21.0
2021-06-03,1147.25,1147.25,1146.0,1146.0,60.0
2021-06-03,1449.99,1449.99,1449.99,1449.99,3.0
2021-06-03,1160.0,1163.01,1160.0,1163.0,595.0
2021-06-04,1532.0,1532.0,1532.0,1532.0,3.0
2021-06-04,1148.55,1148.55,1146.0,1146.0,150.0
2021-06-04,1160.0,1160.0,1151.0,1152.0,45.0
2021-06-04,1453.0,1453.0,1435.0,1437.0,1348.0
2021-06-04,13.7,13.74,13.7,13.72,36848.0
2021-06-04,111.5,113.0,111.05,111.75,8930671.0
2021-06-07,13.7,13.76,13.7,13.73,71261.0
2021-06-07,112.15,116.75,112.0,116.4,28407410.0
2021-06-07,1179.99,1179.99,1174.0,1174.0,2.0
2021-06-07,1532.95,1532.95,1531.99,1531.99,2.0
2021-06-07,1146.0,1146.0,1145.0,1145.0,165.0
2021-06-07,1439.9,1439.9,1436.0,1436.0,24.0
2021-06-07,1347.06,1350.3,1347.06,1350.3,211.0
2021-06-08,1162.4,1162.4,1162.4,1162.4,250.0
2021-06-08,1350.0,1350.1,1350.0,1350.0,177.0
2021-06-08,1145.0,1145.0,1137.16,1138.3,87.0
2021-06-08,1440.0,1440.0,1440.0,1440.0,30.0
2021-06-08,117.5,118.5,116.0,116.2,43191813.0
2021-06-08,13.74,13.79,13.61,13.78,22735.0
2021-06-08,1178.0,1178.0,1174.8,1174.8,170.0
2021-06-09,1435.1,1439.86,1433.0,1434.23,2198.0
2021-06-09,13.7,13.78,13.7,13.73,11693194.0
2021-06-09,116.5,121.0,115.8,118.1,49807823.0
2021-06-09,1174.8,1175.0,1174.8,1174.9,110.0
2021-06-09,1143.0,1143.0,1142.0,1143.0,60.0
2021-06-09,1300.0,1300.0,1300.0,1300.0,40.0
2021-06-09,1350.0,1350.0,1350.0,1350.0,1.0
2021-06-10,1257.01,1257.01,1257.01,1257.01,1.0
2021-06-10,1300.0,1300.0,1290.0,1296.14,122.0
2021-06-10,1350.0,1350.0,1350.0,1350.0,78.0
2021-06-10,119.35,119.9,117.3,118.5,22144392.0
2021-06-10,13.73,14.0,13.73,13.78,23680.0
2021-06-10,1137.01,1137.01,1137.01,1137.01,78.0
2021-06-11,1151.0,1151.0,1151.0,1151.0,2.0
2021-06-11,1142.0,1142.99,1141.99,1142.99,352.0
2021-06-11,13.78,13.78,13.72,13.73,33152.0
2021-06-11,118.9,119.55,117.55,118.8,13871562.0
2021-06-11,1173.99,1173.99,1173.99,1173.99,40.0
2021-06-14,1350.0,1350.0,1348.5,1348.58,157.0
2021-06-14,13.7,13.83,13.7,13.73,45839.0
2021-06-14,118.8,118.9,116.25,118.2,14179055.0
2021-06-14,1173.99,1173.99,1173.99,1173.99,40.0
2021-06-14,1274.01,1529.99,1274.01,1290.06,8.0
2021-06-14,1131.46,1131.46,1131.46,1131.46,2.0
2021-06-14,1433.26,1448.0,1433.26,1446.14,382.0
2021-06-14,1151.1,1151.14,1151.1,1151.1,244.0
2021-06-14,1238.01,1238.01,1238.01,1238.01,47.0
2021-06-15,1299.99,1299.99,1299.99,1299.99,1.0
2021-06-15,1152.11,1152.11,1152.11,1152.11,78.0
2021-06-15,1350.0,1350.0,1348.51,1348.76,69.0
2021-06-15,1437.0,1440.0,1434.2,1440.0,2758.0
2021-06-15,13.7,13.98,13.7,13.74,21419.0
2021-06-15,1170.0,1170.0,1170.0,1170.0,6353.0
2021-06-15,118.2,118.95,117.6,117.8,8148417.0
2021-06-15,1296.0,1296.0,1296.0,1296.0,47.0
2021-06-16,13.5,13.8,13.5,13.79,34247.0
2021-06-16,117.8,120.6,116.85,119.8,21585917.0
2021-06-16,1170.0,1170.0,1170.0,1170.0,100.0
2021-06-16,1445.51,1445.51,1445.51,1445.51,19499.0
2021-06-16,1143.0,1143.0,1142.0,1142.0,1685.0
2021-06-16,1448.0,1448.0,1438.0,1444.75,1185.0
2021-06-16,1152.31,1152.33,1152.31,1152.33,86.0
2021-06-17,1258.25,1270.99,1258.25,1258.25,316.0
2021-06-17,1445.5,1448.47,1443.0,1443.19,2720.0
2021-06-17,1317.55,1317.55,1317.55,1317.55,22.0
2021-06-17,1145.55,1145.55,1145.55,1145.55,50.0
2021-06-17,118.2,120.6,116.95,117.4,14466025.0
2021-06-17,13.79,13.84,13.76,13.81,25520.0
2021-06-18,1448.0,1459.64,1445.0,1445.0,1029.0
2021-06-18,13.85,14.0,13.75,13.82,47930.0
2021-06-18,1577.99,1577.99,1525.0,1525.0,17.0
2021-06-18,117.4,118.15,112.9,113.55,43927941.0
2021-06-18,1150.55,1150.55,1150.55,1150.55,50.0
2021-06-18,1185.79,1185.79,1153.0,1153.0,36.0
2021-06-21,1153.0,1153.01,1153.0,1153.01,173.0
2021-06-21,1440.1,1447.37,1440.1,1441.0,1210.0
2021-06-21,1320.55,1320.55,1320.55,1320.55,25.0
2021-06-21,1350.0,1350.0,1350.0,1350.0,16.0
2021-06-21,113.25,118.45,113.05,118.0,34597018.0
2021-06-21,1220.0,1515.0,1220.0,1515.0,11.0
2021-06-21,13.82,13.94,13.76,13.81,38134.0
2021-06-21,1155.55,1155.55,1151.0,1151.0,150.0
2021-06-22,1448.0,1448.0,1440.0,1440.04,1040.0
2021-06-22,118.5,118.9,116.95,118.3,16712010.0
2021-06-22,1350.0,1369.99,1350.0,1369.99,18.0
2021-06-22,13.6,13.9,13.6,13.8,137077.0
2021-06-22,1360.0,1360.0,1360.0,1360.0,3123.0
2021-06-23,13.8,13.84,13.79,13.81,14085.0
2021-06-23,118.85,118.85,116.95,117.25,12590251.0
2021-06-24,13.03,13.85,13.03,13.82,40910.0
2021-06-24,117.2,118.5,115.7,118.0,14046692.0
2021-06-24,1189.9,1190.0,1189.9,1190.0,20.0
2021-06-24,1430.1,1435.0,1422.0,1427.75,363.0
2021-06-25,1257.0,1260.0,1255.0,1260.0,236.0
2021-06-25,1164.99,1164.99,1164.99,1164.99,1.0
2021-06-25,1430.0,1431.0,1425.0,1429.33,550.0
2021-06-25,119.1,119.1,115.7,116.05,12768348.0
2021-06-25,13.81,13.85,13.81,13.82,19347.0
2021-06-25,1729.0,1730.0,1450.0,1450.0,3170.0
2021-06-28,13.82,13.9,13.79,13.85,26800.0
2021-06-28,116.9,117.85,116.0,116.15,10709748.0
2021-06-28,1170.0,1170.0,1170.0,1170.0,50.0
2021-06-28,1180.0,1180.0,1179.99,1179.99,110.0
2021-06-28,1430.0,1434.0,1430.0,1434.0,936.0
2021-06-28,1153.0,1153.0,1153.0,1153.0,66.0
2021-06-29,13.85,13.88,13.81,13.87,27125.0
2021-06-29,116.25,118.55,115.4,117.6,33488455.0
2021-06-29,1434.0,1439.99,1434.0,1434.0,765.0
2021-06-29,1259.0,1259.0,1259.0,1259.0,181.0
2021-06-30,1250.0,1250.0,1250.0,1250.0,117.0
2021-06-30,1132.56,1132.56,1132.56,1132.56,14.0
2021-06-30,1330.5,1330.5,1330.5,1330.5,47.0
2021-06-30,13.87,13.95,13.81,13.9,31491.0
2021-06-30,1454.0,1454.0,1421.61,1430.14,776.0
2021-06-30,117.85,118.45,116.15,116.4,16739618.0
2021-07-01,1430.14,1431.0,1422.0,1430.01,1705.0
2021-07-01,13.9,13.95,13.84,13.9,20633.0
2021-07-01,116.8,117.8,115.7,117.35,12479506.0
2021-07-02,13.8,13.95,13.8,13.91,33469.0
2021-07-02,117.55,119.05,117.0,117.5,17215972.0
2021-07-02,1435.0,1435.0,1430.0,1430.0,180.0
2021-07-02,1350.0,1350.0,1350.0,1350.0,5.0
2021-07-05,1154.0,1154.0,1154.0,1154.0,31.0
2021-07-05,1170.0,1190.0,1170.0,1190.0,21.0
2021-07-05,1427.0,1434.19,1423.0,1425.99,2178.0
2021-07-05,13.85,13.91,13.7,13.81,41336.0
2021-07-05,117.9,119.1,117.25,118.6,16409169.0
2021-07-06,13.85,13.9,13.78,13.81,47946.0
2021-07-06,118.1,118.95,117.05,117.65,14979094.0
2021-07-06,1546.0,1546.0,1546.0,1546.0,2.0
2021-07-06,1325.55,1325.55,1325.55,1325.55,25.0
2021-07-06,1434.95,1434.95,1425.0,1432.9,1130.0
2021-07-06,1169.99,1169.99,1169.99,1169.99,50.0
2021-07-07,1154.0,1169.99,1154.0,1169.99,60.0
2021-07-07,1429.0,1432.0,1428.0,1430.99,362.0
2021-07-07,13.8,13.9,13.8,13.88,49995.0
2021-07-07,117.05,118.2,116.85,117.45,14545289.0
2021-07-08,13.76,13.89,13.76,13.81,27455.0
2021-07-08,1322.0,1360.0,1322.0,1360.0,637.0
2021-07-08,117.35,118.7,117.2,117.45,12037089.0
2021-07-08,1189.0,1189.0,1189.0,1189.0,10.0
2021-07-08,1450.0,1450.0,1450.0,1450.0,2375.0
2021-07-08,1435.0,1435.0,1435.0,1435.0,25.0
2021-07-08,1352.0,1352.0,1342.0,1342.0,38.0
2021-07-09,13.81,13.89,13.8,13.88,59146.0
2021-07-09,117.0,118.4,116.25,117.8,9585144.0
2021-07-09,1435.0,1440.0,1435.0,1435.0,474.0
2021-07-09,1169.9,1169.99,1154.36,1154.36,188.0
2021-07-09,1342.5,1345.0,1341.0,1345.0,78.0
2021-07-12,1155.0,1155.0,1155.0,1155.0,131.0
2021-07-12,1440.0,1440.0,1440.0,1440.0,20.0
2021-07-12,1132.33,1132.33,1132.33,1132.33,10.0
2021-07-12,118.0,118.75,117.15,117.85,7651672.0
2021-07-12,13.76,13.92,13.76,13.86,20239.0
2021-07-13,13.73,13.89,13.73,13.82,50459.0
2021-07-13,118.15,122.0,118.1,119.9,30663035.0
2021-07-13,1450.0,1450.0,1450.0,1450.0,1.0
2021-07-13,1440.0,1445.0,1440.0,1445.0,52.0
2021-07-13,1160.0,1160.0,1160.0,1160.0,143.0
2021-07-13,1330.0,1330.0,1330.0,1330.0,11.0
2021-07-14,13.5,13.89,13.5,13.81,56929.0
2021-07-14,119.95,120.95,119.8,120.75,9539611.0
2021-07-14,1131.05,1133.0,1131.05,1133.0,2.0
2021-07-14,1275.0,1275.0,1275.0,1275.0,5.0
2021-07-15,1326.6,1345.0,1326.6,1345.0,307.0
2021-07-15,1301.0,1301.0,1301.0,1301.0,50.0
2021-07-15,1131.42,1159.79,1131.42,1159.79,201.0
2021-07-15,1159.0,1159.0,1159.0,1159.0,3.0
2021-07-15,120.75,121.2,119.2,120.3,11278872.0
2021-07-15,1412.0,1412.0,1412.0,1412.0,2500.0
2021-07-15,13.81,13.88,13.79,13.82,34395.0
2021-07-16,1155.0,1155.0,1155.0,1155.0,117.0
2021-07-16,1430.0,1430.0,1425.0,1425.0,41.0
2021-07-16,1280.6,1280.6,1280.6,1280.6,27.0
2021-07-16,1330.0,1335.0,1330.0,1335.0,225.0
2021-07-16,120.15,120.8,118.3,119.1,17198632.0
2021-07-16,13.81,13.86,13.81,13.84,24852.0
2021-07-16,1412.0,1412.0,1412.0,1412.0,28500.0
2021-07-19,13.8,13.89,13.8,13.88,99999.0
2021-07-19,119.1,121.85,118.5,121.4,14364285.0
2021-07-19,1281.0,1854.0,1281.0,1320.0,187.0
2021-07-19,1141.0,1156.0,1141.0,1156.0,135.0
2021-07-19,1435.0,1435.0,1435.0,1435.0,10.0
2021-07-20,1156.0,1156.0,1156.0,1156.0,90.0
2021-07-20,1345.0,1355.99,1339.0,1355.99,51.0
2021-07-20,1245.61,1245.61,1245.61,1245.61,18.0
2021-07-20,1340.0,1340.0,1340.0,1340.0,10.0
2021-07-20,13.79,13.9,13.79,13.87,337836.0
2021-07-20,122.0,122.0,118.2,118.45,11360716.0
2021-07-20,1133.1,1133.1,1133.1,1133.1,8.0
2021-07-20,1600.0,1600.0,1598.0,1598.0,33.0
2021-07-22,13.9,13.95,13.79,13.81,34545.0
2021-07-22,1330.0,1330.0,1330.0,1330.0,25.0
2021-07-22,118.75,119.7,118.55,119.2,9520328.0
2021-07-22,1132.3,1135.0,1132.3,1135.0,600.0
2021-07-22,1132.0,1148.0,1132.0,1148.0,211.0
2021-07-22,1340.0,1340.0,1334.0,1334.0,52.0
2021-07-23,1336.2,1336.2,1336.0,1336.04,31.0
2021-07-23,1438.0,1449.01,1438.0,1449.0,1051.0
2021-07-23,1148.0,1150.0,1148.0,1150.0,186.0
2021-07-23,1299.5,1299.5,1299.5,1299.5,1.0
2021-07-23,1330.0,1330.0,1330.0,1330.0,20.0
2021-07-23,13.81,13.88,13.81,13.86,63069.0
2021-07-23,119.4,120.1,118.3,118.5,10442400.0
2021-07-26,13.86,13.89,13.7,13.86,62110.0
2021-07-26,1330.0,1330.0,1330.0,1330.0,1.0
2021-07-26,118.2,120.0,118.05,119.35,5370055.0
2021-07-26,1694.0,1694.0,1451.0,1693.9,7.0
2021-07-26,1141.0,1155.0,1141.0,1151.5,30.0
2021-07-27,1336.0,1337.9,1330.01,1337.9,162.0
2021-07-27,1165.0,1165.0,1165.0,1165.0,100.0
2021-07-27,1440.0,1450.0,1440.0,1450.0,6.0
2021-07-27,13.81,13.89,13.81,13.87,73758.0
2021-07-27,119.3,119.6,118.2,118.85,5280342.0
2021-07-27,1450.0,1450.0,1330.0,1330.0,29.0
2021-07-27,1141.0,1141.0,1141.0,1141.0,20.0
2021-07-28,1133.25,1135.0,1133.25,1135.0,400.0
2021-07-28,1140.0,1140.0,1134.61,1134.61,71.0
2021-07-28,119.55,119.55,115.8,116.8,11010096.0
2021-07-28,13.81,13.9,13.81,13.86,13608.0
2021-07-28,1330.0,1330.0,1330.0,1330.0,46.0
2021-07-29,13.81,13.86,13.81,13.83,70148.0
2021-07-29,1594.0,1594.0,1594.0,1594.0,27.0
2021-07-29,117.7,118.25,115.25,116.75,11897018.0
2021-07-29,1415.0,1419.0,1415.0,1419.0,2.0
2021-07-29,1140.5,1140.5,1140.5,1140.5,20.0
2021-07-29,1157.01,1157.01,1157.01,1157.01,5.0
2021-07-29,1345.0,1345.0,1345.0,1345.0,5.0
2021-07-30,1158.01,1158.01,1158.01,1158.01,1.0
2021-07-30,1437.01,1442.0,1435.0,1442.0,2060.0
2021-07-30,1141.0,1141.0,1141.0,1141.0,50.0
2021-07-30,1345.0,1345.0,1345.0,1345.0,5.0
2021-07-30,1591.0,1591.0,1330.0,1330.0,73.0
2021-07-30,13.7,13.87,13.7,13.86,75723.0
2021-07-30,116.95,119.95,116.25,118.2,14546264.0
2021-08-02,13.77,13.85,13.7,13.82,21045.0
2021-08-02,1332.0,1585.0,1332.0,1584.99,62.0
2021-08-02,118.6,118.75,117.0,117.75,11742555.0
2021-08-02,1449.99,1449.99,1438.0,1438.19,219.0
2021-08-02,1151.0,1151.0,1151.0,1151.0,6.0
2021-08-03,1336.05,1336.05,1331.61,1331.77,114.0
2021-08-03,1450.0,1450.0,1442.0,1442.0,53.0
2021-08-03,1399.6,1399.6,1399.6,1399.6,1.0
2021-08-03,1133.8,1141.05,1133.8,1140.36,80.0
2021-08-03,13.82,13.85,13.82,13.82,41756.0
2021-08-03,118.5,118.5,116.5,117.65,21122697.0
2021-08-03,1895.0,1895.0,1331.0,1335.0,75.0
2021-08-03,1419.0,1419.0,1419.0,1419.0,10.0
2021-08-04,1442.0,1442.0,1442.0,1442.0,114.0
2021-08-04,1160.0,1160.0,1160.0,1160.0,100.0
2021-08-04,1500.0,1500.0,1500.0,1500.0,1.0
2021-08-04,1595.0,1595.0,1329.01,1329.01,60.0
2021-08-04,13.8,13.85,13.8,13.82,39719.0
2021-08-04,118.05,118.85,116.55,117.85,9432176.0
2021-08-05,13.8,13.85,13.8,13.82,38017.0
2021-08-05,1330.0,1330.0,1330.0,1330.0,36.0
2021-08-05,117.05,117.8,115.95,116.5,11045322.0
2021-08-05,1198.99,1198.99,1198.99,1198.99,1.0
2021-08-05,1165.0,1165.0,1165.0,1165.0,50.0
2021-08-05,1399.6,1399.6,1399.6,1399.6,1.0
2021-08-05,1442.0,1442.0,1442.0,1442.0,1.0
2021-08-06,1159.99,1159.99,1154.99,1154.99,100.0
2021-08-06,1345.0,1345.0,1345.0,1345.0,4.0
2021-08-06,1270.0,1270.0,1270.0,1270.0,30.0
2021-08-06,1442.0,1442.0,1438.0,1438.0,19.0
2021-08-06,1279.45,1279.45,1279.45,1279.45,50.0
2021-08-06,1607.9,1607.9,1281.0,1281.0,8.0
2021-08-06,116.5,118.7,116.45,117.65,8434733.0
2021-08-06,1330.0,1330.0,1330.0,1330.0,30.0
2021-08-06,13.82,13.85,13.8,13.81,31913.0
2021-08-09,13.8,13.83,13.8,13.81,18918.0
2021-08-09,118.5,119.1,116.55,116.7,7816050.0
2021-08-09,1279.0,1282.0,1279.0,1282.0,10.0
2021-08-09,1438.0,1450.0,1438.0,1450.0,216.0
2021-08-10,13.5,13.84,13.5,13.81,33228.0
2021-08-10,1585.0,1585.0,1530.0,1530.0,73.0
2021-08-10,116.9,117.2,113.65,114.35,9774255.0
2021-08-10,1435.0,1435.0,1430.0,1430.0,23.0
2021-08-10,1334.05,1334.05,1334.0,1334.0,57.0
2021-08-11,1430.01,1430.01,1425.0,1425.87,62.0
2021-08-11,114.7,117.3,114.55,116.95,8056886.0
2021-08-11,1155.0,1155.0,1155.0,1155.0,40.0
2021-08-11,13.8,13.85,13.77,13.8,17286.0
2021-08-11,1346.0,1346.0,1345.0,1345.0,4.0
2021-08-12,13.76,13.84,13.76,13.82,37023.0
2021-08-12,1330.0,1330.0,1324.0,1330.0,54.0
2021-08-12,116.95,119.4,116.5,119.15,8640167.0
2021-08-12,1135.0,1153.0,1135.0,1153.0,30.0
2021-08-12,1427.0,1430.0,1425.0,1425.95,78.0
2021-08-12,1332.01,1332.01,1332.01,1332.01,63.0
2021-08-13,1340.0,1340.0,1340.0,1340.0,3.0
2021-08-13,1250.0,1250.0,1250.0,1250.0,156.0
2021-08-13,1421.01,1432.0,1420.0,1432.0,165.0
2021-08-13,1152.41,1152.41,1152.41,1152.41,31.0
2021-08-13,119.45,119.45,117.2,118.25,9744939.0
2021-08-13,1330.0,1585.0,1330.0,1582.0,76.0
2021-08-13,13.89,13.89,13.8,13.81,20123.0
2021-08-13,1145.0,1145.0,1145.0,1145.0,27.0
2021-08-16,13.5,13.86,13.5,13.83,20803.0
2021-08-16,118.25,119.4,118.1,118.85,8768804.0
2021-08-16,1145.0,1160.0,1145.0,1148.0,280.0
2021-08-16,1430.0,1430.0,1425.11,1425.11,100.0
2021-08-16,1153.31,1153.31,1153.31,1153.31,73.0
2021-08-17,1345.0,1345.0,1345.0,1345.0,41.0
2021-08-17,13.82,13.89,13.82,13.88,28220.0
2021-08-17,1609.0,1609.0,1609.0,1609.0,28.0
2021-08-17,119.35,119.5,116.2,117.4,8758578.0
2021-08-17,1155.0,1155.0,1155.0,1155.0,35.0
2021-08-17,1430.0,1430.0,1430.0,1430.0,69.0
2021-08-18,117.4,118.9,116.1,116.55,9357721.0
2021-08-18,1245.0,1245.0,1161.5,1200.0,1515.0
2021-08-18,13.82,13.88,13.82,13.85,21481.0
2021-08-18,1330.0,1334.0,1327.0,1334.0,54.0
2021-08-18,1431.0,1431.0,1428.0,1428.0,30.0
2021-08-20,1282.5,1283.0,1282.5,1283.0,100.0
2021-08-20,1425.0,1430.0,1414.0,1426.51,193.0
2021-08-20,1135.0,1135.0,1135.0,1135.0,100.0
2021-08-20,116.3,117.0,113.45,114.15,11684504.0
2021-08-20,1331.0,1590.0,1331.0,1579.0,81.0
2021-08-20,13.75,13.9,13.75,13.88,143547.0
2021-08-23,13.88,13.99,13.75,13.83,13159.0
2021-08-23,115.5,115.75,112.2,113.4,6271685.0
2021-08-23,1136.2,1136.2,1136.2,1136.2,23.0
2021-08-23,1283.1,1283.1,1283.1,1283.1,50.0
2021-08-23,1205.0,1205.0,1190.0,1190.0,86.0
2021-08-23,1430.0,1430.0,1422.0,1426.35,407.0
2021-08-23,1153.13,1153.13,1153.13,1153.13,16.0
2021-08-23,1247.61,1247.61,1247.61,1247.61,1.0
2021-08-24,13.83,13.89,13.75,13.85,12481.0
2021-08-24,1336.0,1338.0,1336.0,1338.0,50.0
2021-08-24,114.2,116.3,113.65,113.95,11791078.0
2021-08-24,1430.0,1430.0,1427.5,1428.25,86.0
2021-08-25,1430.0,1430.0,1430.0,1430.0,41.0
2021-08-25,1200.0,1200.0,1189.99,1190.0,150.0
2021-08-25,114.7,115.25,113.8,114.0,9491958.0
2021-08-25,13.8,13.9,13.8,13.89,47285.0
2021-08-26,13.87,13.93,13.82,13.91,37067.0
2021-08-26,114.1,114.5,111.95,112.75,11668986.0
2021-08-26,1139.0,1139.0,1138.0,1138.5,37.0
2021-08-26,1283.5,1283.5,1283.5,1283.5,20.0
2021-08-26,1141.11,1141.11,1141.11,1141.11,68.0
2021-08-26,1153.31,1153.31,1153.31,1153.31,157.0
2021-08-26,1379.95,1379.95,1379.95,1379.95,1.0
2021-08-27,13.8,13.89,13.78,13.83,350680.0
2021-08-27,1329.0,1595.0,1329.0,1589.99,28.0
2021-08-27,112.7,114.1,112.1,113.4,8095717.0
2021-08-27,1151.0,1151.65,1150.0,1151.65,205.0
2021-08-27,1426.0,1430.0,1415.0,1429.75,372.0
2021-08-30,1249.31,1249.31,1249.31,1249.31,1.0
2021-08-30,1430.0,1430.0,1430.0,1430.0,6.0
2021-08-30,113.25,115.5,113.25,114.95,9915170.0
2021-08-30,1579.99,1579.99,1579.99,1579.99,5.0
2021-08-30,13.81,13.94,13.81,13.84,37920.0
2021-08-31,13.83,13.89,13.82,13.83,161690.0
2021-08-31,1579.0,1579.0,1334.0,1574.0,71.0
2021-08-31,115.25,116.35,114.7,115.95,11386659.0
2021-08-31,1433.0,1433.0,1430.0,1430.0,41.0
2021-08-31,1250.0,1250.0,1250.0,1250.0,78.0
2021-08-31,1388.92,1388.92,1388.92,1388.92,1.0
2021-09-01,1387.0,1387.0,1387.0,1387.0,1.0
2021-09-01,1276.79,1276.79,1250.41,1250.41,8.0
2021-09-01,1427.0,1427.0,1422.05,1427.0,340.0
2021-09-01,1220.0,1230.0,1220.0,1230.0,1137.0
2021-09-01,1153.41,1153.41,1153.41,1153.41,1.0
2021-09-01,1137.8,1137.8,1137.8,1137.8,64.0
2021-09-01,116.0,116.7,114.75,115.4,7508413.0
2021-09-01,1331.0,1865.0,1331.0,1800.0,5.0
2021-09-01,13.83,13.87,13.83,13.85,29432.0
2021-09-01,1790.0,1790.0,1417.31,1417.5,6.0
2021-09-02,1388.0,1388.0,1388.0,1388.0,1.0
2021-09-02,1153.71,1155.0,1153.71,1155.0,13.0
2021-09-02,1302.0,1302.0,1302.0,1302.0,27.0
2021-09-02,1433.0,1433.0,1433.0,1433.0,405.0
2021-09-02,1441.0,1760.0,1441.0,1760.0,23.0
2021-09-02,13.85,13.9,13.84,13.85,92835.0
2021-09-02,115.1,116.7,115.0,116.5,5700524.0
2021-09-03,1360.0,1360.0,1360.0,1360.0,1.0
2021-09-03,13.85,13.92,13.83,13.85,26654.0
2021-09-03,117.0,117.9,116.5,117.0,9364904.0
2021-09-03,1198.99,1198.99,1198.99,1198.99,1.0
2021-09-03,1221.0,1221.0,1221.0,1221.0,160.0
2021-09-03,1440.0,1444.99,1433.0,1434.6,1218.0
2021-09-06,1442.8,1445.0,1442.8,1445.0,445.0
2021-09-06,1539.0,1539.0,1285.1,1295.03,5.0
2021-09-06,1371.0,1390.0,1370.0,1387.7,762.0
2021-09-06,1184.99,1184.99,1184.99,1184.99,1.0
2021-09-06,1756.0,1756.0,1756.0,1756.0,23.0
2021-09-06,117.65,117.65,115.9,116.45,7005043.0
2021-09-06,13.81,13.9,13.81,13.85,36142.0
2021-09-07,13.82,13.93,13.82,13.85,28236.0
2021-09-07,1406.0,1755.0,1406.0,1408.0,63.0
2021-09-07,116.7,116.9,115.25,115.85,7723357.0
2021-09-07,1285.22,1285.22,1285.21,1285.21,2.0
2021-09-07,1558.0,1558.0,1558.0,1558.0,1.0
2021-09-07,1445.0,1445.0,1440.0,1444.95,562.0
2021-09-07,1155.0,1155.0,1155.0,1155.0,8.0
2021-09-07,1250.0,1250.0,1250.0,1250.0,8.0
2021-09-07,1370.0,1370.0,1370.0,1370.0,1.0
2021-09-08,1370.0,1370.0,1370.0,1370.0,1.0
2021-09-08,1432.0,1432.0,1427.0,1432.0,274.0
2021-09-08,13.85,13.89,13.84,13.85,37497.0
2021-09-08,1332.0,1332.0,1332.0,1332.0,3.0
2021-09-08,113.85,114.6,112.4,114.05,10508654.0
2021-09-09,13.85,13.9,13.85,13.86,29736.0
2021-09-09,1339.0,1339.0,1339.0,1339.0,20.0
2021-09-09,113.95,114.75,113.5,114.55,5757417.0
2021-09-09,1438.0,1438.0,1438.0,1438.0,20.0
2021-09-09,1369.0,1369.0,1369.0,1369.0,1.0
2021-09-13,1221.0,1221.0,1165.0,1165.0,109.0
2021-09-13,1154.32,1154.41,1154.31,1154.41,235.0
2021-09-13,1539.0,1539.0,1400.0,1400.0,4.0
2021-09-13,1360.0,1360.0,1340.0,1340.18,57.0
2021-09-13,1590.0,1590.0,1590.0,1590.0,50.0
2021-09-13,13.86,13.94,13.84,13.87,55955.0
2021-09-13,1440.0,1468.0,1440.0,1456.49,132.0
2021-09-13,114.65,115.5,114.15,115.0,6322443.0
2021-09-14,13.87,13.9,13.81,13.86,23352.0
2021-09-14,115.25,116.15,114.8,115.9,7369292.0
2021-09-14,1679.9,1679.9,1600.0,1600.0,11.0
2021-09-14,1230.0,1230.0,1230.0,1230.0,10.0
2021-09-14,1369.99,1369.99,1369.99,1369.99,1.0
2021-09-15,1340.0,1340.0,1335.3,1335.3,15.0
2021-09-15,1251.02,1251.02,1251.02,1251.02,75.0
2021-09-15,1154.01,1164.9,1154.01,1164.9,140.0
2021-09-15,13.86,13.89,13.85,13.86,32731.0
2021-09-15,1175.7,1241.0,1175.7,1241.0,273.0
2021-09-15,116.0,124.85,116.0,124.2,48721413.0
2021-09-15,1445.0,1445.0,1445.0,1445.0,10.0
2021-09-16,1445.0,1445.0,1445.0,1445.0,333.0
2021-09-16,1340.1,1340.1,1340.1,1340.1,1.0
2021-09-16,1153.09,1153.09,1153.0,1153.0,221.0
2021-09-16,1199.0,1200.0,1199.0,1200.0,150.0
2021-09-16,13.86,13.89,13.85,13.85,27304.0
2021-09-16,124.5,125.7,123.0,124.0,17684303.0
2021-09-16,1335.0,1335.0,1335.0,1335.0,20.0
2021-09-16,1286.21,1286.21,1286.21,1286.21,1.0
2021-09-17,13.85,13.89,13.85,13.87,54175.0
2021-09-17,1333.0,1561.0,1257.1,1485.0,50.0
2021-09-17,124.15,124.7,121.55,123.75,15763396.0
2021-09-17,1188.0,1188.0,1188.0,1188.0,15.0
2021-09-17,1148.8,1148.99,1148.8,1148.8,350.0
2021-09-17,1300.0,1300.0,1300.0,1300.0,3.0
2021-09-20,1140.0,1160.0,1140.0,1159.0,636.0
2021-09-20,1300.0,1300.0,1300.0,1300.0,1.0
2021-09-20,1199.0,1199.0,1199.0,1199.0,4.0
2021-09-20,1299.99,1299.99,1178.21,1178.21,79.0
2021-09-20,1265.0,1265.0,1265.0,1265.0,30.0
2021-09-20,13.87,13.91,13.81,13.88,34419.0
2021-09-20,122.5,123.95,121.8,122.7,7431359.0
2021-09-20,1445.0,1455.0,1445.0,1454.1,899.0
2021-09-21,1309.99,1309.99,1295.0,1295.0,255.0
2021-09-21,1242.0,1242.0,1237.9,1237.9,2.0
2021-09-21,1081.5,1098.1,1081.5,1098.1,141.0
2021-09-21,1467.95,1467.95,1455.0,1455.0,4.0
2021-09-21,122.3,125.4,122.1,124.1,8629222.0
2021-09-21,13.81,13.92,13.81,13.88,14191.0
2021-09-21,1420.0,1420.0,1420.0,1420.0,1000.0
2021-09-22,13.85,13.95,13.85,13.88,20118.0
2021-09-22,1265.0,1500.0,1265.0,1281.93,91.0
2021-09-22,124.6,127.0,124.0,124.4,11698183.0
2021-09-22,1441.05,1441.05,1441.05,1441.05,30.0
2021-09-22,1098.09,1098.09,1098.09,1098.09,75.0
2021-09-22,1300.0,1300.0,1295.0,1295.0,59.0
2021-09-23,1295.0,1295.0,1295.0,1295.0,1.0
2021-09-23,1098.1,1098.1,1085.3,1085.3,35.0
2021-09-23,1431.0,1436.08,1431.0,1436.07,58.0
2021-09-23,124.8,127.0,124.65,126.2,11053966.0
2021-09-23,13.88,14.0,13.88,13.9,62452.0
2021-09-23,1542.9,1542.9,1542.9,1542.9,7.0
2021-09-24,13.9,13.94,13.88,13.91,41487.0
2021-09-24,1282.0,1282.0,1282.0,1282.0,1.0
2021-09-24,126.5,126.7,123.95,124.25,8598140.0
2021-09-24,1219.99,1221.0,1219.99,1221.0,318.0
2021-09-24,1287.8,1287.8,1287.8,1287.8,41.0
2021-09-24,1449.0,1449.0,1449.0,1449.0,178.0
2021-09-24,1119.79,1119.99,1104.39,1104.39,212.0
2021-09-24,1296.0,1296.0,1288.4,1288.64,487.0
2021-09-27,1288.1,1288.1,1288.1,1288.1,1.0
2021-09-27,1288.64,1288.64,1268.35,1269.9,414.0
2021-09-27,125.3,127.8,124.5,126.85,8490460.0
2021-09-27,1422.25,1422.25,1422.25,1422.25,2000.0
2021-09-27,13.85,13.94,13.81,13.92,41034.0
2021-09-27,1467.95,1467.95,1449.0,1450.0,440.0
2021-09-27,1265.0,1265.0,1265.0,1265.0,50.0
2021-09-28,13.92,13.92,13.9,13.92,32322.0
2021-09-28,127.5,133.65,127.35,131.95,35900138.0
2021-09-28,1288.21,1288.22,1288.21,1288.21,200.0
2021-09-28,1452.5,1452.5,1452.5,1452.5,50.0
2021-09-28,1236.01,1236.01,1236.01,1236.01,1.0
2021-09-28,1445.0,1446.0,1445.0,1445.82,91.0
2021-09-28,1304.75,1304.75,1304.75,1304.75,1.0
2021-09-29,1304.75,1304.75,1277.0,1277.08,4.0
2021-09-29,1435.02,1440.0,1435.02,1438.01,39.0
2021-09-29,1179.6,1179.6,1179.6,1179.6,2.0
2021-09-29,131.4,144.25,130.6,140.65,75859390.0
2021-09-29,13.85,13.93,13.85,13.9,26095.0
2021-09-29,1288.23,1288.23,1288.23,1288.23,5.0
2021-09-30,1273.5,1273.5,1273.02,1273.26,2.0
2021-09-30,1300.25,1300.25,1288.25,1288.25,400.0
2021-09-30,1240.25,1240.25,1240.25,1240.25,186.0
2021-09-30,1450.0,1450.0,1441.0,1441.0,116.0
2021-09-30,141.75,143.2,139.1,141.85,34614825.0
2021-09-30,13.87,13.95,13.87,13.93,35689.0
2021-09-30,1189.0,1189.0,1189.0,1189.0,1.0
2021-10-01,13.8,13.93,13.8,13.92,28253.0
2021-10-01,1502.0,1502.0,1502.0,1502.0,28.0
2021-10-01,140.95,144.35,137.7,139.9,22452069.0
2021-10-01,1141.1,1141.1,1141.1,1141.1,1.0
2021-10-01,1442.01,1442.01,1442.01,1442.01,35.0
2021-10-01,1285.0,1285.0,1281.0,1281.0,49.0
2021-10-04,1100.0,1100.0,1100.0,1100.0,1.0
2021-10-04,1281.0,1281.0,1281.0,1281.0,1.0
2021-10-04,1296.0,1316.0,1296.0,1316.0,199.0
2021-10-04,1290.1,1290.1,1280.0,1280.0,335.0
2021-10-04,1442.0,1450.0,1440.0,1445.01,128.0
2021-10-04,143.45,149.35,140.5,145.55,58612212.0
2021-10-04,139.9,139.9,139.9,139.9,4499211.0
2021-10-04,13.81,13.94,13.81,13.91,24883.0
2021-10-04,1289.09,1289.09,1289.09,1289.09,1.0
2021-10-05,13.86,13.94,13.86,13.91,25671.0
2021-10-05,1502.0,1502.0,1502.0,1502.0,50.0
2021-10-05,145.55,147.85,144.2,145.4,24390676.0
2021-10-05,1184.99,1184.99,1183.0,1183.0,2.0
2021-10-05,1220.0,1225.99,1220.0,1224.99,731.0
2021-10-05,1314.0,1314.0,1314.0,1314.0,50.0
2021-10-05,1445.0,1449.5,1440.0,1441.15,974.0
2021-10-05,1100.0,1100.0,1084.91,1084.91,51.0
2021-10-05,1284.95,1285.0,1284.95,1285.0,116.0
2021-10-06,1284.95,1285.0,1284.95,1285.0,12.0
2021-10-06,1255.0,1255.0,1255.0,1255.0,300.0
2021-10-06,1544.9,1544.9,1544.0,1544.0,7.0
2021-10-06,13.9,13.93,13.9,13.92,21434.0
2021-10-06,146.45,147.3,142.8,143.3,14421296.0
2021-10-06,1450.0,1450.0,1450.0,1450.0,21.0
2021-10-06,1155.0,1155.0,1155.0,1155.0,105.0
2021-10-07,13.95,13.95,13.91,13.91,30827.0
2021-10-07,1265.0,1265.0,1265.0,1265.0,78.0
2021-10-07,144.2,145.65,142.25,142.8,10035682.0
2021-10-07,1600.0,1600.0,1600.0,1600.0,1.0
2021-10-07,1254.9,1254.9,1220.0,1220.0,380.0
2021-10-07,1450.0,1450.0,1440.0,1449.52,546.0
2021-10-07,1290.0,1290.0,1290.0,1290.0,1.0
2021-10-08,1280.0,1280.0,1273.01,1273.01,16.0
2021-10-08,1210.0,1210.0,1210.0,1210.0,5.0
2021-10-08,1210.0,1210.0,1210.0,1210.0,24.0
2021-10-08,1290.01,1291.0,1290.01,1291.0,1000.0
2021-10-08,13.8,13.95,13.8,13.92,27513.0
2021-10-08,1450.0,1468.95,1450.0,1468.95,300.0
2021-10-08,143.55,143.9,140.3,141.1,10686586.0
2021-10-11,1469.0,1469.0,1438.0,1450.0,1010.0
2021-10-11,13.92,14.0,13.9,13.93,39386.0
2021-10-11,1505.0,1505.0,1505.0,1505.0,78.0
2021-10-11,142.0,146.75,141.45,144.8,17449923.0
2021-10-11,1849.9,1849.9,1849.9,1849.9,1.0
2021-10-11,1220.0,1220.0,1210.0,1210.0,165.0
2021-10-11,1105.6,1108.0,1105.6,1108.0,203.0
2021-10-11,1181.51,1181.51,1181.51,1181.51,94.0
2021-10-11,1275.0,1276.0,1275.0,1275.16,315.0
2021-10-12,1275.0,1275.0,1275.0,1275.0,159.0
2021-10-12,1182.1,1183.0,1182.1,1183.0,321.0
2021-10-12,1108.0,1108.0,1108.0,1108.0,10.0
2021-10-12,13.8,13.97,13.8,13.92,27021.0
2021-10-12,1450.0,1450.0,1447.0,1447.22,715.0
2021-10-12,146.0,146.25,143.8,144.55,16030831.0
2021-10-13,1276.0,1276.0,1276.0,1276.0,1.0
2021-10-13,1173.0,1196.0,1173.0,1196.0,158.0
2021-10-13,145.5,147.25,144.7,146.35,19100941.0
2021-10-13,1108.0,1108.0,1108.0,1108.0,31.0
2021-10-13,13.92,13.95,13.91,13.91,54874.0
2021-10-13,1440.0,1455.0,1440.0,1455.0,438.0
2021-10-13,1265.0,1502.0,1265.0,1502.0,51.0
2021-10-14,13.91,13.96,13.75,13.93,323787.0
2021-10-14,147.5,150.6,146.85,149.4,29263867.0
2021-10-14,1481.15,1849.89,1479.93,1480.0,143.0
2021-10-14,1182.0,1182.0,1182.0,1182.0,100.0
2021-10-14,1280.0,1280.0,1280.0,1280.0,1.0
2021-10-18,1295.0,1295.0,1295.0,1295.0,2.0
2021-10-18,1108.0,1108.0,1108.0,1108.0,8.0
2021-10-18,1195.0,1196.0,1195.0,1196.0,300.0
2021-10-18,1448.0,1448.0,1448.0,1448.0,30.0
2021-10-18,1268.0,1499.0,1266.0,1499.0,33.0
2021-10-18,151.25,151.7,148.7,149.55,25346029.0
2021-10-18,13.93,13.98,13.92,13.95,47929.0
2021-10-19,1469.0,1470.6,1443.1,1443.89,32.0
2021-10-19,13.95,14.04,13.81,13.95,53647.0
2021-10-19,150.95,152.1,148.1,149.65,20234486.0
2021-10-19,1245.0,1245.0,1245.0,1245.0,101.0
2021-10-19,1295.0,1295.0,1285.0,1285.0,10.0
2021-10-20,15.0,15.0,13.89,13.98,41270.0
2021-10-20,1510.0,1510.0,1510.0,1510.0,78.0
2021-10-20,150.65,150.65,145.3,146.25,16129487.0
2021-10-20,1425.5,1432.25,1425.01,1432.1,4040.0
2021-10-20,1445.0,1449.0,1445.0,1449.0,58.0
2021-10-20,1108.0,1108.0,1108.0,1108.0,8.0
2021-10-20,1285.1,1285.1,1280.0,1280.0,373.0
2021-10-21,147.7,148.55,145.9,147.9,20818539.0
2021-10-21,1285.0,1285.0,1285.0,1285.0,1.0
2021-10-21,13.98,13.99,13.82,13.95,23443.0
2021-10-21,1110.0,1110.0,1108.0,1108.0,70.0
2021-10-22,13.93,13.96,13.92,13.94,30845.0
2021-10-22,147.85,148.1,144.0,144.9,11379569.0
2021-10-22,1771.98,1771.98,1771.98,1771.98,1.0
2021-10-22,1171.5,1171.5,1171.5,1171.5,1.0
2021-10-22,1108.0,1108.0,1108.0,1108.0,4.0
2021-10-22,1245.0,1245.0,1245.0,1245.0,1.0
2021-10-22,1285.0,1285.0,1285.0,1285.0,1.0
2021-10-25,1285.0,1290.0,1283.0,1283.0,234.0
2021-10-25,13.94,13.97,13.83,13.93,95017.0
2021-10-25,1268.0,1268.0,1268.0,1268.0,25.0
2021-10-25,144.7,146.25,143.15,143.9,14079380.0
2021-10-25,1749.98,1749.98,1739.98,1739.98,110.0
2021-10-26,1300.0,1300.0,1300.0,1300.0,1.0
2021-10-26,145.3,145.65,142.45,143.2,16224116.0
2021-10-26,13.93,13.97,13.93,13.96,29305.0
2021-10-26,1266.5,1273.0,1266.5,1269.0,63.0
2021-10-27,1469.0,1469.0,1460.0,1460.0,67.0
2021-10-27,13.94,14.03,13.94,13.96,23064.0
2021-10-27,1500.0,1500.0,1494.0,1494.0,27.0
2021-10-27,144.0,144.55,140.85,141.3,15072448.0
2021-10-27,1108.0,1108.0,1108.0,1108.0,67.0
2021-10-27,1285.0,1285.0,1282.0,1282.0,16.0
2021-10-28,13.9,14.04,13.9,13.95,43843.0
2021-10-28,141.3,141.85,136.3,137.35,19999659.0
2021-10-28,1440.22,1440.22,1440.21,1440.21,120.0
2021-10-28,1285.0,1285.0,1285.0,1285.0,1.0
2021-10-29,1440.21,1442.5,1440.21,1442.5,110.0
2021-10-29,1739.7,1739.7,1739.7,1739.7,2.0
2021-10-29,1284.0,1284.0,1281.0,1284.0,208.0
2021-10-29,13.95,14.0,13.89,13.95,29194.0
2021-10-29,131.0,136.9,128.55,132.65,29217522.0
2021-11-01,1469.0,1469.0,1468.99,1469.0,93.0
2021-11-01,13.95,14.0,13.94,13.95,15095.0
2021-11-01,1500.0,1500.0,1270.0,1500.0,83.0
2021-11-01,133.2,135.3,130.9,134.3,10043407.0
2021-11-01,1245.0,1245.0,1245.0,1245.0,1.0
2021-11-01,1281.25,1285.01,1281.25,1285.0,199.0
2021-11-02,1299.0,1299.0,1299.0,1299.0,1.0
2021-11-02,135.0,140.8,135.0,136.65,21525811.0
2021-11-02,13.9,14.07,13.9,13.93,22531.0
2021-11-02,1469.0,1470.6,1463.0,1465.4,8.0
2021-11-03,1320.0,1320.0,1320.0,1320.0,1.0
2021-11-03,1469.0,1472.0,1469.0,1472.0,345.0
2021-11-03,13.9,14.07,13.9,13.96,12436.0
2021-11-03,1270.0,1270.0,1270.0,1270.0,5.0
2021-11-03,137.95,138.95,135.55,136.75,9808728.0
2021-11-03,1695.0,1695.0,1695.0,1695.0,4.0
2021-11-04,138.3,138.3,136.95,137.15,1026849.0
2021-11-04,1300.0,1300.0,1300.0,1300.0,2.0
2021-11-04,1470.0,1470.0,1470.0,1470.0,1.0
2021-11-04,13.96,14.1,13.95,13.98,4510.0
2021-11-08,1205.0,1225.0,1205.0,1225.0,60.0
2021-11-08,1600.0,1600.0,1600.0,1600.0,1.0
2021-11-08,1282.0,1284.0,1282.0,1282.05,16.0
2021-11-08,1108.0,1108.0,1108.0,1108.0,31.0
2021-11-08,1198.99,1198.99,1198.99,1198.99,1.0
2021-11-08,13.85,15.2,13.85,13.97,600681.0
2021-11-08,138.7,140.6,136.55,140.3,12765483.0
2021-11-08,1271.0,1271.0,1271.0,1271.0,25.0
2021-11-08,1739.59,1739.59,1739.59,1739.59,1.0
2021-11-08,1470.0,1470.0,1470.0,1470.0,1.0
2021-11-09,1479.0,1481.6,1450.0,1450.0,18.0
2021-11-09,13.95,14.05,13.91,13.94,543300.0
2021-11-09,1501.0,1501.0,1501.0,1501.0,30.0
2021-11-09,140.75,141.4,138.05,138.5,9556650.0
2021-11-09,1739.5,1739.5,1697.32,1697.32,2.0
2021-11-09,1154.16,1154.16,1154.16,1154.16,100.0
2021-11-09,1281.1,1281.1,1281.1,1281.1,16.0
2021-11-10,1300.0,1300.0,1290.0,1290.49,102.0
2021-11-10,1154.0,1156.6,1154.0,1156.6,30.0
2021-11-10,1696.97,1696.97,1696.97,1696.97,2.0
2021-11-10,1245.0,1245.0,1245.0,1245.0,50.0
2021-11-10,13.94,14.0,13.94,13.95,25613.0
2021-11-10,1468.0,1468.0,1460.0,1464.99,690.0
2021-11-10,138.2,138.25,136.75,137.4,5479056.0
2021-11-11,1285.0,1285.0,1281.15,1281.15,321.0
2021-11-11,1225.0,1225.0,1225.0,1225.0,367.0
2021-11-11,1148.0,1198.99,1148.0,1198.99,2.0
2021-11-11,1108.0,1108.0,1108.0,1108.0,28.0
2021-11-11,1494.0,1494.0,1494.0,1494.0,25.0
2021-11-11,13.95,13.98,13.86,13.97,27361.0
2021-11-11,1465.0,1479.99,1460.0,1475.5,2879.0
2021-11-11,137.5,137.75,134.35,136.65,11418813.0
2021-11-12,1450.01,1450.01,1450.01,1450.01,7.0
2021-11-12,13.95,14.08,13.92,13.95,104985.0
2021-11-12,1272.0,1300.0,1272.0,1300.0,199.0
2021-11-12,138.2,138.2,134.65,136.45,9306659.0
2021-11-12,1281.05,1281.05,1281.05,1281.05,1.0
2021-11-15,1289.0,1290.0,1289.0,1290.0,70.0
2021-11-15,1108.0,1108.0,1103.0,1103.0,170.0
2021-11-15,137.3,137.65,136.0,137.15,3991733.0
2021-11-15,1270.0,1270.2,1270.0,1270.2,2.0
2021-11-15,13.95,13.99,13.87,13.95,48836.0
2021-11-16,1479.0,1479.0,1465.0,1474.99,212.0
2021-11-16,13.95,14.02,13.9,13.95,23832.0
2021-11-16,1488.0,1488.0,1488.0,1488.0,25.0
2021-11-16,137.7,137.8,134.0,134.3,5762128.0
2021-11-16,1298.0,1298.0,1250.0,1250.0,6.0
2021-11-16,1290.05,1290.05,1290.0,1290.0,30.0
2021-11-17,1290.0,1290.0,1290.0,1290.0,1.0
2021-11-17,134.0,138.0,134.0,136.45,15264066.0
2021-11-17,1094.01,1094.01,1094.01,1094.01,2.0
2021-11-17,1474.99,1475.0,1474.99,1475.0,117.0
2021-11-17,13.87,14.02,13.86,13.99,45168.0
2021-11-17,1272.0,1480.0,1272.0,1480.0,28.0
2021-11-18,136.6,137.6,134.75,135.3,9942974.0
2021-11-18,1290.0,1300.0,1290.0,1298.99,270.0
2021-11-18,1094.21,1094.42,1094.11,1094.42,391.0
2021-11-18,1213.0,1213.0,1212.0,1212.0,65.0
2021-11-18,14.0,14.0,13.91,13.96,16700.0
2021-11-18,1479.0,1479.0,1475.0,1475.0,2.0
2021-11-18,1480.0,1480.0,1275.0,1275.0,25.0
2021-11-22,1470.0,1470.0,1469.0,1469.99,633.0
2021-11-22,13.96,14.0,13.91,13.97,109072.0
2021-11-22,135.0,136.9,129.7,130.15,15990636.0
2021-11-22,1285.0,1285.0,1249.9,1249.9,2.0
2021-11-22,1282.0,1282.0,1282.0,1282.0,1.0
2021-11-23,13.88,14.0,13.88,13.97,55426.0
2021-11-23,1280.0,1515.0,1280.0,1514.0,82.0
2021-11-23,130.05,133.75,128.15,133.5,11510010.0
2021-11-23,1190.0,1195.0,1170.0,1182.6,240.0
2021-11-23,1290.0,1290.0,1290.0,1290.0,150.0
2021-11-24,1162.0,1190.0,1162.0,1169.63,220.0
2021-11-24,1293.0,1293.0,1293.0,1293.0,1.0
2021-11-24,1198.99,1198.99,1146.45,1150.0,12.0
2021-11-24,1477.0,1477.0,1470.01,1470.01,5.0
2021-11-24,1275.0,1275.0,1275.0,1275.0,20.0
2021-11-24,13.95,14.0,13.9,13.97,21615.0
2021-11-24,134.5,137.3,133.55,135.35,7570759.0
2021-11-25,1474.99,1474.99,1474.5,1474.8,196.0
2021-11-25,16.69,16.69,13.87,13.99,25343.0
2021-11-25,1278.0,1278.0,1278.0,1278.0,30.0
2021-11-25,135.5,136.7,132.3,135.2,13919886.0
2021-11-25,1146.25,1150.0,1146.25,1150.0,3.0
2021-11-25,1169.0,1169.0,1156.0,1156.35,1360.0
2021-11-25,1290.0,1290.0,1281.0,1281.0,180.0
2021-11-26,1300.0,1300.0,1278.0,1280.3,64.0
2021-11-26,1155.31,1184.97,1155.21,1158.1,1960.0
2021-11-26,1189.5,1193.0,1189.5,1192.0,278.0
2021-11-26,1093.91,1093.91,1093.91,1093.91,40.0
2021-11-26,13.87,14.05,13.87,13.99,14250.0
2021-11-26,133.2,134.05,128.0,128.85,13323593.0
2021-11-29,1474.5,1490.0,1474.0,1490.0,8.0
2021-11-29,13.99,14.05,13.92,13.98,10333.0
2021-11-29,1510.0,1510.0,1510.0,1510.0,20.0
2021-11-29,127.8,129.35,125.05,126.5,16077669.0
2021-11-29,1216.0,1216.0,1216.0,1216.0,1.0
2021-11-29,1298.9,1298.9,1298.9,1298.9,1.0
2021-11-30,13.9,14.04,13.9,13.99,34591.0
2021-11-30,127.8,129.45,124.7,127.25,22883512.0
2021-11-30,1086.0,1095.0,1065.11,1067.43,240.0
2021-11-30,1425.0,1425.0,1401.0,1401.0,8.0
2021-11-30,1281.1,1281.1,1281.1,1281.1,16.0
2021-12-01,1272.3,1278.1,1272.3,1278.1,86.0
2021-12-01,1080.0,1165.0,1080.0,1098.0,547.0
2021-12-01,1420.0,1420.0,1420.0,1420.0,1.0
2021-12-01,1093.6,1093.6,1092.6,1092.6,5.0
2021-12-01,13.89,14.04,13.89,14.0,21644.0
2021-12-01,130.0,132.95,125.85,127.7,17010938.0
2021-12-02,14.34,14.34,13.95,14.0,21409.0
2021-12-02,1510.0,1510.0,1509.0,1509.0,50.0
2021-12-02,127.7,130.3,126.6,128.7,12916313.0
2021-12-02,1999.9,1999.9,1999.9,1999.9,1.0
2021-12-02,1474.0,1474.0,1474.0,1474.0,1.0
2021-12-02,1135.0,1135.0,1090.0,1094.16,408.0
2021-12-02,1395.0,1395.0,1380.01,1380.01,46.0
2021-12-02,1099.21,1099.21,1099.21,1099.21,78.0
2021-12-02,1281.1,1281.1,1280.0,1280.0,100.0
2021-12-03,1282.0,1288.0,1282.0,1283.51,81.0
2021-12-03,1219.99,1219.99,1219.99,1219.99,20.0
2021-12-03,1129.99,1129.99,1129.99,1129.99,4.0
2021-12-03,1395.0,1395.0,1385.0,1385.0,205.0
2021-12-03,1120.0,1120.0,1120.0,1120.0,150.0
2021-12-03,128.7,130.25,126.4,127.0,12827354.0
2021-12-03,1275.0,1499.99,1275.0,1495.04,70.0
2021-12-03,13.91,14.05,13.91,14.0,11673.0
2021-12-03,1475.0,1475.0,1475.0,1475.0,50.0
2021-12-06,14.0,14.03,13.89,14.01,23326.0
2021-12-06,1501.0,1501.0,1274.0,1274.0,31.0
2021-12-06,127.0,127.6,124.0,124.35,8158812.0
2021-12-06,1190.0,1190.0,1190.0,1190.0,1.0
2021-12-06,1996.98,1996.98,1996.98,1996.98,1.0
2021-12-06,1110.0,1110.0,1077.4,1107.0,690.0
2021-12-06,1351.0,1399.99,1351.0,1399.99,221.0
2021-12-06,1219.99,1219.99,1219.99,1219.99,50.0
2021-12-06,1280.0,1280.0,1280.0,1280.0,1.0
2021-12-07,1100.0,1100.0,1100.0,1100.0,47.0
2021-12-07,1280.0,1300.0,1280.0,1280.7,942.0
2021-12-07,1110.0,1118.0,1110.0,1118.0,250.0
2021-12-07,1360.0,1360.0,1360.0,1360.0,200.0
2021-12-07,125.1,126.4,124.0,125.35,8701301.0
2021-12-07,1275.0,1275.0,1275.0,1275.0,30.0
2021-12-07,13.91,14.05,13.91,14.04,11914.0
2021-12-08,13.89,14.17,13.89,14.11,28225.0
2021-12-08,1497.0,1497.0,1287.0,1287.0,68.0
2021-12-08,1094.21,1094.21,1094.21,1094.21,8.0
2021-12-08,124.85,127.65,124.85,127.25,12093435.0
2021-12-08,1108.8,1108.8,1108.8,1108.8,40.0
2021-12-08,1283.0,1283.0,1283.0,1283.0,1.0
2021-12-09,1283.0,1283.0,1283.0,1283.0,156.0
2021-12-09,1098.41,1098.41,1098.41,1098.41,8.0
2021-12-09,1380.0,1385.0,1377.0,1377.0,185.0
2021-12-09,1110.1,1138.0,1110.0,1110.0,622.0
2021-12-09,1245.0,1245.0,1245.0,1245.0,1.0
2021-12-09,127.25,127.65,125.65,126.05,11518172.0
2021-12-09,1298.0,1298.0,1298.0,1298.0,20.0
2021-12-09,13.9,14.15,13.9,14.01,12091.0
2021-12-09,1995.98,1995.98,1995.98,1995.98,1.0
2021-12-10,14.0,14.15,13.97,14.01,25660.0
2021-12-10,1498.0,1498.0,1493.99,1493.99,58.0
2021-12-10,126.1,126.7,124.4,126.15,8389566.0
2021-12-10,1110.0,1135.0,1081.0,1081.0,590.0
2021-12-10,1281.0,1281.0,1281.0,1281.0,35.0
2021-12-13,1286.0,1286.0,1283.05,1283.1,189.0
2021-12-13,1289.5,1289.5,1289.5,1289.5,1.0
2021-12-13,1370.0,1370.0,1370.0,1370.0,2.0
2021-12-13,13.91,14.1,13.91,14.03,21498.0
2021-12-13,127.6,128.6,125.5,125.8,13223189.0
2021-12-13,1325.0,1325.0,1325.0,1325.0,100.0
2021-12-13,1399.6,1454.9,1314.99,1314.99,65.0
2021-12-14,1134.9,1134.9,1112.99,1112.99,115.0
2021-12-14,1289.9,1290.0,1289.9,1290.0,156.0
2021-12-14,1403.99,1403.99,1390.0,1390.0,22.0
2021-12-14,125.0,127.45,125.0,126.35,11649242.0
2021-12-14,1502.0,1502.0,1330.0,1330.0,44.0
2021-12-14,14.03,14.14,14.02,14.04,45850.0
2021-12-14,1300.0,1300.0,1300.0,1300.0,15.0
2021-12-15,14.04,14.09,14.03,14.04,25363.0
2021-12-15,1280.0,1280.0,1280.0,1280.0,28.0
2021-12-15,126.15,128.45,125.9,126.7,11916145.0
2021-12-15,1095.05,1095.05,1095.05,1095.05,50.0
2021-12-15,1385.0,1388.0,1383.0,1386.42,396.0
2021-12-15,1300.0,1300.0,1300.0,1300.0,1.0
2021-12-16,1120.0,1120.0,1100.0,1100.81,440.0
2021-12-16,1300.0,1300.0,1300.0,1300.0,300.0
2021-12-16,1397.49,1397.49,1371.0,1390.0,3.0
2021-12-16,14.03,14.1,14.0,14.02,45736.0
2021-12-16,1198.99,1379.9,1198.99,1379.9,10.0
2021-12-16,127.55,128.2,126.25,127.4,10758513.0
2021-12-17,1362.1,1371.0,1362.01,1370.0,665.0
2021-12-17,1193.0,1193.0,1193.0,1193.0,10.0
2021-12-17,1300.0,1300.0,1300.0,1300.0,1.0
2021-12-17,1100.0,1100.0,1090.0,1095.0,300.0
2021-12-17,13.93,14.04,13.93,14.03,194972.0
2021-12-17,127.4,127.7,124.1,125.55,13041775.0
2021-12-17,1500.0,1500.0,1500.0,1500.0,50.0
2021-12-17,1379.9,1379.9,1379.9,1379.9,1.0
2021-12-20,1100.0,1100.0,1100.0,1100.0,156.0
2021-12-20,1193.0,1193.0,1193.0,1193.0,8.0
2021-12-20,1370.0,1370.0,1370.0,1370.0,149.0
2021-12-20,1300.0,1300.0,1300.0,1300.0,1.0
2021-12-20,124.5,125.45,119.1,121.75,14185935.0
2021-12-20,1278.0,1500.0,1278.0,1495.0,51.0
2021-12-20,13.9,14.03,13.9,14.01,29125.0
2021-12-20,1095.15,1095.15,1095.15,1095.15,8.0
2021-12-21,1100.0,1100.0,1100.0,1100.0,50.0
2021-12-21,123.55,124.7,120.85,122.2,10168470.0
2021-12-21,1299.0,1299.0,1299.0,1299.0,20.0
2021-12-21,1365.0,1369.0,1360.0,1363.91,2006.0
2021-12-21,14.01,14.1,14.01,14.04,49988.0
2021-12-21,1379.9,1379.9,1379.9,1379.9,5.0
2021-12-21,1500.0,1500.0,1500.0,1500.0,14.0
2021-12-21,1125.0,1125.0,1125.0,1125.0,64.0
2021-12-22,16.8,16.8,14.0,14.06,8994.0
2021-12-22,123.05,123.9,121.65,122.55,7885198.0
2021-12-22,1130.55,1130.55,1130.55,1130.55,64.0
2021-12-22,1365.0,1365.99,1363.91,1365.0,1382.0
2021-12-22,1299.0,1299.0,1299.0,1299.0,150.0
2021-12-23,1194.0,1194.61,1194.0,1194.61,2.0
2021-12-23,1100.01,1100.01,1100.01,1100.01,1.0
2021-12-23,1365.0,1374.0,1365.0,1366.59,1781.0
2021-12-23,1240.0,1250.0,1240.0,1250.0,110.0
2021-12-23,1300.0,1300.0,1300.0,1300.0,1.0
2021-12-23,123.1,125.4,122.8,124.55,9836979.0
2021-12-23,1335.0,1335.0,1330.0,1332.5,33.0
2021-12-23,14.03,14.15,14.03,14.06,33678.0
2021-12-23,1130.55,1184.0,1110.0,1149.9,85.0
2021-12-24,1290.0,1290.0,1290.0,1290.0,1.0
2021-12-24,1250.0,1250.0,1250.0,1250.0,90.0
2021-12-24,1148.0,1148.0,1148.0,1148.0,50.0
2021-12-24,1367.3,1367.3,1367.3,1367.3,150.0
2021-12-24,1498.0,1498.0,1285.0,1285.0,120.0
2021-12-24,14.0,14.1,14.0,14.06,20097.0
2021-12-24,124.8,125.0,120.9,121.25,8509575.0
2021-12-27,14.02,14.06,14.02,14.04,15787.0
2021-12-27,1288.0,1289.0,1288.0,1289.0,70.0
2021-12-27,121.25,122.15,120.6,121.85,5097217.0
2021-12-27,1768.0,1768.0,1768.0,1768.0,3.0
2021-12-27,1397.5,1397.5,1390.0,1390.0,6.0
2021-12-27,1290.0,1290.0,1290.0,1290.0,1.0
2021-12-28,1376.0,1376.0,1376.0,1376.0,463.0
2021-12-28,1288.0,1288.0,1288.0,1288.0,1.0
2021-12-28,1125.0,1169.59,1125.0,1169.59,76.0
2021-12-28,13.96,14.1,13.96,14.05,16850.0
2021-12-28,122.0,124.6,121.95,124.1,6511374.0
2021-12-28,1305.0,1305.0,1305.0,1305.0,50.0
2021-12-28,1596.8,1890.0,1596.8,1604.44,51.0
2021-12-29,14.1,14.1,13.93,14.08,15576.0
2021-12-29,1505.0,1505.0,1288.0,1288.0,182.0
2021-12-29,124.6,124.75,122.2,123.15,8960770.0
2021-12-29,1283.56,1600.0,1283.56,1600.0,2.0
2021-12-29,1149.0,1149.0,1125.0,1125.0,60.0
2021-12-29,1378.0,1378.0,1367.1,1370.22,115.0
2021-12-29,1205.0,1205.0,1205.0,1205.0,100.0
2021-12-29,1314.99,1315.0,1314.99,1314.99,2.0
2021-12-30,1314.97,1314.97,1314.97,1314.97,1.0
2021-12-30,1200.0,1200.0,1200.0,1200.0,1.0
2021-12-30,1094.28,1095.2,1094.28,1095.11,143.0
2021-12-30,1499.9,1499.9,1499.9,1499.9,1.0
2021-12-30,123.25,127.85,122.25,126.9,32394253.0
2021-12-30,1103.92,1120.5,1103.92,1104.0,146.0
2021-12-30,1525.0,1525.0,1525.0,1525.0,25.0
2021-12-30,14.08,14.08,14.02,14.03,501932.0
2021-12-30,1148.0,1148.0,1106.8,1123.03,165.0
2021-12-31,1396.85,1396.85,1378.0,1378.0,51.0
2021-12-31,1205.0,1205.0,1205.0,1205.0,49.0
2021-12-31,1300.0,1300.0,1300.0,1300.0,1.0
2021-12-31,126.8,126.8,124.0,124.4,9155163.0
2021-12-31,13.96,14.1,13.96,14.07,1101040.0
2021-12-31,1520.0,1520.0,1520.0,1520.0,95.0
2021-12-31,1145.0,1147.0,1139.85,1139.85,59.0
2022-01-03,1280.0,1280.0,1280.0,1280.0,13.0
2022-01-03,1068.22,1068.22,1068.22,1068.22,14.0
2022-01-03,1300.0,1300.0,1300.0,1300.0,60.0
2022-01-03,125.4,126.55,124.7,126.0,9034081.0
2022-01-03,1397.94,1397.94,1391.0,1391.0,2.0
2022-01-03,1212.0,1212.0,1212.0,1212.0,90.0
2022-01-03,1125.0,1130.0,1125.0,1126.5,195.0
2022-01-03,1821.0,1821.0,1695.0,1695.0,58.0
2022-01-03,14.14,14.18,14.0,14.1,78769.0
2022-01-04,1125.05,1125.05,1125.05,1125.05,11.0
2022-01-04,1368.0,1380.0,1367.2,1380.0,185.0
2022-01-04,14.0,14.1,14.0,14.03,102051.0
2022-01-04,1358.0,1362.0,1358.0,1362.0,29.0
2022-01-04,127.0,133.3,126.75,132.9,33986738.0
2022-01-04,1100.0,1100.0,1098.0,1098.12,78.0
2022-01-04,1245.0,1245.0,1245.0,1245.0,1.0
2022-01-04,1295.01,1295.01,1295.0,1295.0,2.0
2022-01-04,1281.0,1281.0,1220.0,1220.0,16.0
2022-01-04,1230.0,1230.0,1230.0,1230.0,1.0
2022-01-05,132.6,132.85,130.7,132.0,16122852.0
2022-01-05,1230.0,1230.0,1230.0,1230.0,5.0
2022-01-05,1399.99,1399.99,1111.0,1111.0,63.0
2022-01-05,1310.0,1310.0,1310.0,1310.0,1.0
2022-01-05,14.02,14.2,14.0,14.04,121015.0
2022-01-05,1390.0,1390.0,1390.0,1390.0,10.0
2022-01-05,1125.0,1125.05,1090.65,1124.0,705.0
2022-01-05,1285.0,1285.0,1285.0,1285.0,40.0
2022-01-06,1414.4,1414.4,1414.4,1414.4,56.0
2022-01-06,1398.84,1398.84,1368.0,1370.0,18.0
2022-01-06,14.04,14.2,14.0,14.06,31623.0
2022-01-06,132.35,132.35,129.3,130.9,8037648.0
2022-01-06,1245.0,1245.0,1245.0,1245.0,1.0
2022-01-06,1300.0,1301.0,1300.0,1301.0,173.0
2022-01-06,1111.0,1111.0,1111.0,1111.0,4.0
2022-01-06,1475.85,1475.85,1221.6,1221.6,23.0
2022-01-07,1305.0,1305.0,1305.0,1305.0,1.0
2022-01-07,1196.0,1196.0,1196.0,1196.0,5.0
2022-01-07,1229.0,1229.0,1229.0,1229.0,250.0
2022-01-07,131.3,132.2,129.45,131.35,8820039.0
2022-01-07,1540.0,1540.0,1282.0,1288.0,81.0
2022-01-07,14.06,14.15,14.03,14.08,19747.0
2022-01-07,1380.0,1380.0,1380.0,1380.0,5.0
2022-01-07,1105.0,1114.0,1105.0,1114.0,300.0
2022-01-10,1120.0,1120.0,1085.15,1103.41,637.0
2022-01-10,1277.0,1277.0,1277.0,1277.0,281.0
2022-01-10,1380.0,1380.0,1380.0,1380.0,1.0
2022-01-10,14.1,14.1,13.95,14.01,209624.0
2022-01-10,1292.0,1540.0,1292.0,1540.0,65.0
2022-01-10,131.95,132.3,130.75,131.85,7324926.0
2022-01-10,1310.0,1310.0,1310.0,1310.0,1.0
2022-01-10,1472.59,1472.59,1472.59,1472.59,1.0
2022-01-10,1400.0,1400.0,1357.5,1372.0,9.0
2022-01-11,1372.0,1373.0,1372.0,1373.0,492.0
2022-01-11,1310.0,1310.0,1310.0,1310.0,1.0
2022-01-11,1069.3,1069.3,1069.3,1069.3,50.0
2022-01-11,1110.0,1110.0,1110.0,1110.0,6.0
2022-01-11,1380.0,1398.0,1367.2,1398.0,552.0
2022-01-11,14.01,14.1,14.01,14.04,14339.0
2022-01-11,1275.0,1275.0,1275.0,1275.0,10.0
2022-01-11,1100.25,1100.25,1100.25,1100.25,751.0
2022-01-11,132.15,134.0,131.0,132.3,11971883.0
2022-01-12,1282.9,1282.9,1069.1,1100.0,11.0
2022-01-12,1105.0,1105.0,1096.8,1096.8,123.0
2022-01-12,1277.0,1277.0,1277.0,1277.0,200.0
2022-01-12,1385.0,1385.0,1385.0,1385.0,14.0
2022-01-12,14.04,14.06,14.01,14.03,24444.0
2022-01-12,133.35,134.2,132.35,133.85,10439580.0
2022-01-12,1110.0,1110.0,1110.0,1110.0,139.0
2022-01-12,1305.0,1305.0,1305.0,1305.0,1.0
2022-01-12,1373.0,1440.0,1372.0,1440.0,19.0
2022-01-13,1390.0,1395.0,1390.0,1395.0,355.0
2022-01-13,1300.0,1300.0,1285.0,1286.05,2344.0
2022-01-13,134.4,136.65,133.5,134.95,15114699.0
2022-01-13,1096.8,1096.8,1096.05,1096.18,360.0
2022-01-13,14.03,14.06,14.02,14.02,33411.0
2022-01-13,1291.0,1848.0,1291.0,1628.19,101.0
2022-01-14,1102.45,1102.45,1102.45,1102.45,30.0
2022-01-14,1394.0,1400.0,1394.0,1399.95,121.0
2022-01-14,14.02,14.1,14.0,14.03,1711537.0
2022-01-14,1925.0,1925.0,1303.0,1420.0,75.0
2022-01-14,134.4,136.15,133.3,135.35,9344382.0
2022-01-14,1197.51,1197.51,1197.51,1197.51,78.0
2022-01-14,1290.0,1292.5,1290.0,1291.0,1338.0
2022-01-17,1310.0,1310.0,1310.0,1310.0,1.0
2022-01-17,1108.0,1110.0,1108.0,1110.0,58.0
2022-01-17,134.65,137.35,134.45,136.6,9803141.0
2022-01-17,1100.0,1100.0,1074.1,1098.0,812.0
2022-01-17,14.03,14.09,13.95,14.03,40688.0
2022-01-18,1090.0,1097.0,1089.5,1097.0,414.0
2022-01-18,1390.0,1390.0,1390.0,1390.0,470.0
2022-01-18,14.03,14.05,14.03,14.03,43639.0
2022-01-18,1321.0,1683.0,1310.36,1325.6,3907.0
2022-01-18,1110.0,1128.59,1110.0,1128.59,360.0
2022-01-18,136.6,137.75,134.4,135.0,6473378.0
2022-01-18,1245.0,1245.0,1245.0,1245.0,1.0
2022-01-18,1295.0,1295.0,1295.0,1295.0,100.0
2022-01-18,1358.6,1365.0,1358.6,1365.0,1010.0
2022-01-19,1120.0,1120.0,1111.01,1111.01,481.0
2022-01-19,1217.99,1255.0,1198.21,1198.21,806.0
2022-01-19,134.1,135.3,132.95,134.8,21136414.0
2022-01-19,1295.0,1295.0,1295.0,1295.0,458.0
2022-01-19,14.0,14.05,14.0,14.02,43575.0
2022-01-19,1390.0,1390.0,1390.0,1390.0,5.0
2022-01-19,1074.0,1085.0,1074.0,1085.0,406.0
2022-01-19,1282.0,1282.0,1282.0,1282.0,40.0
2022-01-20,1085.0,1085.0,1079.5,1079.96,950.0
2022-01-20,1390.0,1390.0,1370.0,1378.71,1010.0
2022-01-20,14.02,14.05,14.0,14.04,61979.0
2022-01-20,1284.0,1350.0,1284.0,1350.0,69.0
2022-01-20,1113.0,1113.0,1113.0,1113.0,37.0
2022-01-20,134.5,136.35,134.15,134.9,8466412.0
2022-01-20,1295.0,1295.0,1295.0,1295.0,1.0
2022-01-20,1233.49,1245.0,1233.49,1245.0,6047.0
2022-01-21,1287.0,1290.0,1286.5,1286.61,1160.0
2022-01-21,134.05,136.1,132.55,134.1,12437749.0
2022-01-21,1245.0,1245.0,1245.0,1245.0,10.0
2022-01-21,1370.25,1374.0,1370.25,1374.0,276.0
2022-01-21,1076.5,1077.6,1076.5,1077.6,165.0
2022-01-21,14.04,14.05,14.03,14.03,13407.0
2022-01-24,1282.2,1294.9,1282.2,1294.9,87.0
2022-01-24,1113.0,1113.0,1113.0,1113.0,1.0
2022-01-24,133.0,135.25,131.0,132.6,14284658.0
2022-01-24,1233.1,1233.21,1233.0,1233.0,42.0
2022-01-24,1375.0,1388.0,1366.0,1366.19,2004.0
2022-01-24,1075.81,1075.81,1075.81,1075.81,10.0
2022-01-24,14.03,14.08,14.0,14.04,52276.0
2022-01-25,1366.0,1367.0,1353.5,1367.0,2480.0
2022-01-25,14.0,14.07,14.0,14.06,161497.0
2022-01-25,131.2,135.65,131.05,135.3,10007486.0
2022-01-25,1134.7,1134.7,1134.7,1134.7,160.0
2022-01-25,1195.1,1195.1,1195.1,1195.1,66.0
2022-01-25,1294.0,1294.0,1292.0,1294.0,200.0
2022-01-25,1089.0,1089.0,1089.0,1089.0,58.0
2022-01-27,1082.25,1082.25,1082.25,1082.25,200.0
2022-01-27,1293.0,1293.0,1293.0,1293.0,100.0
2022-01-27,1221.1,1222.25,1221.1,1221.34,484.0
2022-01-27,134.2,136.0,133.15,135.0,18760325.0
2022-01-27,14.06,14.1,14.0,14.03,21138.0
2022-01-27,1389.9,1389.9,1367.4,1383.68,176.0
2022-01-27,1119.0,1119.0,1119.0,1119.0,50.0
2022-01-28,1077.41,1085.0,1077.41,1085.0,501.0
2022-01-28,1388.9,1388.9,1380.0,1385.0,1087.0
2022-01-28,14.08,14.14,14.01,14.05,16244.0
2022-01-28,1125.0,1125.0,1119.0,1119.0,16.0
2022-01-28,140.0,144.0,138.0,140.15,34009553.0
2022-01-28,1293.0,1293.0,1293.0,1293.0,78.0
2022-01-28,1365.0,1365.0,1365.0,1365.0,100.0
2022-01-31,1291.0,1291.0,1291.0,1291.0,1.0
2022-01-31,142.0,143.4,138.55,142.05,27928927.0
2022-01-31,1370.0,1370.0,1370.0,1370.0,100.0
2022-01-31,14.05,14.09,14.0,14.04,43935.0
2022-01-31,1385.0,1397.99,1383.0,1397.89,620.0
2022-01-31,1119.0,1119.0,1119.0,1119.0,350.0
2022-02-01,1396.0,1396.0,1380.0,1393.33,358.0
2022-02-01,14.0,14.09,14.0,14.06,14096.0
2022-02-01,1127.0,1127.0,1127.0,1127.0,25.0
2022-02-01,144.0,144.15,140.45,141.15,17413984.0
2022-02-01,1298.9,1298.9,1298.9,1298.9,1.0
2022-02-02,1427.0,1427.0,1427.0,1427.0,1.0
2022-02-02,1446.3,1446.3,1349.99,1349.99,2.0
2022-02-02,1304.9,1304.9,1300.0,1300.0,2.0
2022-02-02,142.0,142.75,140.75,141.15,10783943.0
2022-02-02,1279.0,1279.0,1279.0,1279.0,50.0
2022-02-02,14.02,14.09,13.91,14.06,43863.0
2022-02-02,1399.9,1430.0,1384.0,1391.66,102.0
2022-02-02,1081.0,1081.0,1071.0,1071.0,1069.0
2022-02-02,1094.8,1424.99,1094.75,1424.99,953.0
2022-02-03,1300.0,1301.5,1300.0,1300.63,2557.0
2022-02-03,1126.9,1128.0,1126.9,1127.0,168.0
2022-02-03,137.5,138.6,136.3,136.65,9571728.0
2022-02-03,1380.0,1380.0,1380.0,1380.0,1.0
2022-02-03,14.06,14.08,14.01,14.07,15687.0
2022-02-04,1385.01,1400.0,1385.0,1400.0,460.0
2022-02-04,14.0,14.15,13.93,14.07,19110.0
2022-02-04,1128.0,1128.0,1128.0,1128.0,100.0
2022-02-04,137.0,137.45,133.9,134.2,7213085.0
2022-02-04,1299.99,1300.0,1299.99,1299.99,136.0
2022-02-04,1318.75,1318.75,1318.75,1318.75,100.0
2022-02-04,1388.0,1388.0,1388.0,1388.0,191.0
2022-02-07,1388.0,1388.0,1388.0,1388.0,238.0
2022-02-07,1350.0,1350.0,1350.0,1350.0,1.0
2022-02-07,1300.0,1300.0,1300.0,1300.0,6.0
2022-02-07,134.2,136.35,134.2,135.15,10562489.0
2022-02-07,1289.99,1289.99,1073.6,1114.73,4.0
2022-02-07,14.06,14.08,13.9,14.06,14519.0
2022-02-07,1400.0,1400.0,1398.0,1400.0,5.0
2022-02-07,1080.9,1080.9,1080.9,1080.9,79.0
2022-02-07,1400.0,1400.0,1400.0,1400.0,5.0
2022-02-08,1388.0,1388.0,1388.0,1388.0,89.0
2022-02-08,135.45,135.65,132.8,135.0,8721631.0
2022-02-08,1309.9,1314.99,1290.51,1291.0,328.0
2022-02-08,1390.0,1390.0,1388.0,1389.0,224.0
2022-02-08,1090.0,1090.0,1090.0,1090.0,100.0
2022-02-08,14.06,14.18,14.04,14.07,15446.0
2022-02-09,1463.99,1463.99,1463.99,1463.99,1.0
2022-02-09,1099.56,1099.56,1080.05,1080.05,329.0
2022-02-09,1390.0,1390.0,1390.0,1390.0,55.0
2022-02-09,14.0,14.19,14.0,14.09,10975.0
2022-02-09,1365.0,1365.0,1365.0,1365.0,30.0
2022-02-09,135.3,135.6,133.85,135.05,5144026.0
2022-02-09,1299.95,1300.0,1292.0,1292.93,17.0
2022-02-09,1385.0,1385.0,1385.0,1385.0,382.0
2022-02-10,135.15,136.85,134.3,136.45,6081460.0
2022-02-10,1309.0,1309.0,1309.0,1309.0,1.0
2022-02-10,1128.0,1128.0,1127.9,1127.99,167.0
2022-02-10,1099.84,1100.0,1099.5,1100.0,589.0
2022-02-10,14.09,14.09,14.0,14.07,12738.0
2022-02-10,1397.0,1397.0,1391.0,1392.0,130.0
2022-02-10,1367.0,1367.0,1367.0,1367.0,45.0
2022-02-11,1300.9,1300.9,1300.9,1300.9,100.0
2022-02-11,1220.0,1220.0,1220.0,1220.0,55.0
2022-02-11,134.45,137.7,134.45,137.15,8426925.0
2022-02-11,1073.1,1200.0,1073.1,1200.0,2.0
2022-02-11,14.0,14.49,14.0,14.09,60068.0
2022-02-11,1390.0,1392.0,1389.5,1392.0,1005.0
2022-02-11,1284.0,1284.0,1284.0,1284.0,30.0
2022-02-14,13.9,14.4,13.9,14.08,73873.0
2022-02-14,1280.0,1363.0,1280.0,1363.0,105.0
2022-02-14,134.7,136.45,131.8,132.5,7705072.0
2022-02-14,1220.0,1220.0,1220.0,1220.0,25.0
2022-02-14,1305.0,1305.0,1305.0,1305.0,1.0
2022-02-14,1357.0,1357.0,1357.0,1357.0,277.0
2022-02-15,1074.0,1075.0,1074.0,1075.0,100.0
2022-02-15,1317.99,1317.99,1317.99,1317.99,1.0
2022-02-15,1199.68,1199.68,1199.68,1199.68,57.0
2022-02-15,1397.9,1398.0,1397.9,1398.0,315.0
2022-02-15,1128.0,1128.0,1112.61,1112.61,107.0
2022-02-15,14.08,14.08,14.05,14.07,16210.0
2022-02-15,132.1,135.8,130.65,135.35,12674466.0
2022-02-16,1080.02,1100.0,1080.02,1100.0,679.0
2022-02-16,1398.0,1398.0,1398.0,1398.0,57.0
2022-02-16,14.19,14.19,14.04,14.08,15511.0
2022-02-16,134.9,136.7,132.85,133.2,12946623.0
2022-02-16,1206.25,1206.25,1206.25,1206.25,23.0
2022-02-16,1315.99,1315.99,1315.99,1315.99,1.0
2022-02-16,1388.0,1388.0,1388.0,1388.0,296.0
2022-02-17,1301.01,1313.0,1301.01,1301.11,324.0
2022-02-17,1500.0,1500.0,1500.0,1500.0,3.0
2022-02-17,1207.41,1207.41,1207.41,1207.41,3.0
2022-02-17,1100.0,1100.0,1088.5,1088.5,150.0
2022-02-17,1361.0,1361.0,1361.0,1361.0,55.0
2022-02-17,14.08,14.14,14.05,14.07,238355.0
2022-02-17,134.5,134.9,132.45,132.75,5811964.0
2022-02-18,1095.0,1098.0,1095.0,1098.0,307.0
2022-02-18,1400.0,1400.0,1372.71,1372.71,66.0
2022-02-18,14.07,14.19,14.07,14.07,5180.0
2022-02-18,1361.0,1361.0,1361.0,1361.0,46.0
2022-02-18,132.75,134.1,131.9,132.35,6760078.0
2022-02-18,1310.0,1313.0,1310.0,1313.0,512.0
2022-02-18,1074.0,1089.0,1074.0,1089.0,157.0
2022-02-18,1378.0,1378.0,1378.0,1378.0,182.0
2022-02-21,1305.0,1305.0,1305.0,1305.0,1.0
2022-02-21,1074.0,1077.0,1074.0,1077.0,2.0
2022-02-21,1208.01,1208.01,1208.01,1208.01,4.0
2022-02-21,1118.0,1118.0,1118.0,1118.0,5.0
2022-02-21,1292.0,1292.0,1292.0,1292.0,30.0
2022-02-21,14.07,14.12,13.95,14.07,22264.0
2022-02-21,1380.01,1380.01,1372.0,1372.0,50.0
2022-02-21,132.4,134.15,131.15,131.95,12212740.0
2022-02-22,1092.6,1092.6,1092.6,1092.6,350.0
2022-02-22,1231.75,1231.75,1231.75,1231.75,1000.0
2022-02-22,1400.0,1400.0,1377.51,1377.51,109.0
2022-02-22,14.0,14.15,14.0,14.07,19420.0
2022-02-22,131.05,132.5,127.9,132.1,13578566.0
2022-02-22,1208.29,1209.41,1208.29,1209.41,474.0
2022-02-22,1310.0,1315.0,1310.0,1315.0,107.0
2022-02-23,1320.0,1320.0,1320.0,1320.0,1.0
2022-02-23,132.0,133.45,129.85,130.2,9263264.0
2022-02-23,1209.01,1209.01,1209.01,1209.01,78.0
2022-02-23,1231.91,1231.91,1231.91,1231.91,1.0
2022-02-23,13.95,14.15,13.95,14.12,9308.0
2022-02-23,1090.0,1090.0,1090.0,1090.0,150.0
2022-02-24,1074.25,1099.0,1074.0,1093.72,1670.0
2022-02-24,1380.16,1385.0,1379.0,1381.07,186.0
2022-02-24,14.11,14.18,14.04,14.07,23189.0
2022-02-24,127.0,129.0,123.65,124.4,18045779.0
2022-02-24,1108.1,1115.0,1106.1,1113.26,314.0
2022-02-24,1189.99,1189.99,1189.99,1189.99,95.0
2022-02-24,1325.0,1327.0,1320.0,1320.0,9.0
2022-02-25,1687.98,1687.98,1233.0,1391.03,14.0
2022-02-25,1326.95,1326.95,1315.0,1315.0,16.0
2022-02-25,1427.4,1427.4,1086.0,1095.3,149.0
2022-02-25,1115.0,1122.0,1115.0,1122.0,257.0
2022-02-25,1232.5,1235.0,1232.5,1235.0,4.0
2022-02-25,14.1,14.18,14.06,14.07,20032.0
2022-02-25,1092.15,1095.3,1092.15,1095.3,100.0
2022-02-25,125.0,131.0,125.0,130.35,10424521.0
2022-02-28,128.95,133.95,128.8,133.5,13262687.0
2022-02-28,1316.0,1316.0,1316.0,1316.0,1.0
2022-02-28,1395.0,1395.0,1120.0,1120.0,2.0
2022-02-28,1095.0,1095.0,1095.0,1095.0,50.0
2022-02-28,1423.7,1423.7,1375.0,1375.0,52.0
2022-02-28,14.07,14.35,14.0,14.1,12252.0
2022-03-02,1315.0,1328.59,1295.11,1299.0,297.0
2022-03-02,1098.0,1098.0,1086.0,1086.0,150.0
2022-03-02,1420.99,1420.99,1372.3,1373.36,286.0
2022-03-02,14.04,14.13,14.04,14.12,16588.0
2022-03-02,1363.0,1363.0,1363.0,1363.0,25.0
2022-03-02,132.8,135.0,130.45,130.95,12587947.0
2022-03-02,1137.0,1137.0,1137.0,1137.0,28.0
2022-03-02,1095.3,1095.3,1095.3,1095.3,50.0
2022-03-02,1664.0,1664.0,1640.0,1640.0,2.0
2022-03-03,132.1,133.45,130.25,132.1,15628119.0
2022-03-03,1359.25,1359.25,1359.01,1359.01,4.0
2022-03-03,1312.0,1312.0,1312.0,1312.0,30.0
2022-03-03,13.95,14.15,13.95,14.08,17658.0
2022-03-03,1310.0,1310.0,1310.0,1310.0,126.0
2022-03-04,1120.0,1120.0,1098.0,1098.0,110.0
2022-03-04,14.15,14.18,14.07,14.13,24512.0
2022-03-04,1284.0,1284.0,1284.0,1284.0,35.0
2022-03-04,132.0,133.35,129.75,130.2,15883138.0
2022-03-04,1110.11,1110.11,1110.11,1110.11,1.0
2022-03-04,1207.21,1207.21,1207.21,1207.21,1.0
2022-03-04,1315.0,1315.0,1315.0,1315.0,1.0
2022-03-04,1312.0,1312.0,1312.0,1312.0,2.0
2022-03-04,1359.6,1359.6,1359.6,1359.6,1.0
2022-03-07,1343.0,1343.0,1127.0,1127.0,16.0
2022-03-07,1554.99,1554.99,1230.6,1230.6,5.0
2022-03-07,1082.0,1092.0,1082.0,1086.2,780.0
2022-03-07,1300.0,1300.0,1300.0,1300.0,1.0
2022-03-07,1118.0,1121.0,1118.0,1121.0,240.0
2022-03-07,1390.0,1416.58,1380.0,1380.46,152.0
2022-03-07,1282.0,1284.0,1282.0,1284.0,4.0
2022-03-07,14.18,14.25,14.02,14.07,1129286.0
2022-03-07,1090.5,1129.99,1090.5,1128.95,160.0
2022-03-07,129.0,130.5,126.9,130.05,14985637.0
2022-03-08,130.5,135.8,130.5,133.75,28572640.0
2022-03-08,1207.41,1207.41,1207.41,1207.41,5.0
2022-03-08,14.06,14.2,14.02,14.1,61562.0
2022-03-08,1325.0,1325.0,1325.0,1325.0,1.0
2022-03-08,1240.0,1240.0,1235.0,1235.0,1160.0
2022-03-08,1100.0,1102.0,1084.0,1084.0,685.0
2022-03-08,1413.99,1413.99,1375.0,1378.33,204.0
2022-03-08,1475.0,1475.0,1475.0,1475.0,1.0
2022-03-09,1420.0,1420.0,1378.0,1378.95,1312.0
2022-03-09,1473.0,1473.0,1473.0,1473.0,1.0
2022-03-09,1305.05,1320.0,1305.05,1320.0,220.0
2022-03-09,1086.1,1086.1,1086.0,1086.0,500.0
2022-03-09,13.25,13.6,13.03,13.12,1409552.0
2022-03-09,133.95,133.95,131.1,131.5,14286413.0
2022-03-10,13.11,13.4,13.11,13.15,87388.0
2022-03-10,132.9,135.0,131.95,132.95,13101323.0
2022-03-10,1087.1,1087.1,1087.1,1087.1,131.0
2022-03-10,1325.0,1329.0,1325.0,1329.0,76.0
2022-03-10,1475.8,1475.8,1475.8,1475.8,2.0
2022-03-11,1325.0,1328.5,1325.0,1328.5,315.0
2022-03-11,1299.9,1299.9,1087.6,1149.99,8.0
2022-03-11,1207.0,1207.0,1205.5,1207.0,143.0
2022-03-11,132.9,133.4,131.5,131.95,8669803.0
2022-03-11,1348.0,1349.9,1348.0,1349.9,250.0
2022-03-11,13.15,13.2,13.06,13.14,18824.0
2022-03-11,1380.0,1380.0,1376.3,1380.0,160.0
2022-03-11,1095.0,1120.0,1095.0,1120.0,45.0
2022-03-14,1359.0,1364.0,1359.0,1364.0,4.0
2022-03-14,1300.0,1325.0,1300.0,1325.0,33.0
2022-03-14,1207.65,1248.59,1207.61,1248.59,158.0
2022-03-14,131.95,132.9,130.75,132.15,5670284.0
2022-03-14,1380.0,1382.0,1380.0,1382.0,345.0
2022-03-14,1349.9,1349.9,1107.8,1107.8,2.0
2022-03-14,13.19,13.19,13.1,13.13,281187.0
2022-03-14,1205.0,1668.0,1205.0,1207.0,687.0
2022-03-14,1099.0,1099.0,1083.55,1083.55,41.0
2022-03-15,1090.0,1121.0,1083.0,1083.0,110.0
2022-03-15,13.06,13.22,13.0,13.14,72291.0
2022-03-15,131.3,132.95,130.65,131.05,6895190.0
2022-03-15,1109.0,1109.0,1109.0,1109.0,500.0
2022-03-15,1207.41,1207.41,1207.41,1207.41,13.0
2022-03-15,1316.0,1316.0,1296.0,1298.61,1021.0
2022-03-16,1310.0,1311.0,1310.0,1311.0,25.0
2022-03-16,1115.0,1116.0,1115.0,1115.1,33.0
2022-03-16,13.0,13.18,13.0,13.1,414458.0
2022-03-16,1392.9,1392.9,1392.9,1392.9,1.0
2022-03-16,132.4,133.0,131.55,132.75,5561866.0
2022-03-17,1140.0,1140.0,1090.1,1090.1,200.0
2022-03-17,1381.0,1390.0,1375.61,1385.0,841.0
2022-03-17,13.11,13.15,13.1,13.13,29230.0
2022-03-17,1217.0,1217.0,1217.0,1217.0,50.0
2022-03-17,133.5,134.3,131.9,132.9,13995384.0
2022-03-17,1115.0,1115.0,1115.0,1115.0,3.0
2022-03-17,1311.0,1311.0,1297.01,1300.19,222.0
2022-03-21,1359.1,1362.05,1359.1,1362.05,2.0
2022-03-21,1320.0,1320.0,1320.0,1320.0,1.0
2022-03-21,1115.1,1115.1,1115.1,1115.1,3.0
2022-03-21,1249.79,1249.79,1249.79,1249.79,100.0
2022-03-21,13.12,13.15,13.08,13.14,35390.0
2022-03-21,1385.0,1385.0,1385.0,1385.0,362.0
2022-03-21,1096.0,1118.0,1090.1,1098.0,340.0
2022-03-21,132.9,133.4,131.7,132.9,9172207.0
2022-03-22,1084.1,1084.1,1084.1,1084.1,1.0
2022-03-22,1319.99,1319.99,1319.99,1319.99,1.0
2022-03-22,133.3,134.15,131.75,132.85,10343712.0
2022-03-22,1121.0,1121.0,1121.0,1121.0,235.0
2022-03-22,13.14,13.14,13.09,13.1,9354.0
2022-03-22,1376.1,1380.0,1376.1,1380.0,1301.0
2022-03-22,1362.0,1362.0,1287.0,1287.0,107.0
2022-03-23,1235.0,1235.0,1235.0,1235.0,3.0
2022-03-23,13.05,13.13,13.05,13.08,15534.0
2022-03-23,132.9,133.75,132.2,133.45,11892811.0
2022-03-23,1319.99,1319.99,1315.0,1315.83,6.0
2022-03-24,133.5,135.7,133.35,135.4,11276181.0
2022-03-24,1295.0,1305.0,1290.61,1305.0,191.0
2022-03-24,1361.0,1361.0,1361.0,1361.0,35.0
2022-03-24,1380.0,1380.0,1380.0,1380.0,50.0
2022-03-24,1084.11,1084.11,1084.11,1084.11,27.0
2022-03-24,13.0,13.15,13.0,13.1,21738.0
2022-03-25,13.05,13.15,13.05,13.1,14437.0
2022-03-25,1574.0,1574.0,1574.0,1574.0,11.0
2022-03-25,136.0,136.15,134.2,134.75,7266868.0
2022-03-25,1233.0,1234.0,1233.0,1234.0,9.0
2022-03-25,1320.0,1320.99,1320.0,1320.99,211.0
2022-03-25,1600.0,1600.0,1500.0,1500.0,21.0
2022-03-28,1365.0,1370.0,1360.0,1360.0,471.0
2022-03-28,1325.0,1325.0,1325.0,1325.0,1.0
2022-03-28,1091.0,1091.0,1091.0,1091.0,50.0
2022-03-28,135.5,135.5,133.8,134.8,7778682.0
2022-03-28,1112.17,1112.17,1112.05,1112.13,78.0
2022-03-28,1397.0,1397.0,1385.0,1385.0,6.0
2022-03-28,1251.0,1251.0,1251.0,1251.0,100.0
2022-03-28,1084.65,1084.65,1084.65,1084.65,250.0
2022-03-28,12.75,13.15,12.75,13.1,109388.0
2022-03-29,1386.0,1386.0,1384.0,1384.0,55.0
2022-03-29,13.1,13.15,13.05,13.1,21836.0
2022-03-29,1200.8,1200.8,1200.8,1200.8,10.0
2022-03-29,1282.0,1282.0,1282.0,1282.0,35.0
2022-03-29,135.0,135.3,133.9,134.35,5116935.0
2022-03-29,1112.05,1112.05,1112.05,1112.05,1.0
2022-03-29,1310.0,1310.0,1310.0,1310.0,1.0
2022-03-29,1090.0,1090.0,1089.0,1089.0,556.0
2022-03-30,1090.0,1090.0,1090.0,1090.0,533.0
2022-03-30,1360.0,1360.0,1360.0,1360.0,88.0
2022-03-30,1329.0,1329.0,1329.0,1329.0,1.0
2022-03-30,1282.0,1282.0,1282.0,1282.0,11.0
2022-03-30,135.0,135.95,133.45,135.3,24047012.0
2022-03-30,13.09,13.15,13.09,13.09,35028.0
2022-03-30,1374.01,1374.01,1374.0,1374.0,320.0
2022-03-30,1128.0,1128.0,1086.0,1086.6,500.0
2022-03-30,1200.6,1200.6,1200.6,1200.6,10.0
2022-03-31,1091.0,1091.0,1090.01,1090.01,40.0
2022-03-31,1397.49,1397.49,1397.49,1397.49,1.0
2022-03-31,13.1,13.46,13.1,13.12,25375.0
2022-03-31,1201.6,1201.6,1201.6,1201.6,20.0
2022-03-31,134.3,135.6,134.3,135.0,11615450.0
2022-03-31,1310.0,1310.0,1310.0,1310.0,1.0
2022-03-31,1358.0,1361.0,1358.0,1361.0,32.0
2022-04-01,1119.0,1128.0,1119.0,1128.0,400.0
2022-04-01,1085.01,1091.0,1085.01,1091.0,79.0
2022-04-01,1282.21,1289.0,1282.21,1289.0,235.0
2022-04-01,138.0,143.45,136.8,142.95,32589741.0
2022-04-01,1200.5,1200.5,1200.5,1200.5,1.0
2022-04-01,13.12,13.3,13.08,13.12,50842.0
2022-04-01,1397.0,1397.0,1382.65,1383.1,13.0
2022-04-01,1085.11,1095.0,1085.11,1095.0,470.0
2022-04-04,1095.0,1099.0,1085.21,1099.0,200.0
2022-04-04,1246.55,1246.55,1246.55,1246.55,200.0
2022-04-04,1389.0,1389.0,1385.0,1389.0,702.0
2022-04-04,13.12,13.14,13.09,13.11,19990.0
2022-04-04,1200.5,1200.5,1200.5,1200.5,69.0
2022-04-04,1114.05,1134.0,1114.05,1134.0,50.0
2022-04-04,141.85,146.0,141.5,144.3,15437496.0
2022-04-04,1202.01,1202.01,1202.01,1202.01,8.0
2022-04-04,1299.0,1299.0,1299.0,1299.0,16.0
2022-04-04,1091.0,1091.0,1091.0,1091.0,28.0
2022-04-05,1229.0,1229.0,1229.0,1229.0,30.0
2022-04-05,1090.0,1090.0,1090.0,1090.0,131.0
2022-04-05,145.4,150.6,144.75,149.1,23958626.0
2022-04-05,1333.0,1333.0,1333.0,1333.0,1.0
2022-04-05,13.1,13.15,13.1,13.12,38003.0
2022-04-05,1391.0,1395.0,1382.0,1395.0,546.0
2022-04-05,1117.1,1117.1,1117.1,1117.1,3.0
2022-04-06,1118.99,1118.99,1095.1,1095.1,335.0
2022-04-06,1245.0,1245.0,1240.0,1240.0,160.0
2022-04-06,1397.5,1397.5,1382.5,1384.0,22.0
2022-04-06,13.11,13.3,13.11,13.21,54141.0
2022-04-06,150.35,155.3,148.3,153.0,52737388.0
2022-04-06,1091.0,1091.0,1091.0,1091.0,1.0
2022-04-06,1320.0,1320.0,1320.0,1320.0,1.0
2022-04-06,1479.0,1479.0,1228.0,1228.0,2.0
2022-04-07,1089.0,1089.0,1089.0,1089.0,50.0
2022-04-07,1317.0,1317.0,1315.0,1315.0,107.0
2022-04-07,1120.15,1120.15,1120.15,1120.15,4.0
2022-04-07,152.95,158.0,152.2,153.5,37738903.0
2022-04-07,1396.0,1396.0,1380.0,1389.9,314.0
2022-04-07,1240.0,1240.0,1240.0,1240.0,50.0
2022-04-07,13.19,13.19,13.0,13.12,100273.0
2022-04-08,1095.1,1095.1,1088.1,1089.56,363.0
2022-04-08,1241.0,1242.0,1241.0,1242.0,275.0
2022-04-08,1389.0,1389.0,1386.0,1386.0,99.0
2022-04-08,13.12,13.35,13.12,13.18,12987.0
2022-04-08,1535.0,1537.0,1535.0,1536.65,134.0
2022-04-08,154.9,154.9,151.2,152.05,17585569.0
2022-04-08,1301.0,1305.0,1297.01,1304.67,381.0
2022-04-08,1084.6,1084.6,1084.0,1084.0,3112.0
2022-04-08,1450.0,1450.0,1450.0,1450.0,1.0
2022-04-11,152.45,154.6,151.85,153.1,15583159.0
2022-04-11,1469.0,1469.0,1469.0,1469.0,1.0
2022-04-11,1311.0,1311.0,1311.0,1311.0,1.0
2022-04-11,1120.25,1120.25,1120.25,1120.25,16.0
2022-04-11,1084.51,1090.0,1084.5,1086.0,4063.0
2022-04-11,13.07,13.18,13.07,13.15,55634.0
2022-04-11,1242.0,1242.0,1242.0,1242.0,350.0
2022-04-11,1091.01,1105.0,1091.01,1105.0,280.0
2022-04-11,1840.0,1840.0,1840.0,1840.0,46.0
2022-04-12,1092.1,1092.1,1090.11,1090.11,100.0
2022-04-12,1242.01,1242.01,1242.0,1242.0,350.0
2022-04-12,1372.51,1380.89,1360.0,1370.92,2017.0
2022-04-12,13.14,13.17,13.1,13.15,273217.0
2022-04-12,1538.0,1538.0,1472.0,1472.0,172.0
2022-04-12,1121.0,1132.0,1120.0,1132.0,80.0
2022-04-12,152.7,153.6,150.85,152.6,11306524.0
2022-04-12,1315.0,1315.0,1296.0,1300.0,840.0
2022-04-12,1469.0,1469.0,1469.0,1469.0,6.0
2022-04-13,1281.21,1287.21,1281.21,1287.21,53.0
2022-04-13,153.05,156.2,152.75,153.95,19454061.0
2022-04-13,1362.0,1362.0,1362.0,1362.0,41.0
2022-04-13,1121.1,1130.0,1121.1,1127.88,48.0
2022-04-13,1371.5,1371.5,1370.8,1371.0,852.0
2022-04-13,1242.0,1242.0,1242.0,1242.0,250.0
2022-04-13,1090.0,1090.0,1090.0,1090.0,140.0
2022-04-13,13.15,13.2,13.07,13.14,11600.0
2022-04-18,1239.0,1240.0,1239.0,1240.0,6.0
2022-04-18,1290.0,1292.0,1290.0,1292.0,1519.0
2022-04-18,154.9,163.75,154.5,163.2,82098517.0
2022-04-18,1347.0,1349.0,1347.0,1349.0,2.0
2022-04-18,12.8,13.17,12.8,13.14,12537.0
2022-04-18,1386.99,1386.99,1375.0,1378.64,266.0
2022-04-18,1272.0,1498.0,1272.0,1498.0,47.0
2022-04-19,1352.01,1384.0,1352.01,1384.0,115.0
2022-04-19,13.07,13.16,13.07,13.14,25961.0
2022-04-19,1509.0,1509.0,1509.0,1509.0,46.0
2022-04-19,1125.5,1125.5,1125.01,1125.01,157.0
2022-04-19,1210.0,1210.0,1210.0,1210.0,47.0
2022-04-19,164.9,166.35,159.5,160.65,38522118.0
2022-04-19,1275.0,1290.0,1271.61,1282.12,2882.0
2022-04-20,1287.0,1287.0,1278.31,1285.0,1066.0
2022-04-20,162.15,163.2,159.0,160.5,20047692.0
2022-04-20,13.1,13.4,13.0,13.16,619982.0
2022-04-20,1118.0,1118.0,1118.0,1118.0,47.0
2022-04-20,1242.5,1242.5,1242.5,1242.5,100.0
2022-04-20,1375.0,1375.0,1370.0,1370.0,35.0
2022-04-20,1089.0,1089.0,1089.0,1089.0,100.0
2022-04-21,1099.0,1099.0,1099.0,1099.0,305.0
2022-04-21,1242.5,1242.5,1242.5,1242.5,400.0
2022-04-21,1370.0,1375.0,1370.0,1375.0,386.0
2022-04-21,13.0,13.18,13.0,13.15,31924.0
2022-04-21,1233.0,1499.0,1233.0,1474.66,170.0
2022-04-21,1229.0,1230.0,1229.0,1230.0,100.0
2022-04-21,161.6,163.4,160.35,162.7,21966151.0
2022-04-21,1270.5,1279.9,1270.0,1270.15,2340.0
2022-04-22,1238.0,1238.0,1238.0,1238.0,1.0
2022-04-22,1083.8,1083.8,1083.8,1083.8,1.0
2022-04-22,161.25,163.0,159.85,160.45,9922564.0
2022-04-22,1280.0,1280.0,1270.41,1270.41,157.0
2022-04-22,13.15,13.16,13.13,13.14,493965.0
2022-04-22,1375.0,1380.0,1375.0,1380.0,274.0
2022-04-22,1118.0,1118.0,1118.0,1118.0,8.0
2022-04-25,1380.0,1380.0,1375.0,1375.0,13.0
2022-04-25,13.37,13.37,13.08,13.17,26357.0
2022-04-25,1250.0,1250.0,1250.0,1250.0,666.0
2022-04-25,158.6,160.9,155.4,156.1,12008027.0
2022-04-25,1272.0,1272.0,1272.0,1272.0,157.0
2022-04-25,1239.0,1239.0,1239.0,1239.0,40.0
2022-04-26,1285.0,1288.64,1285.0,1288.51,502.0
2022-04-26,1371.01,1371.01,1366.5,1366.83,759.0
2022-04-26,13.0,13.17,13.0,13.15,37187.0
2022-04-26,1490.0,1490.0,1490.0,1490.0,45.0
2022-04-26,157.6,158.45,156.0,157.0,11735823.0
2022-04-26,1083.8,1083.8,1083.8,1083.8,24.0
2022-04-27,1082.2,1082.2,1082.0,1082.0,76.0
2022-04-27,1275.0,1275.0,1275.0,1275.0,1.0
2022-04-27,156.8,159.6,155.2,155.65,17873048.0
2022-04-27,1116.1,1116.52,1116.1,1116.52,62.0
2022-04-27,1484.0,1484.0,1484.0,1484.0,115.0
2022-04-27,13.01,13.16,13.01,13.14,12542.0
2022-04-27,1369.9,1369.9,1352.01,1352.01,401.0
2022-04-28,1098.9,1098.9,1090.0,1090.0,500.0
2022-04-28,1360.01,1360.01,1360.0,1360.0,200.0
2022-04-28,13.14,13.14,13.1,13.13,24557.0
2022-04-28,158.0,160.1,155.25,159.7,29123808.0
2022-04-28,1083.0,1083.8,1082.8,1083.01,550.0
2022-04-28,1289.89,1289.89,1289.89,1289.89,1.0
2022-04-29,1082.5,1082.5,1082.5,1082.5,10.0
2022-04-29,160.4,161.0,155.7,156.2,28941216.0
2022-04-29,1238.01,1400.0,1238.01,1266.0,52.0
2022-04-29,1280.0,1280.0,1280.0,1280.0,120.0
2022-04-29,1360.0,1360.1,1359.0,1359.0,260.0
2022-04-29,1098.0,1098.0,1098.0,1098.0,15.0
2022-04-29,13.11,13.17,13.11,13.12,35917.0
2022-05-02,1088.1,1094.75,1080.0,1094.49,311.0
2022-05-02,1370.0,1370.0,1360.0,1361.37,280.0
2022-05-02,13.01,13.16,13.01,13.14,26496.0
2022-05-02,154.6,158.35,153.0,157.5,13368198.0
2022-05-02,1289.0,1289.0,1289.0,1289.0,1.0
2022-05-04,1289.0,1289.94,1289.0,1289.89,580.0
2022-05-04,158.0,161.9,157.3,158.65,24511385.0
2022-05-04,1230.0,1232.0,1230.0,1232.0,25.0
2022-05-04,1116.0,1116.0,1116.0,1116.0,48.0
2022-05-04,1240.0,1240.0,1220.0,1220.0,90.0
2022-05-04,13.11,13.36,13.02,13.13,32430.0
2022-05-04,1362.3,1362.3,1345.0,1354.4,1248.0
2022-05-04,1085.1,1085.1,1082.61,1082.61,100.0
2022-05-04,1428.0,1428.0,1428.0,1428.0,1.0
2022-05-04,1103.51,1103.51,1103.51,1103.51,250.0
2022-05-05,1230.0,1230.0,1230.0,1230.0,30.0
2022-05-05,13.13,13.18,13.09,13.11,41335.0
2022-05-05,1274.5,1276.0,1274.5,1276.0,2.0
2022-05-05,1184.99,1184.99,1184.99,1184.99,1.0
2022-05-05,1345.1,1349.0,1340.1,1348.43,372.0
2022-05-05,159.6,160.75,157.0,158.4,33396072.0
2022-05-05,1073.01,1085.0,1073.01,1083.2,501.0
2022-05-05,1270.4,1270.4,1270.4,1270.4,1.0
2022-05-06,1085.0,1090.0,1085.0,1090.0,288.0
2022-05-06,1326.6,1365.9,1325.9,1354.0,36.0
2022-05-06,13.1,13.15,13.06,13.1,69409.0
2022-05-06,1195.0,1195.0,1195.0,1195.0,65.0
2022-05-06,1112.0,1112.0,1111.6,1111.64,47.0
2022-05-06,156.45,160.35,156.05,159.0,22604305.0
2022-05-06,1240.0,1240.0,1240.0,1240.0,57.0
2022-05-06,1469.44,1469.44,1469.0,1469.0,2.0
2022-05-09,1469.0,1469.0,1469.0,1469.0,1.0
2022-05-09,1184.99,1184.99,1184.99,1184.99,1.0
2022-05-09,1245.0,1245.0,1245.0,1245.0,1.0
2022-05-09,158.95,159.8,155.95,159.0,22958742.0
2022-05-09,1114.0,1114.0,1114.0,1114.0,1.0
2022-05-09,13.02,13.15,13.02,13.1,26492.0
2022-05-09,1365.79,1365.79,1334.98,1338.9,486.0
2022-05-09,1195.99,1195.99,1195.61,1195.61,5.0
2022-05-10,1088.8,1088.8,1088.5,1088.65,100.0
2022-05-10,1220.0,1220.0,1220.0,1220.0,100.0
2022-05-10,1333.0,1339.9,1332.01,1333.76,386.0
2022-05-10,13.1,13.15,13.09,13.09,11586.0
2022-05-10,1132.0,1132.0,1132.0,1132.0,67.0
2022-05-10,158.95,161.25,154.5,155.45,20322427.0
2022-05-10,1299.0,1299.0,1250.0,1255.99,51.0
2022-05-10,1184.0,1184.0,1184.0,1184.0,40.0
2022-05-11,1275.0,1275.0,1275.0,1275.0,1.0
2022-05-11,154.05,156.95,150.05,152.55,13794764.0
2022-05-11,13.11,13.14,13.06,13.1,54791.0
2022-05-11,1193.0,1193.0,1193.0,1193.0,8.0
2022-05-11,1220.0,1220.0,1220.0,1220.0,50.0
2022-05-11,1090.0,1090.0,1079.0,1079.9,1640.0
2022-05-11,1333.0,1338.0,1332.01,1338.0,110.0
2022-05-12,1080.1,1080.1,1075.1,1080.0,1013.0
2022-05-12,1328.01,1337.9,1328.01,1330.22,393.0
2022-05-12,13.04,13.1,13.04,13.09,163737.0
2022-05-12,1193.14,1193.14,1193.14,1193.14,2.0
2022-05-12,151.1,153.0,148.0,148.55,11818556.0
2022-05-12,1143.61,1143.61,1143.61,1143.61,16.0
2022-05-12,1245.0,1255.0,1245.0,1250.88,450.0
2022-05-12,1420.0,1420.0,1420.0,1420.0,6.0
2022-05-13,150.0,150.0,143.5,144.15,22913410.0
2022-05-13,13.02,13.13,13.02,13.09,194855.0
2022-05-13,1279.0,1279.99,1279.0,1279.93,610.0
2022-05-13,1080.0,1082.0,1080.0,1082.0,480.0
2022-05-13,1328.1,1331.0,1328.1,1330.01,130.0
2022-05-16,1242.0,1242.0,1241.11,1241.11,79.0
2022-05-16,1142.21,1142.21,1142.21,1142.21,15.0
2022-05-16,143.4,148.9,141.65,148.25,16286682.0
2022-05-16,1274.5,1280.0,1274.5,1280.0,2.0
2022-05-16,1339.9,1348.0,1339.8,1348.0,861.0
2022-05-16,1073.0,1073.0,1072.32,1072.34,500.0
2022-05-16,13.03,13.15,13.03,13.08,22419.0
2022-05-17,1076.0,1097.39,1075.1,1097.39,550.0
2022-05-17,1349.9,1349.9,1340.1,1345.07,347.0
2022-05-17,13.08,13.1,13.05,13.08,93137.0
2022-05-17,1193.38,1193.38,1193.38,1193.38,15.0
2022-05-17,147.5,150.75,146.3,150.5,13925542.0
2022-05-17,1149.0,1178.0,1149.0,1178.0,157.0
2022-05-17,1243.05,1278.99,1243.0,1278.95,220.0
2022-05-18,150.5,150.9,147.2,148.5,17611218.0
2022-05-18,1255.0,1255.0,1255.0,1255.0,156.0
2022-05-18,13.08,13.1,13.06,13.08,7060.0
2022-05-18,1220.0,1220.0,1220.0,1220.0,222.0
2022-05-18,1078.5,1087.0,1078.5,1083.6,50.0
2022-05-18,1342.0,1349.9,1342.0,1349.9,222.0
2022-05-19,147.5,148.55,145.75,148.0,11701170.0
2022-05-19,13.05,13.19,13.05,13.11,114447.0
2022-05-19,1278.0,1278.59,1265.0,1276.84,200.0
2022-05-19,1220.0,1220.0,1220.0,1220.0,100.0
2022-05-19,1095.1,1095.1,1095.1,1095.1,3.0
2022-05-19,1345.0,1345.0,1345.0,1345.0,201.0
2022-05-20,1089.55,1091.49,1089.55,1091.49,26.0
2022-05-20,1331.15,1331.15,1331.01,1331.01,14.0
2022-05-20,13.14,13.15,13.1,13.13,78533.0
2022-05-20,150.95,150.95,147.65,149.6,17841739.0
2022-05-20,1270.0,1270.0,1270.0,1270.0,1.0
2022-05-23,154.4,155.35,148.4,150.15,26055890.0
2022-05-23,1260.1,1270.0,1260.0,1265.0,454.0
2022-05-23,1172.0,1178.0,1170.0,1178.0,130.0
2022-05-23,1091.0,1091.0,1091.0,1091.0,49.0
2022-05-23,1330.3,1330.3,1330.0,1330.1,60.0
2022-05-23,13.09,13.2,13.09,13.13,34810.0
2022-05-24,1239.8,1239.8,1239.8,1239.8,25.0
2022-05-24,1336.0,1345.0,1336.0,1345.0,330.0
2022-05-24,13.13,13.19,13.11,13.12,14871.0
2022-05-24,1423.0,1423.0,1194.6,1422.5,10.0
2022-05-24,150.15,151.85,146.3,146.9,16581141.0
2022-05-24,1266.0,1266.0,1265.1,1265.1,557.0
2022-05-24,1278.5,1281.0,1278.5,1281.0,4.0
2022-05-25,1489.0,1489.0,1378.0,1378.0,23.0
2022-05-25,148.4,153.15,147.4,152.65,19926619.0
2022-05-25,1265.1,1274.99,1265.1,1266.25,162.0
2022-05-25,13.12,13.18,13.12,13.12,17702.0
2022-05-25,1081.0,1081.0,1081.0,1081.0,10.0
2022-05-25,1515.0,1515.0,1515.0,1515.0,65.0
2022-05-26,1076.7,1081.1,1076.7,1081.1,78.0
2022-05-26,1236.1,1236.1,1235.9,1235.9,500.0
2022-05-26,1345.0,1349.9,1345.0,1349.9,555.0
2022-05-26,13.12,13.14,13.05,13.07,21054.0
2022-05-26,153.15,155.1,150.6,154.15,22698086.0
2022-05-26,1279.05,1279.05,1279.05,1279.05,1.0
2022-05-26,1271.0,1275.0,1221.21,1221.21,799.0
2022-05-27,1396.97,1396.97,1396.97,1396.97,1.0
2022-05-27,13.06,13.15,13.06,13.14,26032.0
2022-05-27,1215.0,1215.0,1215.0,1215.0,46.0
2022-05-27,155.0,155.0,149.5,150.45,10245727.0
2022-05-27,1279.99,1279.99,1279.99,1279.99,1.0
2022-05-30,150.05,152.5,148.8,150.9,12513990.0
2022-05-30,1279.89,1279.89,1279.89,1279.89,51.0
2022-05-30,13.15,13.15,13.1,13.11,5021.0
2022-05-30,1086.0,1086.0,1086.0,1086.0,50.0
2022-05-30,1213.0,1213.0,1213.0,1213.0,35.0
2022-05-31,1393.99,1393.99,1393.99,1393.99,3.0
2022-05-31,13.11,13.18,13.07,13.16,11620.0
2022-05-31,1120.01,1120.01,1120.01,1120.01,6.0
2022-05-31,151.1,158.0,150.35,156.0,124665699.0
2022-05-31,1265.1,1265.1,1232.01,1232.01,156.0
2022-06-01,1394.0,1394.0,1394.0,1394.0,40.0
2022-06-01,13.12,13.19,13.11,13.13,17357.0
2022-06-01,1197.1,1197.1,1197.1,1197.1,1.0
2022-06-01,1140.0,1140.0,1140.0,1140.0,50.0
2022-06-01,156.45,160.2,156.25,156.8,16084988.0
2022-06-01,1265.1,1265.1,1265.1,1265.1,1.0
2022-06-02,155.5,159.3,154.25,159.05,17646975.0
2022-06-02,1270.1,1270.1,1270.1,1270.1,49.0
2022-06-02,1085.0,1085.0,1085.0,1085.0,4.0
2022-06-02,1380.0,1380.0,1380.0,1380.0,1.0
2022-06-02,1350.0,1350.0,1350.0,1350.0,100.0
2022-06-02,1091.0,1091.0,1086.05,1086.05,130.0
2022-06-02,13.13,13.18,13.11,13.17,65425.0
2022-06-03,1355.0,1355.0,1355.0,1355.0,200.0
2022-06-03,13.0,13.19,13.0,13.19,5648.0
2022-06-03,1180.0,1180.0,1180.0,1180.0,131.0
2022-06-03,159.0,159.45,154.7,155.0,14063328.0
2022-06-03,1270.0,1271.0,1270.0,1271.0,150.0
2022-06-06,1320.0,1320.0,1320.0,1320.0,1.0
2022-06-06,1249.99,1249.99,1249.8,1249.8,51.0
2022-06-06,1265.1,1265.1,1241.02,1241.02,150.0
2022-06-06,1394.99,1394.99,1360.0,1360.0,2.0
2022-06-06,13.19,13.2,13.14,13.16,22671.0
2022-06-06,155.8,158.65,154.6,155.2,18485464.0
2022-06-07,1265.1,1265.1,1243.0,1244.1,163.0
2022-06-07,155.2,157.7,153.5,157.25,14911957.0
2022-06-07,1198.0,1198.0,1198.0,1198.0,14.0
2022-06-07,1397.99,1397.99,1360.0,1360.0,2.0
2022-06-07,13.12,13.23,13.12,13.19,10976.0
2022-06-07,1231.9,1231.9,1218.0,1218.0,210.0
2022-06-07,1301.9,1301.9,1301.9,1301.9,5.0
2022-06-08,1087.5,1087.5,1087.0,1087.0,141.0
2022-06-08,1365.0,1365.0,1330.0,1330.0,246.0
2022-06-08,13.19,13.25,13.18,13.18,22870.0
2022-06-08,1299.99,1299.99,1299.99,1299.99,1.0
2022-06-08,1130.0,1130.0,1130.0,1130.0,47.0
2022-06-08,156.1,159.75,156.1,157.05,16416591.0
2022-06-08,1245.0,1274.99,1245.0,1274.99,331.0
2022-06-08,1104.2,1104.2,1104.2,1104.2,10.0
2022-06-09,1270.0,1270.0,1270.0,1270.0,1.0
2022-06-09,1271.94,1271.94,1271.94,1271.94,1.0
2022-06-09,1130.0,1130.0,1130.0,1130.0,21.0
2022-06-09,155.3,158.0,154.7,155.15,13821409.0
2022-06-09,13.18,13.2,13.12,13.19,148238.0
2022-06-09,1316.0,1325.1,1316.0,1324.95,469.0
2022-06-09,1088.5,1095.0,1088.5,1089.1,329.0
2022-06-09,1432.0,1432.0,1432.0,1432.0,50.0
2022-06-10,1270.99,1270.99,1270.99,1270.99,1.0
2022-06-10,1148.0,1148.0,1148.0,1148.0,50.0
2022-06-10,1195.0,1433.99,1195.0,1433.99,15.0
2022-06-10,154.1,156.6,154.0,155.25,7908849.0
2022-06-10,1325.0,1330.0,1325.0,1329.86,1136.0
2022-06-10,1460.9,1460.9,1460.9,1460.9,1.0
2022-06-10,1090.0,1090.0,1088.0,1088.0,117.0
2022-06-10,13.19,13.2,13.15,13.15,11670.0
2022-06-13,1088.5,1088.5,1088.0,1088.39,255.0
2022-06-13,1329.86,1329.86,1300.0,1307.39,5799.0
2022-06-13,13.15,13.19,13.13,13.16,19096.0
2022-06-13,154.0,154.9,147.75,148.9,19208167.0
2022-06-13,1250.0,1250.0,1242.0,1242.0,20.0
2022-06-13,1260.0,1260.0,1260.0,1260.0,7.0
2022-06-14,148.9,152.45,148.9,151.4,17034328.0
2022-06-14,1264.0,1264.0,1254.0,1262.0,252.0
2022-06-14,1093.41,1103.1,1093.41,1103.1,60.0
2022-06-14,1087.1,1094.9,1086.5,1094.9,295.0
2022-06-14,1310.0,1327.94,1310.0,1321.0,33.0
2022-06-14,13.13,13.2,13.12,13.16,7906.0
2022-06-15,1094.89,1094.89,1094.89,1094.89,50.0
2022-06-15,1316.0,1318.0,1315.0,1318.0,265.0
2022-06-15,13.28,13.28,13.14,13.16,11270.0
2022-06-15,152.55,153.7,147.55,148.15,15172295.0
2022-06-15,1260.0,1269.99,1260.0,1269.99,105.0
2022-06-16,1200.0,1200.0,1200.0,1200.0,105.0
2022-06-16,1325.0,1325.0,1312.0,1312.0,60.0
2022-06-16,13.17,13.17,13.1,13.15,38063.0
2022-06-16,150.1,150.15,142.0,142.95,18494040.0
2022-06-16,1269.89,1269.89,1269.89,1269.89,1.0
2022-06-17,1715.0,1715.0,1715.0,1715.0,14.0
2022-06-17,141.1,144.45,139.55,140.45,21387729.0
2022-06-17,13.11,13.2,13.11,13.15,34268.0
2022-06-17,1246.0,1246.0,1246.0,1246.0,1.0
2022-06-17,1200.0,1200.0,1195.01,1197.54,195.0
2022-06-17,1090.0,1094.79,1090.0,1094.79,53.0
2022-06-17,1321.99,1321.99,1321.99,1321.99,89.0
2022-06-20,1248.0,1248.0,1073.2,1073.2,2.0
2022-06-20,1265.0,1265.0,1265.0,1265.0,1.0
2022-06-20,1150.0,1150.0,1150.0,1150.0,157.0
2022-06-20,13.12,13.2,13.12,13.15,31630.0
2022-06-20,1120.0,1120.0,1101.1,1118.02,158.0
2022-06-20,140.45,141.4,135.0,137.25,16578770.0
2022-06-20,1348.7,1348.7,1330.0,1330.0,171.0
2022-06-21,1094.74,1094.74,1094.74,1094.74,50.0
2022-06-21,1325.0,1325.0,1325.0,1325.0,2.0
2022-06-21,13.04,13.19,13.04,13.15,36194.0
2022-06-21,1144.0,1144.0,1144.0,1144.0,70.0
2022-06-21,1120.0,1120.0,1120.0,1120.0,106.0
2022-06-21,138.2,141.25,137.75,139.95,51398446.0
2022-06-21,1269.9,1269.99,1269.9,1269.99,100.0
2022-06-22,1244.0,1265.9,1244.0,1265.9,110.0
2022-06-22,139.95,139.95,136.55,137.65,8317317.0
2022-06-22,13.09,13.19,13.09,13.16,12299.0
2022-06-22,1088.52,1090.0,1088.52,1090.0,95.0
2022-06-22,1196.61,1196.61,1196.61,1196.61,116.0
2022-06-22,1325.0,1326.0,1311.5,1311.64,775.0
2022-06-23,137.9,139.15,135.65,136.5,11257409.0
2022-06-23,1260.0,1260.0,1260.0,1260.0,1.0
2022-06-23,1120.0,1120.0,1120.0,1120.0,50.0
2022-06-23,1094.0,1094.9,1094.0,1094.9,250.0
2022-06-23,1316.5,1328.0,1316.0,1327.64,610.0
2022-06-23,1229.0,1229.0,1229.0,1229.0,5.0
2022-06-23,13.19,13.19,13.16,13.16,4302.0
2022-06-24,1090.0,1090.0,1090.0,1090.0,995.0
2022-06-24,1222.0,1222.0,1222.0,1222.0,150.0
2022-06-24,1325.0,1330.0,1319.0,1330.0,3698.0
2022-06-24,13.1,13.2,13.1,13.17,20710.0
2022-06-24,137.9,137.9,134.95,136.6,21879039.0
2022-06-24,1249.9,1249.9,1249.9,1249.9,74.0
2022-06-27,1255.9,1255.9,1255.9,1255.9,101.0
2022-06-27,1077.0,1077.02,1077.0,1077.02,4.0
2022-06-27,137.25,139.05,136.75,138.5,12872030.0
2022-06-27,13.5,13.5,13.13,13.13,132862.0
2022-06-27,1340.0,1340.1,1340.0,1340.02,251.0
2022-06-27,1222.0,1222.0,1222.0,1222.0,50.0
2022-06-27,1120.0,1120.0,1107.31,1107.31,309.0
2022-06-28,1090.0,1094.9,1090.0,1091.56,1225.0
2022-06-28,1340.0,1340.0,1340.0,1340.0,40.0
2022-06-28,13.13,13.17,13.01,13.13,48913.0
2022-06-28,138.5,139.3,137.15,138.6,14272044.0
2022-06-28,1259.5,1259.5,1259.5,1259.5,1.0
2022-06-28,1080.0,1080.0,1080.0,1080.0,3.0
2022-06-29,137.8,143.1,136.8,141.75,53487394.0
2022-06-29,1242.0,1242.0,1242.0,1242.0,184.0
2022-06-29,1199.99,1199.99,1199.99,1199.99,1.0
2022-06-29,1085.11,1085.11,1085.11,1085.11,2.0
2022-06-29,13.08,13.19,13.08,13.09,16599.0
2022-06-29,1335.0,1349.0,1333.0,1333.0,154.0
2022-06-29,1225.0,1225.0,1225.0,1225.0,47.0
2022-06-29,1094.89,1094.89,1090.1,1090.5,284.0
2022-06-30,1090.5,1100.0,1090.1,1098.26,1040.0
2022-06-30,1368.85,1368.85,1335.0,1340.04,1504.0
2022-06-30,13.3,13.3,13.07,13.15,27630.0
2022-06-30,1109.0,1109.0,1109.0,1109.0,16.0
2022-06-30,142.3,143.95,141.15,142.9,19270932.0
2022-06-30,1269.9,1269.99,1249.87,1249.87,42.0
2022-06-30,1080.0,1080.0,1080.0,1080.0,50.0
2022-07-01,13.1,13.16,13.1,13.11,23761.0
2022-07-01,142.0,143.2,139.75,140.65,9592229.0
2022-07-01,1120.0,1120.0,1090.1,1103.99,9.0
2022-07-01,1335.01,1335.01,1335.01,1335.01,1.0
2022-07-01,1248.9,1248.9,1248.9,1248.9,200.0
2022-07-04,1244.0,1244.0,1244.0,1244.0,1.0
2022-07-04,1325.0,1325.0,1325.0,1325.0,10.0
2022-07-04,1268.84,1268.84,1268.84,1268.84,1.0
2022-07-04,1135.0,1147.0,1135.0,1147.0,65.0
2022-07-04,13.0,13.19,13.0,13.14,89160.0
2022-07-04,1350.0,1362.99,1350.0,1350.0,790.0
2022-07-04,1110.0,1110.0,1109.0,1109.0,335.0
2022-07-04,139.35,142.2,139.35,141.4,17526429.0
2022-07-05,1190.0,1190.0,1190.0,1190.0,1000.0
2022-07-05,1368.99,1395.0,1368.99,1385.09,4815.0
2022-07-05,13.0,13.3,13.0,13.16,36349.0
2022-07-05,141.4,144.25,140.2,140.85,11370649.0
2022-07-05,1155.0,1155.0,1155.0,1155.0,31.0
2022-07-05,1270.0,1270.0,1265.0,1265.0,59.0
2022-07-05,1242.9,1242.9,1242.9,1242.9,1.0
2022-07-05,1366.0,1366.0,1350.0,1350.0,78.0
2022-07-06,1080.05,1080.05,1080.0,1080.0,2.0
2022-07-06,1265.0,1266.0,1255.9,1266.0,156.0
2022-07-06,141.5,142.0,136.1,138.95,15929985.0
2022-07-06,13.15,13.24,13.15,13.16,6673.0
2022-07-06,1390.0,1397.99,1380.0,1387.0,1575.0
2022-07-06,1090.1,1090.1,1090.1,1090.1,30.0
2022-07-07,1399.0,1399.0,1348.01,1348.01,4.0
2022-07-07,13.21,13.24,13.06,13.15,10276.0
2022-07-07,140.0,142.75,139.5,140.45,18144208.0
2022-07-07,1265.69,1265.69,1265.69,1265.69,1.0
2022-07-08,1090.1,1090.1,1090.1,1090.1,50.0
2022-07-08,1390.0,1390.0,1341.5,1369.0,36.0
2022-07-08,13.15,13.23,13.11,13.16,73924.0
2022-07-08,1112.0,1112.01,1112.0,1112.01,116.0
2022-07-08,141.0,144.2,141.0,143.7,15375888.0
2022-07-08,1260.0,1260.0,1260.0,1260.0,10.0
2022-07-11,1269.99,1269.99,1269.99,1269.99,1.0
2022-07-11,144.0,147.0,143.6,144.8,16779135.0
2022-07-11,1337.6,1350.0,1337.6,1350.0,751.0
2022-07-11,13.12,13.19,13.11,13.15,36098.0
2022-07-12,1507.9,1507.9,1507.8,1507.8,14.0
2022-07-12,1240.0,1240.0,1090.0,1234.58,17.0
2022-07-12,1274.7,1274.79,1274.7,1274.79,80.0
2022-07-12,1399.9,1400.0,1353.0,1397.99,20.0
2022-07-12,13.11,13.23,13.11,13.16,42870.0
2022-07-12,144.05,148.1,144.05,147.1,19138561.0
2022-07-13,1195.0,1229.0,1195.0,1229.0,204.0
2022-07-13,1398.0,1398.0,1375.0,1379.0,75.0
2022-07-13,13.06,13.2,13.06,13.16,52150.0
2022-07-13,147.75,149.35,147.5,148.6,13644449.0
2022-07-13,1274.39,1274.39,1274.39,1274.39,1.0
2022-07-13,1282.01,1282.01,1282.01,1282.01,32.0
2022-07-14,1091.5,1099.0,1091.5,1099.0,395.0
2022-07-14,13.12,13.2,13.12,13.19,70078.0
2022-07-14,149.0,149.3,147.0,148.3,9775869.0
2022-07-14,1274.99,1274.99,1274.99,1274.99,1.0
2022-07-15,1274.99,1274.99,1274.99,1274.99,1.0
2022-07-15,1082.0,1083.0,1082.0,1083.0,2.0
2022-07-15,148.45,150.15,148.15,149.75,11518139.0
2022-07-15,1099.0,1100.0,1099.0,1100.0,57.0
2022-07-15,13.15,13.2,13.11,13.17,75440.0
2022-07-15,1353.0,1353.01,1352.0,1353.01,65.0
2022-07-15,1112.01,1112.01,1112.01,1112.01,157.0
2022-07-18,1090.31,1090.31,1090.31,1090.31,1.0
2022-07-18,1414.89,1414.89,1414.89,1414.89,1.0
2022-07-18,13.15,13.32,13.15,13.28,84027.0
2022-07-18,151.4,151.55,149.3,149.8,8286352.0
2022-07-18,1270.1,1270.1,1270.1,1270.1,50.0
2022-07-19,1114.18,1114.18,1114.0,1114.01,182.0
2022-07-19,1372.5,1372.5,1372.5,1372.5,35.0
2022-07-19,149.8,151.2,149.25,150.75,6798359.0
2022-07-19,1379.99,1379.99,1379.99,1379.99,2.0
2022-07-19,13.29,13.3,13.23,13.29,69041.0
2022-07-19,1270.1,1270.1,1270.1,1270.1,50.0
2022-07-20,1265.1,1268.8,1242.11,1242.11,176.0
2022-07-20,1090.0,1090.0,1090.0,1090.0,3166.0
2022-07-20,152.1,152.25,150.15,150.55,7271345.0
2022-07-20,1115.01,1115.01,1115.01,1115.01,16.0
2022-07-20,1204.0,1205.0,1204.0,1205.0,45.0
2022-07-20,13.11,13.29,13.11,13.2,22878.0
2022-07-21,1370.0,1370.0,1370.0,1370.0,40.0
2022-07-21,13.2,13.28,13.18,13.24,22380.0
2022-07-21,1445.0,1445.0,1445.0,1445.0,81.0
2022-07-21,151.0,151.25,150.0,150.85,7521568.0
2022-07-21,1265.1,1265.1,1265.1,1265.1,50.0
2022-07-22,1124.0,1124.0,1091.01,1091.01,150.0
2022-07-22,1351.1,1351.1,1351.1,1351.1,100.0
2022-07-22,13.24,13.29,13.13,13.23,16107.0
2022-07-22,151.0,151.4,148.15,148.95,6800124.0
2022-07-22,1278.0,1278.0,1278.0,1278.0,1.0
2022-07-25,149.2,150.45,147.35,150.1,7996687.0
2022-07-25,148.95,148.95,148.95,148.95,5341069.0
2022-07-25,1275.0,1275.0,1265.1,1265.1,60.0
2022-07-25,1351.1,1352.25,1351.1,1352.25,31.0
2022-07-25,1100.0,1100.0,1100.0,1100.0,20.0
2022-07-25,13.0,13.28,13.0,13.2,66254.0
2022-07-26,1229.0,1229.0,1229.0,1229.0,100.0
2022-07-26,1390.0,1390.0,1375.0,1375.0,4.0
2022-07-26,13.2,13.25,13.17,13.25,43276.0
2022-07-26,150.0,150.95,149.15,150.0,5774871.0
2022-07-26,1268.5,1268.5,1268.5,1268.5,107.0
2022-07-27,1268.5,1268.5,1245.0,1245.0,156.0
2022-07-27,149.55,150.55,149.05,149.7,5403197.0
2022-07-27,1115.26,1115.26,1115.26,1115.26,25.0
2022-07-27,13.25,13.29,13.2,13.21,40042.0
2022-07-27,1398.0,1398.0,1351.1,1365.0,225.0
2022-07-27,1638.0,1638.0,1638.0,1638.0,80.0
2022-07-28,1365.0,1365.0,1365.0,1365.0,342.0
2022-07-28,13.2,13.29,13.2,13.21,8920.0
2022-07-28,150.05,150.95,149.05,150.35,6030744.0
2022-07-28,1266.0,1266.1,1266.0,1266.1,110.0
2022-07-29,1266.1,1266.1,1265.1,1265.1,53.0
2022-07-29,1199.9,1199.9,1199.9,1199.9,100.0
2022-07-29,1365.0,1365.01,1365.0,1365.01,155.0
2022-07-29,13.17,13.29,13.15,13.22,74358.0
2022-07-29,150.95,154.45,150.45,152.95,11771461.0
2022-08-01,1100.0,1100.0,1100.0,1100.0,50.0
2022-08-01,1230.0,1230.0,1230.0,1230.0,10.0
2022-08-01,1405.99,1405.99,1365.0,1365.0,478.0
2022-08-01,13.2,13.4,13.2,13.22,181245.0
2022-08-01,1314.0,1625.0,1314.0,1320.0,92.0
2022-08-01,1096.02,1096.02,1096.0,1096.0,157.0
2022-08-01,152.9,157.7,151.0,156.5,14221965.0
2022-08-01,1265.1,1265.1,1265.0,1265.0,910.0
2022-08-01,1090.0,1090.0,1090.0,1090.0,1.0
2022-08-02,1265.0,1265.0,1265.0,1265.0,168.0
2022-08-02,157.1,160.1,156.55,159.55,18278835.0
2022-08-02,1115.0,1124.0,1105.01,1124.0,208.0
2022-08-02,1180.0,1180.0,1159.41,1174.85,100.0
2022-08-02,13.2,13.32,13.2,13.26,168471.0
2022-08-02,1365.3,1365.5,1360.0,1360.0,263.0
2022-08-02,1584.0,1584.0,1584.0,1584.0,5.0
2022-08-03,1360.1,1364.1,1360.0,1364.0,292.0
2022-08-03,13.25,13.33,13.25,13.26,15473.0
2022-08-03,160.05,160.95,157.2,159.65,10147608.0
2022-08-03,1270.0,1270.0,1265.1,1265.1,64.0
2022-08-04,1360.05,1360.05,1359.99,1360.0,130.0
2022-08-04,13.26,13.34,13.25,13.26,21483.0
2022-08-04,159.7,160.5,153.05,154.7,15754128.0
2022-08-04,1269.99,1269.99,1265.1,1267.0,14.0
2022-08-04,1310.0,1380.0,1310.0,1380.0,11.0
2022-08-05,1269.89,1269.89,1267.0,1269.79,27.0
2022-08-05,1380.0,1380.0,1380.0,1380.0,2.0
2022-08-05,1198.0,1198.0,1198.0,1198.0,2.0
2022-08-05,154.4,157.15,153.0,155.6,33864055.0
2022-08-05,13.26,13.3,13.2,13.24,29283.0
2022-08-05,1119.99,1119.99,1119.99,1119.99,15.0
2022-08-05,1219.0,1219.0,1219.0,1219.0,50.0
2022-08-05,1361.01,1361.01,1360.0,1360.0,80.0
2022-08-05,1250.0,1250.0,1250.0,1250.0,100.0
2022-08-08,1134.95,1134.95,1095.0,1101.0,300.0
2022-08-08,1399.0,1399.0,1358.95,1358.96,286.0
2022-08-08,13.1,13.29,13.1,13.24,229333.0
2022-08-08,155.6,155.6,155.6,155.6,5341070.0
2022-08-08,1105.5,1105.5,1105.5,1105.5,314.0
2022-08-08,155.5,160.0,154.95,159.4,16964235.0
2022-08-08,1270.0,1274.94,1270.0,1270.0,745.0
2022-08-10,1796.98,1796.98,1396.98,1396.98,6.0
2022-08-10,1270.0,1272.79,1270.0,1271.0,269.0
2022-08-10,156.9,157.15,155.0,155.75,14055597.0
2022-08-10,1105.5,1110.1,1100.5,1103.03,622.0
2022-08-10,13.25,13.39,13.25,13.29,19984.0
2022-08-10,1369.0,1369.0,1359.0,1359.0,479.0
2022-08-10,1160.0,1170.0,1160.0,1170.0,156.0
2022-08-11,1119.79,1119.79,1101.0,1101.0,214.0
2022-08-11,1351.31,1360.0,1351.3,1353.0,132.0
2022-08-11,13.27,13.3,13.27,13.29,18035.0
2022-08-11,1880.0,1880.0,1865.0,1865.0,198.0
2022-08-11,1103.0,1110.0,1103.0,1108.0,21.0
2022-08-11,156.2,156.85,152.85,153.65,15810624.0
2022-08-11,1271.0,1271.0,1252.01,1252.01,45.0
2022-08-12,1250.0,1250.0,1250.0,1250.0,1.0
2022-08-12,1672.0,1672.0,1672.0,1672.0,6.0
2022-08-12,153.7,159.0,152.6,158.5,17998843.0
2022-08-12,1093.5,1093.5,1093.5,1093.5,10.0
2022-08-12,13.2,13.34,13.2,13.26,91124.0
2022-08-12,1353.05,1356.3,1353.05,1354.14,700.0
2022-08-12,1101.0,1101.0,1101.0,1101.0,100.0
2022-08-12,1492.0,1492.0,1492.0,1492.0,20.0
2022-08-16,1298.0,1298.0,1298.0,1298.0,1.0
2022-08-16,159.0,159.8,156.95,158.75,8309725.0
2022-08-16,1105.0,1110.0,1105.0,1110.0,80.0
2022-08-16,1170.0,1199.99,1170.0,1199.99,183.0
2022-08-16,13.26,13.35,13.25,13.27,63594.0
2022-08-16,1368.9,1368.9,1360.0,1360.0,133.0
2022-08-16,1250.0,1250.0,1200.42,1200.42,101.0
2022-08-16,1215.0,1215.0,1215.0,1215.0,65.0
2022-08-17,1100.0,1100.0,1100.0,1100.0,100.0
2022-08-17,1200.0,1220.0,1200.0,1219.44,668.0
2022-08-17,1359.9,1359.9,1359.9,1359.9,50.0
2022-08-17,13.27,13.38,13.26,13.33,309258.0
2022-08-17,159.0,163.65,159.0,161.45,19674110.0
2022-08-18,161.45,162.65,159.9,160.8,9585888.0
2022-08-18,1101.21,1105.01,1101.21,1105.01,108.0
2022-08-18,1360.0,1360.0,1360.0,1360.0,54.0
2022-08-18,13.33,13.35,13.25,13.31,42785.0
2022-08-18,1215.0,1456.0,1215.0,1456.0,67.0
2022-08-19,1360.0,1369.0,1360.0,1361.33,874.0
2022-08-19,13.31,13.35,13.25,13.28,248394.0
2022-08-19,1456.0,1456.0,1218.0,1218.0,151.0
2022-08-19,1170.01,1170.01,1170.01,1170.01,47.0
2022-08-19,161.05,161.65,157.15,157.75,9599472.0
2022-08-19,1245.1,1245.1,1245.1,1245.1,1.0
2022-08-22,1250.0,1250.0,1249.0,1249.0,42.0
2022-08-22,1099.0,1099.0,1099.0,1099.0,125.0
2022-08-22,1360.0,1360.0,1360.0,1360.0,20.0
2022-08-22,13.29,13.36,13.21,13.25,136140.0
2022-08-22,1171.01,1219.0,1171.01,1219.0,5.0
2022-08-22,157.3,158.95,156.0,156.5,11400211.0
2022-08-22,1234.5,1234.5,1234.5,1234.5,1.0
2022-08-23,1379.0,1379.0,1379.0,1379.0,2.0
2022-08-23,156.45,159.2,155.65,158.65,14362373.0
2022-08-23,1247.0,1247.0,1247.0,1247.0,16.0
2022-08-23,1185.0,1185.0,1185.0,1185.0,9.0
2022-08-23,1094.16,1094.16,1094.16,1094.16,68.0
2022-08-23,1218.0,1218.0,1218.0,1218.0,45.0
2022-08-23,1102.5,1105.61,1102.5,1105.61,63.0
2022-08-23,13.26,13.35,13.25,13.26,37506.0
2022-08-24,1240.0,1240.0,1240.0,1240.0,175.0
2022-08-24,1359.0,1362.0,1352.11,1358.0,1830.0
2022-08-24,13.26,14.5,13.26,13.29,22661.0
2022-08-24,1458.0,1458.0,1458.0,1458.0,80.0
2022-08-24,1107.97,1107.97,1107.97,1107.97,3.0
2022-08-24,1183.0,1183.05,1183.0,1183.01,197.0
2022-08-24,158.9,163.0,158.0,160.8,20602844.0
2022-08-24,1337.6,1337.6,1337.6,1337.6,5.0
2022-08-25,161.35,161.95,158.45,158.9,12889454.0
2022-08-25,1360.0,1362.0,1360.0,1361.0,783.0
2022-08-25,13.27,13.33,13.27,13.28,36242.0
2022-08-25,1458.0,1458.0,1458.0,1458.0,1.0
2022-08-26,1135.0,1311.0,1135.0,1309.5,770.0
2022-08-26,1260.0,1270.0,1260.0,1270.0,300.0
2022-08-26,13.28,13.35,13.28,13.28,29810.0
2022-08-26,1361.0,1361.0,1361.0,1361.0,297.0
2022-08-26,159.0,164.7,158.9,163.4,30724938.0
2022-08-29,1097.5,1097.5,1097.5,1097.5,10.0
2022-08-29,1389.99,1389.99,1368.0,1368.0,101.0
2022-08-29,13.28,13.35,13.28,13.3,21668.0
2022-08-29,1250.0,1300.0,1250.0,1300.0,15.0
2022-08-29,1173.21,1173.86,1173.21,1173.86,150.0
2022-08-29,161.8,163.4,160.7,160.95,10928330.0
2022-08-29,1271.0,1271.0,1268.0,1268.0,87.0
2022-08-29,1305.0,1305.0,1305.0,1305.0,2.0
2022-08-30,161.8,165.45,161.55,164.0,24663153.0
2022-08-30,1299.0,1299.9,1275.0,1298.0,69.0
2022-08-30,1105.38,1110.11,1105.38,1110.11,98.0
2022-08-30,1219.0,1219.0,1219.0,1219.0,185.0
2022-08-30,13.32,13.35,13.31,13.33,43354.0
2022-08-30,1375.0,1375.0,1375.0,1375.0,197.0
2022-08-30,1241.0,1241.0,1240.0,1240.0,101.0
2022-08-30,1218.0,1221.0,1218.0,1221.0,26.0
2022-09-01,1095.1,1100.0,1095.1,1100.0,145.0
2022-09-01,1400.0,1400.0,1400.0,1400.0,2.0
2022-09-01,13.17,13.4,13.15,13.39,29056.0
2022-09-01,161.5,164.25,160.3,160.7,14554158.0
2022-09-01,1305.0,1305.0,1305.0,1305.0,1.0
2022-09-02,1096.05,1096.05,1095.99,1095.99,145.0
2022-09-02,13.39,13.45,13.38,13.38,29516.0
2022-09-02,163.0,166.4,161.25,161.8,25106698.0
2022-09-02,1251.86,1269.99,1251.86,1269.99,314.0
2022-09-02,1097.5,1097.5,1097.5,1097.5,1.0
2022-09-05,1256.3,1256.3,1256.25,1256.25,2.0
2022-09-05,162.6,165.1,162.2,164.5,15226001.0
2022-09-05,1112.31,1112.31,1112.31,1112.31,1.0
2022-09-05,13.38,13.49,13.36,13.36,227444.0
2022-09-05,1399.0,1399.0,1399.0,1399.0,300.0
2022-09-05,1221.0,1221.0,1221.0,1221.0,5.0
2022-09-06,165.8,168.85,164.8,168.45,27866331.0
2022-09-06,1112.21,1112.21,1112.21,1112.21,1.0
2022-09-06,1290.0,1290.0,1290.0,1290.0,7.0
2022-09-06,1398.0,1398.0,1372.71,1390.0,11.0
2022-09-06,1128.79,1128.79,1128.79,1128.79,1.0
2022-09-06,13.36,13.49,13.36,13.42,46615.0
2022-09-07,1098.01,1098.01,1098.01,1098.01,2.0
2022-09-07,1413.0,1413.0,1373.01,1373.51,12.0
2022-09-07,13.36,14.0,13.36,13.44,52466.0
2022-09-07,1372.0,1372.0,1167.1,1167.1,10.0
2022-09-07,1464.0,1464.0,1226.0,1226.0,101.0
2022-09-07,168.5,170.15,166.65,167.3,19415892.0
2022-09-08,1219.0,1219.0,1219.0,1219.0,4.0
2022-09-08,168.0,169.2,165.95,166.8,11595205.0
2022-09-08,1234.5,1315.0,1097.1,1110.1,201.0
2022-09-08,1221.0,1221.0,1221.0,1221.0,41.0
2022-09-08,1119.7,1119.79,1119.7,1119.79,101.0
2022-09-08,13.4,13.47,13.4,13.45,63912.0
2022-09-09,1414.0,1414.0,1414.0,1414.0,4.0
2022-09-09,13.45,13.5,13.37,13.47,22411.0
2022-09-09,167.65,169.35,165.95,166.6,16415150.0
2022-09-09,1110.2,1110.2,1110.2,1110.2,1.0
2022-09-09,1498.0,1498.0,1226.0,1253.1,72.0
2022-09-12,1390.0,1390.0,1363.0,1365.5,30.0
2022-09-12,13.47,13.5,13.42,13.46,26889.0
2022-09-12,1464.0,1464.0,1464.0,1464.0,40.0
2022-09-12,1112.1,1112.1,1112.1,1112.1,1.0
2022-09-12,167.45,168.1,165.5,166.4,15469466.0
2022-09-12,1098.1,1098.1,1098.1,1098.1,20.0
2022-09-13,166.95,168.95,165.65,167.4,15644741.0
2022-09-13,1275.0,1275.0,1275.0,1275.0,61.0
2022-09-13,1371.0,1371.0,1371.0,1371.0,5.0
2022-09-13,13.35,13.5,13.21,13.39,839480.0
2022-09-14,1320.0,1320.0,1320.0,1320.0,1.0
2022-09-14,1275.0,1289.0,1275.0,1289.0,509.0
2022-09-14,165.0,173.05,165.0,172.35,38751148.0
2022-09-14,13.0,13.48,13.0,13.44,47105.0
2022-09-14,1221.0,1221.0,1221.0,1221.0,40.0
2022-09-14,1106.03,1110.21,1106.03,1110.21,6.0
2022-09-15,1400.0,1400.0,1400.0,1400.0,10.0
2022-09-15,13.42,13.44,13.36,13.39,19887.0
2022-09-15,1223.0,1223.0,1223.0,1223.0,21.0
2022-09-15,174.4,176.15,172.65,175.1,29483891.0
2022-09-15,1288.79,1288.79,1288.79,1288.79,10.0
2022-09-15,1321.0,1322.0,1321.0,1322.0,2.0
2022-09-15,1115.0,1115.0,1115.0,1115.0,100.0
2022-09-16,1575.0,1575.0,1311.0,1311.0,2.0
2022-09-16,173.95,174.7,171.3,172.8,26126152.0
2022-09-16,1220.0,1275.0,1220.0,1265.0,130.0
2022-09-16,1112.41,1112.41,1112.41,1112.41,15.0
2022-09-16,1400.0,1400.0,1370.01,1370.01,178.0
2022-09-16,13.38,13.45,13.37,13.4,15826.0
2022-09-19,1119.99,1119.99,1119.5,1119.5,205.0
2022-09-19,13.4,13.5,13.39,13.4,23517.0
2022-09-19,1106.25,1112.0,1106.25,1112.0,2.0
2022-09-19,173.5,174.1,170.55,171.0,13304030.0
2022-09-20,1119.36,1119.5,1097.0,1097.9,33.0
2022-09-20,1240.0,1240.0,1240.0,1240.0,2.0
2022-09-20,1397.9,1397.9,1397.9,1397.9,2.0
2022-09-20,13.4,13.45,13.37,13.39,20549.0
2022-09-20,1062.4,1090.0,1050.0,1064.0,200.0
2022-09-20,1168.8,1168.8,1168.8,1168.8,50.0
2022-09-20,171.9,173.15,170.9,171.9,15395199.0
2022-09-21,171.0,172.05,168.15,168.6,7370283.0
2022-09-21,1108.61,1108.61,1108.61,1108.61,4.0
2022-09-21,1393.0,1469.99,1393.0,1469.99,50.0
2022-09-21,13.39,13.4,13.34,13.37,41314.0
2022-09-22,1097.9,1097.9,1097.9,1097.9,1.0
2022-09-22,13.31,13.45,13.31,13.35,1094708.0
2022-09-22,1054.0,1054.0,1054.0,1054.0,300.0
2022-09-22,1116.81,1116.81,1116.81,1116.81,157.0
2022-09-22,1195.11,1195.11,1188.0,1188.0,15.0
2022-09-22,167.0,169.65,166.85,168.65,7447846.0
2022-09-23,167.15,168.5,162.65,163.95,12264388.0
2022-09-23,1188.0,1249.0,1188.0,1230.25,253.0
2022-09-23,13.31,13.38,13.31,13.37,25864.0
2022-09-23,1050.0,1062.0,1050.0,1062.0,189.0
2022-09-23,1149.0,1149.0,1149.0,1149.0,25.0
2022-09-26,162.45,163.85,156.6,158.6,21951865.0
2022-09-26,1120.36,1120.36,1120.36,1120.36,32.0
2022-09-26,1067.99,1067.99,1067.99,1067.99,2.0
2022-09-26,1160.0,1160.0,1160.0,1160.0,10.0
2022-09-26,1357.1,1357.1,1357.1,1357.1,10.0
2022-09-26,1277.2,1277.2,1231.0,1231.0,96.0
2022-09-26,13.29,13.37,13.26,13.29,22024.0
2022-09-26,1093.61,1093.61,1093.61,1093.61,20.0
2022-09-27,1232.05,1232.05,1231.0,1231.0,134.0
2022-09-27,1414.0,1414.0,1414.0,1414.0,1.0
2022-09-27,13.29,13.35,13.26,13.29,18275.0
2022-09-27,1067.99,1067.99,1067.99,1067.99,12.0
2022-09-27,1210.0,1210.0,1208.99,1208.99,344.0
2022-09-27,159.4,161.65,157.5,159.0,8367800.0
2022-09-27,1216.0,1216.0,1215.0,1216.0,328.0
2022-09-28,1232.0,1232.0,1232.0,1232.0,110.0
2022-09-28,13.25,13.31,13.25,13.3,11567.0
2022-09-28,157.8,159.45,155.0,157.95,14261815.0
2022-09-29,1311.0,1311.0,1311.0,1311.0,2.0
2022-09-29,13.3,13.45,13.27,13.29,13927.0
2022-09-29,158.75,161.7,158.0,159.55,17623352.0
2022-09-29,1093.75,1093.75,1093.75,1093.75,3.0
2022-09-29,1362.11,1362.11,1362.11,1362.11,21.0
2022-09-30,1128.39,1128.39,1128.39,1128.39,66.0
2022-09-30,1412.0,1412.0,1411.99,1411.99,2.0
2022-09-30,13.25,13.46,13.25,13.29,173306.0
2022-09-30,1060.0,1060.0,1055.0,1058.45,78.0
2022-09-30,1195.0,1195.0,1195.0,1195.0,1.0
2022-09-30,160.0,161.55,157.4,159.65,12015533.0
2022-10-03,1403.0,1403.0,1403.0,1403.0,6.0
2022-10-03,13.29,13.44,13.29,13.32,13484.0
2022-10-03,159.65,159.65,159.65,159.65,5100625.0
2022-10-03,1055.0,1055.0,1055.0,1055.0,21.0
2022-10-03,159.85,164.1,158.95,160.35,10528629.0
2022-10-04,161.95,164.0,161.35,162.55,9013773.0
2022-10-04,1350.0,1350.0,1350.0,1350.0,1.0
2022-10-04,1051.0,1051.0,1050.0,1050.0,135.0
2022-10-04,13.3,13.45,13.29,13.41,68060.0
2022-10-04,1414.0,1414.0,1414.0,1414.0,2.0
2022-10-04,1127.0,1127.0,1105.0,1117.0,465.0
2022-10-06,164.25,165.1,162.4,162.9,6456408.0
2022-10-06,1195.0,1197.0,1195.0,1197.0,169.0
2022-10-06,1050.0,1050.0,1050.0,1050.0,157.0
2022-10-06,1370.0,1435.0,1370.0,1435.0,24.0
2022-10-06,13.45,13.45,13.31,13.37,13171.0
2022-10-06,1117.0,1117.0,1116.99,1116.99,336.0
2022-10-06,1103.1,1103.1,1103.1,1103.1,125.0
2022-10-07,1100.0,1116.8,1100.0,1116.8,163.0
2022-10-07,1399.9,1399.9,1398.8,1398.8,24.0
2022-10-07,13.37,13.41,13.31,13.37,32715.0
2022-10-07,1059.99,1059.99,1045.01,1045.01,128.0
2022-10-07,1205.0,1205.0,1205.0,1205.0,6.0
2022-10-07,163.1,164.85,161.35,164.3,8825983.0
2022-10-10,1444.0,1444.0,1215.0,1220.0,7.0
2022-10-10,1306.65,1306.65,1306.65,1306.65,1.0
2022-10-10,162.7,165.6,161.85,163.95,10484521.0
2022-10-10,1116.8,1116.8,1090.75,1115.89,329.0
2022-10-10,1399.0,1399.0,1399.0,1399.0,4.0
2022-10-10,13.4,13.4,13.31,13.35,18994.0
2022-10-11,1115.89,1115.89,1115.0,1115.0,383.0
2022-10-11,1249.59,1249.59,1241.0,1241.0,357.0
2022-10-11,13.35,13.45,13.31,13.31,22822.0
2022-10-11,1158.0,1158.0,1158.0,1158.0,30.0
2022-10-11,1205.0,1205.0,1205.0,1205.0,30.0
2022-10-11,164.4,164.4,160.3,161.05,13805741.0
2022-10-11,1395.0,1395.0,1395.0,1395.0,1.0
2022-10-12,1196.0,1196.0,1196.0,1196.0,156.0
2022-10-12,161.9,165.3,161.15,165.0,12496248.0
2022-10-12,1364.61,1364.61,1364.61,1364.61,10000.0
2022-10-12,1050.0,1050.0,1050.0,1050.0,206.0
2022-10-12,1381.1,1395.0,1376.0,1386.17,157.0
2022-10-12,13.4,13.4,13.29,13.3,15308.0
2022-10-12,1120.0,1120.0,1120.0,1120.0,70.0
2022-10-13,1120.0,1120.0,1119.99,1119.99,190.0
2022-10-13,1242.0,1250.0,1242.0,1250.0,435.0
2022-10-13,13.28,13.4,13.28,13.28,28722.0
2022-10-13,1050.0,1050.0,1047.01,1047.01,100.0
2022-10-13,1201.0,1220.0,1192.0,1220.0,166.0
2022-10-13,164.85,166.8,164.25,164.75,9447511.0
2022-10-14,1120.0,1125.0,1120.0,1120.0,331.0
2022-10-14,13.3,13.4,13.24,13.29,60931.0
2022-10-14,1059.99,1059.99,1059.99,1059.99,24.0
2022-10-14,1205.0,1213.99,1205.0,1205.0,114.0
2022-10-14,166.25,167.5,164.85,165.1,9588164.0
2022-10-17,13.21,13.39,13.21,13.3,53729.0
2022-10-17,165.1,169.05,164.0,168.45,13426449.0
2022-10-17,1210.0,1211.0,1210.0,1211.0,54.0
2022-10-17,1386.17,1386.17,1385.0,1385.0,2.0
2022-10-17,1125.0,1125.0,1102.51,1110.0,5.0
2022-10-18,1107.0,1107.0,1107.0,1107.0,14.0
2022-10-18,1414.0,1414.0,1390.0,1390.0,7.0
2022-10-18,13.21,13.35,13.21,13.3,10747.0
2022-10-18,1388.0,1388.0,1388.0,1388.0,30.0
2022-10-18,1215.0,1215.0,1215.0,1215.0,30.0
2022-10-18,168.95,169.45,166.4,166.95,20635735.0
2022-10-19,1130.0,1130.0,1130.0,1130.0,10.0
2022-10-19,13.3,13.39,13.3,13.32,41009.0
2022-10-19,1660.0,1660.0,1660.0,1660.0,60.0
2022-10-19,166.5,168.1,163.85,164.05,6947654.0
2022-10-19,1440.0,1440.0,1320.0,1320.0,9.0
2022-10-20,164.0,167.9,161.5,166.95,12020720.0
2022-10-20,1221.0,1229.0,1221.0,1229.0,50.0
2022-10-20,1124.9,1124.9,1124.9,1124.9,22.0
2022-10-20,13.35,13.35,13.28,13.3,7539.0
2022-10-21,1124.7,1124.7,1124.7,1124.7,130.0
2022-10-21,1260.0,1260.0,1235.19,1235.78,800.0
2022-10-21,13.33,13.35,13.27,13.34,11513.0
2022-10-21,1229.0,1235.0,1229.0,1235.0,50.0
2022-10-21,167.5,168.45,164.5,165.05,7414335.0
2022-10-21,1295.0,1295.0,1290.0,1290.0,7.0
2022-10-24,13.34,13.35,13.27,13.29,8776.0
2022-10-24,1060.0,1062.0,1060.0,1062.0,200.0
2022-10-24,166.95,167.95,166.25,166.95,685185.0
2022-10-25,1120.11,1120.11,1120.11,1120.11,8.0
2022-10-25,166.95,166.95,166.95,166.95,3317292.0
2022-10-25,167.45,169.7,165.45,169.35,8131380.0
2022-10-25,1410.4,1410.4,1401.0,1401.0,165.0
2022-10-25,1124.69,1139.95,1124.69,1139.95,180.0
2022-10-25,13.33,13.38,13.28,13.33,24192.0
2022-10-27,169.9,171.5,167.55,170.65,16225577.0
2022-10-27,1190.0,1190.0,1190.0,1190.0,100.0
2022-10-27,1049.01,1049.01,1048.24,1048.24,78.0
2022-10-27,1102.94,1219.4,1102.94,1219.4,101.0
2022-10-27,13.1,13.34,13.1,13.32,18370.0
2022-10-27,1412.99,1412.99,1408.0,1408.0,2.0
2022-10-27,1302.0,1302.0,1088.0,1088.0,150.0
2022-10-28,1130.0,1136.0,1130.0,1136.0,40.0
2022-10-28,13.32,13.38,13.28,13.3,46630.0
2022-10-28,1221.0,1221.0,1221.0,1221.0,39.0
2022-10-28,170.65,174.7,169.9,174.05,16185760.0
2022-10-28,1229.99,1229.99,1229.99,1229.99,1.0
2022-10-28,1350.0,1350.0,1265.0,1265.0,10.0
2022-10-31,1050.01,1050.01,1050.01,1050.01,2.0
2022-10-31,169.9,174.0,169.05,173.1,24233760.0
2022-10-31,1379.0,1379.0,1379.0,1379.0,1.0
2022-10-31,13.36,13.39,13.31,13.35,14933.0
2022-10-31,1120.0,1120.0,1120.0,1120.0,25.0
2022-10-31,1408.99,1408.99,1400.0,1400.0,2.0
2022-11-01,1116.0,1116.0,1116.0,1116.0,21.0
2022-11-01,1251.0,1255.99,1251.0,1255.6,252.0
2022-11-01,1407.99,1407.99,1389.0,1389.0,254.0
2022-11-01,13.33,13.38,13.3,13.33,48227.0
2022-11-01,1050.01,1053.0,1050.01,1053.0,59.0
2022-11-01,1221.0,1221.0,1221.0,1221.0,50.0
2022-11-01,174.0,182.95,173.5,181.8,41101936.0
2022-11-02,1350.0,1350.0,1350.0,1350.0,1.0
2022-11-02,181.9,182.7,180.0,180.95,22146420.0
2022-11-02,1221.0,1221.0,1206.1,1206.1,78.0
2022-11-02,1255.0,1256.0,1254.95,1256.0,555.0
2022-11-02,1410.0,1410.0,1385.0,1385.0,101.0
2022-11-02,1120.0,1120.0,1120.0,1120.0,1.0
2022-11-02,13.28,13.37,13.28,13.33,93056.0
2022-11-03,1062.0,1099.9,1062.0,1099.9,11.0
2022-11-03,179.35,181.85,177.25,178.15,16719953.0
2022-11-03,180.95,180.95,180.95,180.95,6165950.0
2022-11-03,1401.0,1401.0,1401.0,1401.0,100.0
2022-11-03,1110.11,1110.11,1110.1,1110.1,374.0
2022-11-03,13.33,13.4,13.3,13.35,45920.0
2022-11-04,1265.0,1265.0,1265.0,1265.0,240.0
2022-11-04,1400.01,1415.0,1400.01,1414.95,113.0
2022-11-04,13.35,13.38,13.31,13.33,31052.0
2022-11-04,1020.3,1020.3,1020.3,1020.3,100.0
2022-11-04,1150.0,1150.0,1150.0,1150.0,28.0
2022-11-04,179.05,179.5,176.35,176.95,14881752.0
2022-11-04,1320.0,1320.0,1320.0,1320.0,1.0
2022-11-04,1450.0,1450.0,1450.0,1450.0,1.0
2022-11-07,177.85,179.5,174.85,175.85,12799401.0
2022-11-07,1280.0,1280.0,1280.0,1280.0,3.0
2022-11-07,1608.0,1608.0,1608.0,1608.0,28.0
2022-11-07,13.35,13.59,13.33,13.38,38266.0
2022-11-07,1429.9,1430.5,1402.01,1402.01,5.0
2022-11-07,1265.0,1265.0,1265.0,1265.0,100.0
2022-11-09,1265.0,1265.0,1265.0,1265.0,220.0
2022-11-09,1390.35,1410.0,1390.0,1395.2,1751.0
2022-11-09,13.38,13.5,13.3,13.43,47601.0
2022-11-09,1042.1,1097.99,1042.1,1097.94,105.0
2022-11-09,1215.0,1215.0,1215.0,1215.0,31.0
2022-11-09,177.75,177.75,172.25,173.4,14929008.0
2022-11-09,1280.0,1280.0,1280.0,1280.0,1.0
2022-11-10,1265.0,1265.0,1265.0,1265.0,100.0
2022-11-10,1390.0,1400.0,1390.0,1394.53,3443.0
2022-11-10,13.43,13.43,13.34,13.35,28162.0
2022-11-10,1215.0,1220.0,1207.0,1214.72,232.0
2022-11-10,173.5,174.2,170.55,172.1,10668583.0
2022-11-11,173.0,173.6,169.65,171.45,16963169.0
2022-11-11,1220.0,1220.0,1220.0,1220.0,75.0
2022-11-11,1392.9,1392.9,1382.1,1383.81,115.0
2022-11-11,13.38,13.45,13.38,13.38,32834.0
2022-11-11,1050.25,1051.2,1050.25,1051.2,27.0
2022-11-14,1265.0,1265.0,1265.0,1265.0,100.0
2022-11-14,1385.1,1423.49,1385.0,1410.28,3461.0
2022-11-14,13.38,13.5,13.3,13.36,28812.0
2022-11-14,171.45,171.45,171.45,171.45,6165950.0
2022-11-14,1051.21,1051.21,1051.21,1051.21,62.0
2022-11-14,1150.0,1150.0,1150.0,1150.0,50.0
2022-11-14,172.35,173.4,171.1,171.45,10224241.0
2022-11-14,1093.0,1113.9,1072.0,1111.0,1055.0
2022-11-15,172.3,174.15,171.4,172.1,13899999.0
2022-11-15,1322.0,1322.0,1322.0,1322.0,1.0
2022-11-15,1109.01,1109.01,1109.01,1109.01,157.0
2022-11-15,1411.0,1423.0,1396.55,1421.63,1042.0
2022-11-15,13.2,13.39,13.2,13.34,17717.0
2022-11-15,1265.0,1267.0,1265.0,1267.0,150.0
2022-11-15,1076.39,1077.0,1076.0,1077.0,239.0
2022-11-16,1267.0,1275.0,1267.0,1275.0,90.0
2022-11-16,1404.1,1425.0,1404.1,1404.16,34.0
2022-11-16,13.34,13.4,13.34,13.37,70249.0
2022-11-16,1109.1,1123.0,1109.1,1116.1,3.0
2022-11-16,1221.0,1221.0,1221.0,1221.0,1.0
2022-11-16,172.1,172.95,169.15,169.95,9781274.0
2022-11-17,1113.01,1113.01,1113.01,1113.01,150.0
2022-11-17,1397.0,1400.0,1397.0,1400.0,149.0
2022-11-17,13.33,13.4,13.33,13.36,21434.0
2022-11-17,1050.01,1050.01,1050.01,1050.01,31.0
2022-11-17,169.95,170.8,167.5,168.3,12778124.0
2022-11-17,1230.0,1230.0,1230.0,1230.0,75.0
2022-11-18,168.55,169.05,165.1,165.85,11134908.0
2022-11-18,13.35,13.4,13.35,13.36,19739.0
2022-11-18,1403.0,1409.0,1400.11,1408.85,797.0
2022-11-18,1275.0,1275.0,1275.0,1275.0,100.0
2022-11-18,1121.0,1124.0,1116.0,1116.0,434.0
2022-11-21,1126.0,1126.0,1126.0,1126.0,100.0
2022-11-21,1275.0,1275.0,1275.0,1275.0,100.0
2022-11-21,1425.0,1425.0,1401.51,1417.17,3.0
2022-11-21,13.35,13.41,13.35,13.37,28207.0
2022-11-21,165.0,166.2,164.15,164.4,12788632.0
2022-11-21,1240.0,1300.0,1240.0,1300.0,32.0
2022-11-22,1420.0,1420.0,1408.0,1408.0,272.0
2022-11-22,13.35,13.4,13.34,13.36,34945.0
2022-11-22,1077.0,1077.0,1076.0,1076.0,150.0
2022-11-22,165.25,167.5,164.85,167.05,15198091.0
2022-11-22,1204.0,1225.0,1202.0,1205.91,905.0
2022-11-23,167.85,168.25,166.25,168.05,12004998.0
2022-11-23,13.36,13.4,13.33,13.35,16908.0
2022-11-23,1201.0,1205.0,1201.0,1205.0,109.0
2022-11-23,1419.0,1419.0,1397.0,1410.0,27.0
2022-11-23,1129.7,1129.7,1129.7,1129.7,85.0
2022-11-24,1127.0,1127.0,1125.0,1126.0,650.0
2022-11-24,1410.0,1410.0,1410.0,1410.0,9.0
2022-11-24,13.35,13.38,13.33,13.37,24505.0
2022-11-24,1220.0,1220.0,1220.0,1220.0,150.0
2022-11-24,168.7,170.0,167.6,169.5,10986350.0
2022-11-25,13.33,13.41,13.31,13.36,101898.0
2022-11-25,1115.01,1138.0,1115.01,1138.0,188.0
2022-11-25,1220.0,1220.0,1220.0,1220.0,50.0
2022-11-25,170.25,171.25,168.6,169.75,12358833.0
2022-11-25,1290.0,1290.0,1290.0,1290.0,1.0
2022-11-28,1059.0,1059.0,1057.1,1057.1,50.0
2022-11-28,13.35,13.4,13.33,13.35,144571.0
2022-11-28,170.0,171.9,169.4,170.4,5471921.0
2022-11-28,1119.0,1119.0,1119.0,1119.0,49.0
2022-11-28,1425.0,1425.0,1402.82,1402.82,3.0
2022-11-29,1111.0,1117.0,1111.0,1113.53,107.0
2022-11-29,1425.0,1425.0,1403.51,1410.0,277.0
2022-11-29,13.32,13.38,13.31,13.35,33491.0
2022-11-29,1058.0,1058.0,1058.0,1058.0,1.0
2022-11-29,1240.0,1240.0,1240.0,1240.0,100.0
2022-11-29,171.0,171.6,169.05,170.15,7693168.0
2022-11-30,1155.25,1155.25,1155.25,1155.25,50.0
2022-11-30,170.1,172.85,169.75,172.2,9133076.0
2022-11-30,1058.0,1058.0,1058.0,1058.0,157.0
2022-11-30,1273.0,1273.0,1273.0,1273.0,1.0
2022-11-30,13.35,13.4,13.35,13.39,16449.0
2022-11-30,1349.89,1349.89,1325.0,1325.0,222.0
2022-11-30,1135.5,1135.5,1135.5,1135.5,50.0
2022-12-01,1240.0,1240.0,1240.0,1240.0,1.0
2022-12-01,173.5,173.65,170.85,172.2,9214914.0
2022-12-01,1111.0,1111.0,1111.0,1111.0,100.0
2022-12-01,1133.0,1140.0,1133.0,1140.0,6.0
2022-12-01,1316.0,1324.0,1315.5,1315.5,10.0
2022-12-01,13.37,13.45,13.36,13.43,74191.0
2022-12-01,1024.01,1089.99,1024.01,1043.08,684.0
2022-12-02,1039.89,1039.89,1024.0,1028.1,58.0
2022-12-02,1325.0,1325.0,1320.0,1320.0,19.0
2022-12-02,13.35,13.44,13.35,13.43,36728.0
2022-12-02,1200.0,1220.0,1200.0,1220.0,21.0
2022-12-02,172.4,172.85,171.15,172.15,6376672.0
2022-12-02,1200.0,1200.0,1200.0,1200.0,1.0
2022-12-05,1200.0,1200.0,1158.0,1158.0,153.0
2022-12-05,173.05,175.65,171.4,175.15,9861212.0
2022-12-05,1785.0,1785.0,1785.0,1785.0,32.0
2022-12-05,1327.0,1327.0,1327.0,1327.0,120.0
2022-12-05,13.37,13.43,13.35,13.41,21825.0
2022-12-05,1028.5,1047.39,1028.5,1030.63,221.0
2022-12-05,1138.0,1138.0,1138.0,1138.0,50.0
2022-12-06,1025.2,1025.3,1025.2,1025.3,4.0
2022-12-06,1469.9,1469.9,1469.9,1469.9,20.0
2022-12-06,175.6,176.0,173.85,175.2,7008295.0
2022-12-06,13.4,13.44,13.38,13.43,90520.0
2022-12-06,1318.1,1321.01,1271.0,1321.01,353.0
2022-12-06,1035.0,1036.05,1035.0,1036.01,300.0
2022-12-06,1150.0,1152.0,1150.0,1152.0,250.0
2022-12-07,1035.0,1035.0,1035.0,1035.0,65.0
2022-12-07,1327.99,1330.0,1325.99,1330.0,981.0
2022-12-07,13.41,13.49,13.41,13.44,24305.0
2022-12-07,1266.99,1266.99,1266.99,1266.99,73.0
2022-12-07,174.1,175.0,171.3,171.85,7718718.0
2022-12-08,1036.0,1036.0,1035.0,1035.0,135.0
2022-12-08,13.47,13.47,13.43,13.45,27949.0
2022-12-08,171.85,172.45,170.0,170.35,4225180.0
2022-12-08,1269.6,1355.0,1269.6,1355.0,2.0
2022-12-09,171.2,171.75,168.0,169.5,6174919.0
2022-12-09,1375.0,1375.0,1200.0,1200.0,2.0
2022-12-09,13.45,13.49,13.44,13.45,27695.0
2022-12-09,1345.0,1345.0,1332.0,1332.0,5.0
2022-12-09,1040.0,1040.0,1018.1,1030.0,170.0
2022-12-09,1057.83,1057.83,1057.53,1057.53,78.0
2022-12-12,1039.0,1039.0,1039.0,1039.0,9.0
2022-12-12,1333.0,1333.0,1313.0,1315.0,236.0
2022-12-12,13.41,13.54,13.41,13.5,58486.0
2022-12-12,1222.0,1222.05,1220.0,1220.0,671.0
2022-12-12,170.0,170.0,167.55,168.9,7153044.0
2022-12-12,1200.0,1200.0,1200.0,1200.0,100.0
2022-12-13,1024.2,1024.2,1024.2,1024.2,30.0
2022-12-13,1171.0,1171.0,1171.0,1171.0,3.0
2022-12-13,169.75,170.0,168.05,169.2,5166993.0
2022-12-13,1320.0,1320.0,1301.0,1309.99,734.0
2022-12-13,13.38,13.54,13.38,13.48,30505.0
2022-12-13,1210.0,1210.0,1210.0,1210.0,55.0
2022-12-14,1025.7,1025.7,1025.7,1025.7,24.0
2022-12-14,1200.0,1200.0,1172.0,1172.0,95.0
2022-12-14,169.95,173.7,169.45,171.6,8562333.0
2022-12-14,13.48,13.54,13.45,13.52,28527.0
2022-12-14,1058.0,1058.0,1057.0,1057.0,63.0
2022-12-14,1309.99,1309.99,1300.0,1300.28,395.0
2022-12-14,1207.0,1207.0,1207.0,1207.0,408.0
2022-12-15,172.0,174.05,171.7,172.1,10644546.0
2022-12-15,1028.5,1028.5,1028.0,1028.25,100.0
2022-12-15,1297.0,1297.0,1297.0,1297.0,25.0
2022-12-15,13.52,13.53,13.45,13.5,610915.0
2022-12-15,1500.0,1500.0,1428.0,1430.2,14.0
2022-12-15,1268.9,1269.0,1211.0,1248.0,103.0
2022-12-15,1173.0,1173.0,1173.0,1173.0,6.0
2022-12-16,1058.0,1058.0,1058.0,1058.0,47.0
2022-12-16,1269.0,1269.0,1200.1,1220.0,6.0
2022-12-16,171.9,173.1,169.05,169.8,9433166.0
2022-12-16,1297.1,1303.0,1297.1,1303.0,99.0
2022-12-16,1153.11,1158.01,1153.11,1158.01,78.0
2022-12-16,13.5,13.54,13.42,13.47,12172.0
2022-12-16,1048.99,1048.99,1032.0,1037.94,820.0
2022-12-19,1021.21,1039.99,1021.21,1038.99,770.0
2022-12-19,1306.0,1306.0,1306.0,1306.0,50.0
2022-12-19,13.47,13.51,13.46,13.47,11497.0
2022-12-19,1202.0,1202.0,1202.0,1202.0,1.0
2022-12-19,169.8,172.25,169.5,171.8,7706855.0
2022-12-20,1200.0,1200.0,1200.0,1200.0,4.0
2022-12-20,171.15,171.45,168.55,169.75,7387632.0
2022-12-20,1215.8,1219.0,1215.8,1219.0,163.0
2022-12-20,1058.0,1058.0,1058.0,1058.0,60.0
2022-12-20,1310.0,1310.0,1310.0,1310.0,69.0
2022-12-20,13.47,13.54,13.47,13.52,6909.0
2022-12-20,1180.0,1187.0,1180.0,1185.0,478.0
2022-12-20,1038.0,1038.0,1025.0,1025.0,251.0
2022-12-20,1206.0,1206.0,1206.0,1206.0,34.0
2022-12-21,170.0,171.05,166.6,167.95,8454254.0
2022-12-21,13.52,13.53,13.41,13.47,15282.0
2022-12-21,1048.99,1048.99,1048.99,1048.99,3.0
2022-12-21,1185.0,1189.8,1185.0,1188.99,175.0
2022-12-21,1310.0,1310.0,1285.0,1289.16,1459.0
2022-12-22,1040.0,1040.0,1040.0,1040.0,106.0
2022-12-22,1186.0,1186.0,1184.0,1185.0,527.0
2022-12-22,1289.16,1298.0,1289.16,1290.08,108.0
2022-12-22,13.47,13.55,13.47,13.53,48999.0
2022-12-22,1152.0,1152.0,1152.0,1152.0,50.0
2022-12-22,1210.0,1210.0,1210.0,1210.0,80.0
2022-12-22,168.5,168.65,164.55,165.9,6979001.0
2022-12-22,1159.0,1159.0,1159.0,1159.0,1.0
2022-12-23,13.53,13.53,13.41,13.49,56231.0
2022-12-23,1188.1,1188.1,1188.1,1188.1,1.0
2022-12-23,164.3,166.35,162.35,163.0,5313321.0
2022-12-23,1290.0,1290.0,1284.49,1286.1,1362.0
2022-12-23,1026.0,1038.79,1024.06,1038.79,571.0
2022-12-23,1184.0,1184.0,1184.0,1184.0,50.0
2022-12-26,1027.0,1035.0,1027.0,1035.0,254.0
2022-12-26,1287.55,1288.0,1283.0,1283.0,145.0
2022-12-26,13.49,13.54,13.45,13.49,14654.0
2022-12-26,1420.0,1420.0,1420.0,1420.0,25.0
2022-12-26,1057.0,1057.0,1057.0,1057.0,1.0
2022-12-26,162.0,167.75,161.9,165.65,8321609.0
2022-12-26,1172.0,1172.0,1172.0,1172.0,1.0
2022-12-27,1182.0,1182.0,1181.0,1181.0,140.0
2022-12-27,1293.9,1293.9,1284.0,1284.5,123.0
2022-12-27,13.5,13.55,13.5,13.53,11354.0
2022-12-27,167.0,168.2,164.55,165.2,9244387.0
2022-12-28,165.0,167.6,164.8,165.85,9652984.0
2022-12-28,1139.0,1144.0,1138.5,1138.5,314.0
2022-12-28,1058.0,1058.0,1046.1,1055.61,150.0
2022-12-28,13.53,13.55,13.5,13.52,9709.0
2022-12-28,1181.0,1181.0,1181.0,1181.0,65.0
2022-12-28,1029.61,1029.61,1022.21,1022.21,1000.0
2022-12-28,1701.0,1701.0,1203.1,1203.1,19.0
2022-12-29,1035.0,1035.0,1035.0,1035.0,50.0
2022-12-29,1284.3,1288.0,1284.3,1285.01,1545.0
2022-12-29,13.52,13.6,13.49,13.5,70964.0
2022-12-29,1139.0,1145.0,1139.0,1142.0,242.0
2022-12-29,1442.0,1442.0,1440.0,1440.0,85.0
2022-12-29,1068.0,1068.0,1056.0,1056.0,257.0
2022-12-29,1210.0,1210.0,1210.0,1210.0,25.0
2022-12-29,165.0,167.4,164.0,166.75,19571340.0
2022-12-30,166.75,167.8,166.0,166.45,8626291.0
2022-12-30,1270.0,1270.0,1210.0,1210.0,17.0
2022-12-30,1142.0,1364.8,1142.0,1237.81,208.0
2022-12-30,1057.0,1057.0,1056.1,1056.1,78.0
2022-12-30,1293.0,1293.0,1292.9,1293.0,471.0
2022-12-30,13.5,13.53,13.46,13.49,86719.0
2022-12-30,1153.25,1181.0,1153.25,1181.0,200.0
2023-01-02,13.49,13.53,13.42,13.52,22631.0
2023-01-02,1068.0,1068.0,1068.0,1068.0,50.0
2023-01-02,167.05,168.55,166.4,168.0,7322962.0
2023-01-02,1025.2,1025.2,1025.2,1025.2,4.0
2023-01-02,1035.0,1035.0,1026.0,1030.82,636.0
2023-01-02,1183.0,1183.0,1183.0,1183.0,121.0
2023-01-02,1299.0,1299.0,1291.5,1291.5,61.0
2023-01-03,1183.0,1183.0,1183.0,1183.0,130.0
2023-01-03,1030.0,1034.0,1026.7,1029.94,1690.0
2023-01-03,1326.0,1326.0,1326.0,1326.0,1.0
2023-01-03,13.52,13.55,13.49,13.51,25500.0
2023-01-03,1585.0,1585.0,1585.0,1585.0,60.0
2023-01-03,168.0,169.2,166.8,167.6,9629995.0
2023-01-04,1163.0,1163.0,1163.0,1163.0,95.0
2023-01-04,1189.0,1189.0,1181.0,1181.0,53.0
2023-01-04,1044.0,1044.0,1043.99,1043.99,103.0
2023-01-04,1210.0,1210.0,1206.0,1206.73,226.0
2023-01-04,1364.8,1364.8,1364.8,1364.8,1.0
2023-01-04,1875.0,1875.0,1875.0,1875.0,20.0
2023-01-04,13.5,13.59,13.5,13.53,9435.0
2023-01-04,167.85,168.5,164.7,166.6,11995082.0
2023-01-05,13.51,13.55,13.5,13.51,16003.0
2023-01-05,168.0,170.35,167.15,169.9,18887530.0
2023-01-05,1141.5,1145.0,1141.5,1145.0,62.0
2023-01-05,1077.9,1077.9,1077.9,1077.9,53.0
2023-01-05,1326.0,1326.0,1326.0,1326.0,304.0
2023-01-05,1027.0,1034.99,1026.8,1034.99,500.0
2023-01-05,1183.0,1183.0,1181.0,1181.0,376.0
2023-01-06,1181.0,1181.0,1181.0,1181.0,200.0
2023-01-06,1290.05,1290.05,1290.05,1290.05,26.0
2023-01-06,1030.0,1039.84,1030.0,1037.85,245.0
2023-01-06,1076.78,1076.78,1076.78,1076.78,275.0
2023-01-06,170.45,172.15,168.55,169.0,13216749.0
2023-01-06,13.54,13.54,13.48,13.49,6518.0
2023-01-09,13.51,13.52,13.5,13.5,13656.0
2023-01-09,170.25,171.0,169.45,170.4,6012344.0
2023-01-09,1222.0,1222.0,1222.0,1222.0,18.0
2023-01-09,1040.0,1040.0,1040.0,1040.0,10.0
2023-01-09,1180.0,1180.0,1180.0,1180.0,89.0
2023-01-09,1322.0,1322.0,1322.0,1322.0,1.0
2023-01-10,13.54,13.6,13.5,13.52,44782.0
2023-01-10,170.4,170.7,167.15,167.95,7557693.0
2023-01-10,1208.0,1208.0,1205.11,1205.11,157.0
2023-01-10,1035.0,1040.0,1035.0,1035.0,486.0
2023-01-11,168.45,168.8,165.5,166.05,8463293.0
2023-01-11,1034.0,1034.0,1034.0,1034.0,350.0
2023-01-11,13.52,13.6,13.52,13.53,12659.0
2023-01-12,13.54,13.55,13.52,13.53,38634.0
2023-01-12,1045.51,1045.51,1045.41,1045.47,157.0
2023-01-12,166.9,167.2,165.55,165.95,7628932.0
2023-01-12,1205.11,1207.0,1205.11,1207.0,123.0
2023-01-12,1310.0,1310.0,1310.0,1310.0,3.0
2023-01-12,1036.0,1036.0,1034.0,1035.05,168.0
2023-01-12,1180.0,1180.0,1180.0,1180.0,50.0
2023-01-13,13.53,13.59,13.53,13.58,23184.0
2023-01-13,1500.0,1710.0,1500.0,1500.0,47.0
2023-01-13,166.2,168.15,165.5,167.8,5090393.0
2023-01-13,1030.0,1039.39,1030.0,1039.39,396.0
2023-01-13,1180.0,1180.51,1180.0,1180.5,625.0
2023-01-13,1330.0,1330.0,1330.0,1330.0,5.0
2023-01-16,1310.0,1310.0,1310.0,1310.0,10.0
2023-01-16,1182.0,1182.0,1182.0,1182.0,67.0
2023-01-16,1163.0,1163.0,1163.0,1163.0,1404.0
2023-01-16,1207.0,1207.0,1207.0,1207.0,10.0
2023-01-16,168.65,168.65,164.65,165.95,10321015.0
2023-01-16,13.47,13.58,13.21,13.55,14315.0
2023-01-17,13.55,13.61,13.4,13.59,174279.0
2023-01-17,1035.1,1035.1,1035.1,1035.1,10.0
2023-01-17,166.6,168.2,165.8,167.7,13015434.0
2023-01-17,1151.0,1151.0,1151.0,1151.0,28.0
2023-01-17,1035.0,1035.0,1034.0,1034.0,572.0
2023-01-18,1325.0,1325.0,1314.0,1319.99,348.0
2023-01-18,1034.0,1038.0,1034.0,1038.0,375.0
2023-01-18,1207.0,1215.0,1207.0,1215.0,205.0
2023-01-18,13.59,13.64,13.55,13.59,93088.0
2023-01-18,1053.01,1053.01,1053.01,1053.01,10.0
2023-01-18,167.5,169.7,167.1,169.45,5536057.0
2023-01-19,1184.0,1184.0,1184.0,1184.0,75.0
2023-01-19,1320.0,1320.0,1315.0,1317.62,528.0
2023-01-19,1033.1,1033.1,1033.1,1033.1,5.0
2023-01-19,13.57,13.64,13.52,13.56,39504.0
2023-01-19,170.4,170.4,167.3,168.7,6812613.0
2023-01-19,1215.8,1215.8,1215.8,1215.8,25.0
2023-01-20,13.5,13.64,13.5,13.56,43096.0
2023-01-20,1500.0,1500.0,1500.0,1500.0,1.0
2023-01-20,1065.0,1065.0,1065.0,1065.0,50.0
2023-01-20,169.9,169.9,167.65,168.7,8545359.0
2023-01-20,1228.79,1229.0,1228.79,1228.98,550.0
2023-01-20,1329.0,1329.0,1320.0,1320.0,9.0
2023-01-23,1239.99,1239.99,1239.99,1239.99,14.0
2023-01-23,1189.0,1189.0,1160.0,1160.0,109.0
2023-01-23,1151.0,1151.0,1151.0,1151.0,78.0
2023-01-23,1033.0,1039.0,1033.0,1033.5,437.0
2023-01-23,1057.03,1057.03,1057.01,1057.01,156.0
2023-01-23,13.56,13.59,13.54,13.57,26562.0
2023-01-23,169.4,169.5,166.0,166.85,7787735.0
2023-01-24,1328.0,1333.5,1319.0,1328.89,283.0
2023-01-24,1160.0,1181.0,1160.0,1180.0,200.0
2023-01-24,1033.5,1033.99,1033.5,1033.99,168.0
2023-01-24,13.57,13.61,13.56,13.57,49927.0
2023-01-24,167.2,167.55,165.4,166.05,7033092.0
2023-01-24,1057.5,1060.0,1057.5,1060.0,189.0
2023-01-24,1225.3,1239.8,1225.3,1235.96,400.0
2023-01-25,13.58,13.64,13.58,13.58,14626.0
2023-01-25,166.0,166.6,164.4,165.9,9257370.0
2023-01-25,1034.2,1034.2,1034.2,1034.2,156.0
2023-01-27,13.58,13.59,13.4,13.55,60853.0
2023-01-27,166.25,167.05,164.0,166.3,13756671.0
2023-01-27,1151.0,1151.0,1138.0,1138.0,500.0
2023-01-27,1035.1,1035.1,1035.1,1035.1,35.0
2023-01-27,1180.0,1185.0,1180.0,1185.0,131.0
2023-01-27,1323.0,1323.0,1305.0,1323.0,887.0
2023-01-30,1185.0,1185.0,1185.0,1185.0,75.0
2023-01-30,1036.1,1037.0,1036.1,1037.0,300.0
2023-01-30,167.6,172.25,167.1,168.85,30768122.0
2023-01-30,13.55,13.6,13.5,13.57,27540.0
2023-01-31,13.55,13.6,13.53,13.59,29855.0
2023-01-31,1060.0,1060.0,1060.0,1060.0,1.0
2023-01-31,169.85,172.65,167.35,171.15,24990701.0
2023-01-31,1285.0,1288.0,1285.0,1288.0,156.0
2023-01-31,1185.0,1185.0,1185.0,1185.0,1.0
2023-02-01,1185.0,1185.0,1185.0,1185.0,85.0
2023-02-01,13.56,13.59,13.56,13.59,11924.0
2023-02-01,1080.0,1080.0,1080.0,1080.0,20.0
2023-02-01,172.25,173.8,167.2,170.0,13878016.0
2023-02-01,1215.5,1215.5,1215.5,1215.5,31.0
2023-02-01,1323.0,1323.0,1323.0,1323.0,50.0
2023-02-02,170.0,170.85,165.5,166.9,19898080.0
2023-02-02,13.59,13.6,13.52,13.52,15788.0
2023-02-03,1185.0,1185.0,1185.0,1185.0,100.0
2023-02-03,1218.0,1230.0,1218.0,1230.0,88.0
2023-02-03,13.52,13.59,13.52,13.56,26042.0
2023-02-03,164.5,166.45,162.55,165.55,11730514.0
2023-02-06,13.56,13.63,13.46,13.58,17875.0
2023-02-06,1060.0,1060.0,1060.0,1060.0,100.0
2023-02-06,164.5,166.85,164.05,166.05,7588936.0
2023-02-06,1299.0,1329.0,1299.0,1329.0,507.0
2023-02-07,13.5,13.64,13.5,13.59,162072.0
2023-02-07,166.5,167.7,164.3,165.25,8699758.0
2023-02-07,1316.0,1317.0,1316.0,1316.0,386.0
2023-02-08,13.51,13.64,13.51,13.6,19519.0
2023-02-08,1056.1,1076.99,1056.0,1056.51,202.0
2023-02-08,165.6,165.75,164.1,165.5,8839686.0
2023-02-08,1200.0,1200.0,1200.0,1200.0,1.0
2023-02-08,1180.0,1180.0,1180.0,1180.0,100.0
2023-02-09,1038.0,1038.0,1038.0,1038.0,156.0
2023-02-09,1230.0,1230.0,1230.0,1230.0,30.0
2023-02-09,13.58,13.65,13.58,13.59,55613.0
2023-02-09,165.95,166.65,164.65,166.0,5507650.0
2023-02-10,13.55,13.59,13.55,13.58,10989.0
2023-02-10,165.1,165.8,164.1,165.0,9468345.0
2023-02-10,1304.0,1305.0,1294.0,1294.77,381.0
2023-02-13,13.56,13.59,13.56,13.58,9058.0
2023-02-13,165.1,168.2,164.8,167.85,9829152.0
2023-02-13,1146.0,1146.1,1146.0,1146.1,188.0
2023-02-13,1168.0,1168.0,1168.0,1168.0,12.0
2023-02-13,1050.0,1050.0,1038.0,1038.0,801.0
2023-02-13,1180.0,1180.0,1168.29,1176.99,950.0
2023-02-13,1310.0,1310.0,1310.0,1310.0,1.0
2023-02-14,1220.01,1224.0,1220.01,1221.56,78.0
2023-02-14,1311.7,1311.7,1297.1,1297.33,147.0
2023-02-14,1155.0,1155.0,1155.0,1155.0,20.0
2023-02-14,1170.0,1170.0,1170.0,1170.0,1100.0
2023-02-14,1056.8,1075.0,1056.8,1075.0,4.0
2023-02-14,168.5,168.5,164.85,166.05,12916373.0
2023-02-14,13.6,13.6,13.58,13.59,12193.0
2023-02-14,1040.0,1040.0,1038.0,1039.35,74.0
2023-02-15,13.6,13.6,13.58,13.59,53254.0
2023-02-15,166.0,166.5,164.2,165.8,11855678.0
2023-02-15,1150.0,1150.0,1150.0,1150.0,16.0
2023-02-16,13.59,13.62,13.59,13.6,126621.0
2023-02-16,166.0,167.7,165.6,167.4,7923121.0
2023-02-16,1169.0,1169.0,1169.0,1169.0,4.0
2023-02-16,1040.0,1040.0,1040.0,1040.0,100.0
2023-02-17,13.59,13.62,13.59,13.61,37789.0
2023-02-17,167.0,169.65,166.45,168.05,10182025.0
2023-02-17,1216.0,1216.0,1216.0,1216.0,2.0
2023-02-17,1040.0,1040.0,1040.0,1040.0,556.0
2023-02-17,1303.0,1303.0,1300.0,1301.42,35.0
2023-02-20,1169.0,1169.0,1169.0,1169.0,2.0
2023-02-20,1040.0,1040.0,1040.0,1040.0,34.0
2023-02-20,1249.0,1250.0,1220.0,1220.0,63.0
2023-02-20,167.7,170.0,167.25,167.9,6679716.0
2023-02-20,1070.0,1070.0,1070.0,1070.0,200.0
2023-02-20,13.61,13.65,13.56,13.57,19432.0
2023-02-20,1700.0,1700.0,1700.0,1700.0,34.0
2023-02-21,13.57,13.63,13.56,13.59,25299.0
2023-02-21,1067.0,1067.0,1067.0,1067.0,25.0
2023-02-21,169.05,174.25,169.05,173.25,26883881.0
2023-02-21,1220.0,1220.0,1220.0,1220.0,8.0
2023-02-22,13.59,13.64,13.52,13.59,8094.0
2023-02-22,172.95,173.2,168.5,170.5,12225021.0
2023-02-22,1146.0,1146.0,1146.0,1146.0,123.0
2023-02-22,1235.0,1235.0,1235.0,1235.0,50.0
2023-02-22,1169.0,1169.0,1169.0,1169.0,1.0
2023-02-22,1040.0,1040.0,1037.0,1037.0,100.0
2023-02-22,1300.33,1300.33,1300.0,1300.0,173.0
2023-02-23,1031.0,1031.0,1030.5,1030.5,966.0
2023-02-23,1298.0,1298.0,1298.0,1298.0,10.0
2023-02-23,170.95,171.65,169.0,169.6,11184381.0
2023-02-23,13.57,13.64,13.55,13.59,687080.0
2023-02-24,13.58,13.64,13.58,13.62,14737.0
2023-02-24,170.25,171.2,169.4,171.0,8338893.0
2023-02-24,1221.0,1221.0,1221.0,1221.0,157.0
2023-02-24,1246.5,1246.5,1246.5,1246.5,2.0
2023-02-24,1030.5,1047.95,1030.5,1047.95,60.0
2023-02-24,1169.0,1169.0,1169.0,1169.0,11.0
2023-02-24,1297.0,1297.0,1297.0,1297.0,30.0
2023-02-27,1296.0,1296.0,1296.0,1296.0,120.0
2023-02-27,1047.7,1047.7,1047.7,1047.7,40.0
2023-02-27,1171.5,1175.0,1171.5,1175.0,60.0
2023-02-27,13.55,13.66,13.55,13.61,65236.0
2023-02-27,171.15,173.5,170.5,172.4,17669762.0
2023-02-27,1070.0,1070.01,1070.0,1070.01,258.0
2023-02-27,1221.0,1221.0,1221.0,1221.0,31.0
2023-02-28,1270.0,1280.0,1270.0,1280.0,205.0
2023-02-28,1296.0,1309.0,1296.0,1297.0,219.0
2023-02-28,172.8,173.0,169.85,170.5,19044910.0
2023-02-28,1075.0,1075.0,1075.0,1075.0,20.0
2023-02-28,2025.0,2025.0,1361.13,1361.13,65.0
2023-02-28,13.62,13.64,13.61,13.63,51683.0
2023-02-28,1057.97,1075.0,1057.97,1075.0,5.0
2023-03-01,13.64,13.65,13.62,13.63,22296.0
2023-03-01,1528.94,1528.94,1528.94,1528.94,1.0
2023-03-01,1070.0,1070.0,1070.0,1070.0,1.0
2023-03-01,170.95,173.05,169.95,172.25,9318790.0
2023-03-01,1218.0,1218.0,1218.0,1218.0,63.0
2023-03-01,1046.94,1046.94,1046.94,1046.94,1.0
2023-03-01,1296.9,1297.0,1291.0,1294.24,1362.0
2023-03-02,1280.0,1280.0,1280.0,1280.0,100.0
2023-03-02,1291.1,1295.0,1290.0,1294.47,1039.0
2023-03-02,1180.0,1180.0,1180.0,1180.0,45.0
2023-03-02,1218.1,1218.1,1215.0,1215.0,156.0
2023-03-02,172.2,172.2,170.25,170.8,7725981.0
2023-03-02,1070.0,1075.0,1070.0,1075.0,80.0
2023-03-02,13.61,13.65,13.61,13.63,27015.0
2023-03-02,1031.15,1031.15,1031.15,1031.15,200.0
2023-03-03,13.65,13.65,13.55,13.62,26091.0
2023-03-03,1671.99,1671.99,1671.99,1671.99,1.0
2023-03-03,172.0,175.0,171.5,172.6,12962719.0
2023-03-03,1213.15,1230.0,1213.15,1214.0,29.0
2023-03-03,1280.0,1280.0,1280.0,1280.0,120.0
2023-03-03,1165.01,1165.01,1165.01,1165.01,1.0
2023-03-03,1295.5,1304.5,1294.6,1304.35,360.0
2023-03-06,1044.99,1045.0,1044.99,1045.0,480.0
2023-03-06,1300.0,1300.0,1300.0,1300.0,1.0
2023-03-06,172.9,177.5,172.7,176.8,12402804.0
2023-03-06,1337.59,1640.0,1337.59,1640.0,13.0
2023-03-06,13.62,13.65,13.56,13.59,58312.0
2023-03-08,13.59,13.65,13.21,13.59,336240.0
2023-03-08,175.7,179.15,175.45,178.85,22099710.0
2023-03-08,1044.0,1044.0,1043.5,1044.0,370.0
2023-03-08,1310.0,1310.0,1300.0,1300.0,145.0
2023-03-09,12.3,12.99,10.14,10.16,4876979.0
2023-03-09,1029.1,1029.1,1029.1,1029.1,30.0
2023-03-09,178.4,182.2,178.0,179.45,18874546.0
2023-03-09,1218.0,1218.0,1213.0,1214.0,167.0
2023-03-09,1030.4,1040.0,1030.4,1038.16,765.0
2023-03-09,1295.0,1297.99,1292.5,1292.5,550.0
2023-03-10,1083.0,1083.0,1075.0,1083.0,104.0
2023-03-10,178.0,181.0,177.8,180.75,12399692.0
2023-03-10,10.28,10.28,10.13,10.16,1778857.0
2023-03-10,1292.5,1292.5,1285.1,1288.49,1130.0
2023-03-13,1289.0,1290.0,1286.5,1289.99,367.0
2023-03-13,1035.0,1039.6,1030.2,1036.0,3670.0
2023-03-13,1214.0,1214.0,1210.15,1210.26,118.0
2023-03-13,1120.1,1120.21,1120.1,1120.21,83.0
2023-03-13,10.23,10.23,10.16,10.19,438661.0
2023-03-13,181.3,181.55,179.45,179.7,13669178.0
2023-03-14,10.19,10.2,10.16,10.19,837319.0
2023-03-14,1312.0,1312.0,1312.0,1312.0,5.0
2023-03-14,1071.06,1071.06,1071.06,1071.06,1.0
2023-03-14,178.65,181.0,177.2,177.9,9217542.0
2023-03-14,1210.15,1215.0,1210.0,1215.0,314.0
2023-03-14,1036.08,1040.0,1036.08,1040.0,460.0
2023-03-14,1290.0,1290.0,1286.6,1290.0,130.0
2023-03-15,10.19,10.23,10.16,10.18,693355.0
2023-03-15,1174.1,1174.1,1174.1,1174.1,15.0
2023-03-15,1083.0,1083.0,1083.0,1083.0,8.0
2023-03-15,179.45,179.55,177.75,178.2,8548173.0
2023-03-15,1216.0,1240.0,1216.0,1240.0,3.0
2023-03-15,1038.05,1038.05,1038.05,1038.05,280.0
2023-03-16,1161.61,1161.61,1161.61,1161.61,1.0
2023-03-16,1031.15,1031.15,1031.15,1031.15,9.0
2023-03-16,178.2,180.0,176.95,179.6,9405016.0
2023-03-16,1212.0,1212.0,1212.0,1212.0,157.0
2023-03-16,1200.0,1200.0,1200.0,1200.0,28.0
2023-03-16,10.18,10.24,10.15,10.23,764558.0
2023-03-16,1057.1,1070.0,1057.1,1070.0,64.0
2023-03-17,10.25,10.48,10.24,10.31,1184211.0
2023-03-17,181.7,181.7,175.9,176.95,47276890.0
2023-03-17,1290.6,1290.6,1290.6,1290.6,1.0
2023-03-20,1210.01,1210.01,1210.01,1210.01,100.0
2023-03-20,10.25,10.45,10.17,10.31,499497.0
2023-03-20,1070.0,1070.0,1070.0,1070.0,446.0
2023-03-20,177.55,177.55,174.95,176.0,5627841.0
2023-03-20,1033.31,1044.99,1033.31,1039.17,200.0
2023-03-20,1293.3,1294.0,1293.0,1293.8,105.0
2023-03-21,10.35,10.38,10.23,10.3,661173.0
2023-03-21,1057.0,1057.0,1057.0,1057.0,1.0
2023-03-21,176.85,177.55,175.3,177.1,12894327.0
2023-03-21,1294.01,1295.0,1294.0,1295.0,175.0
2023-03-22,1210.01,1219.0,1210.0,1215.0,194.0
2023-03-22,1295.01,1295.01,1294.0,1294.0,340.0
2023-03-22,177.8,177.8,173.8,174.35,7893205.0
2023-03-22,10.31,10.49,10.25,10.33,951872.0
2023-03-22,1200.0,1200.0,1200.0,1200.0,2.0
2023-03-22,1070.0,1070.0,1070.0,1070.0,112.0
2023-03-23,10.33,10.35,10.29,10.31,269867.0
2023-03-23,174.05,175.85,173.7,174.6,5759884.0
2023-03-23,1294.0,1295.5,1294.0,1295.33,35.0
2023-03-24,10.31,10.32,10.28,10.3,430976.0
2023-03-24,175.2,175.2,172.35,172.7,4977283.0
2023-03-24,1291.0,1291.0,1286.0,1290.0,610.0
2023-03-27,10.4,10.4,10.27,10.28,471958.0
2023-03-27,172.65,173.95,170.7,171.25,12077986.0
2023-03-27,1268.0,1275.0,1268.0,1268.1,20.0
2023-03-27,1033.41,1034.7,1033.41,1034.7,253.0
2023-03-28,1289.0,1296.5,1288.5,1291.94,2331.0
2023-03-28,1053.0,1053.0,1053.0,1053.0,20.0
2023-03-28,1215.0,1218.0,1208.52,1218.0,157.0
2023-03-28,10.3,10.32,10.27,10.28,341660.0
2023-03-28,171.35,173.0,170.5,172.0,8750986.0
2023-03-29,10.28,10.31,10.28,10.28,159082.0
2023-03-29,1194.1,1194.5,1194.0,1194.5,2231.0
2023-03-29,1070.0,1080.0,1058.0,1080.0,102.0
2023-03-29,172.65,175.4,171.7,174.0,20272070.0
2023-03-29,1218.0,1218.0,1215.0,1215.0,20.0
2023-03-29,1292.0,1294.01,1292.0,1293.33,130.0
2023-03-31,10.31,10.45,10.28,10.3,362082.0
2023-03-31,1099.7,1099.7,1099.7,1099.7,60.0
2023-03-31,174.8,177.25,174.6,175.1,8125121.0
2023-03-31,1225.0,1225.0,1224.0,1224.13,480.0
2023-04-03,1224.0,1230.0,1224.0,1230.0,194.0
2023-04-03,1293.0,1300.0,1292.0,1293.37,416.0
2023-04-03,175.6,178.1,175.45,177.8,9098662.0
2023-04-03,1138.0,1138.0,1138.0,1138.0,6.0
2023-04-03,1065.01,1065.01,1065.01,1065.01,1.0
2023-04-03,10.28,10.37,10.28,10.29,102553.0
2023-04-05,1298.89,1300.0,1298.89,1299.92,522.0
2023-04-05,1048.7,1048.7,1035.1,1035.1,670.0
2023-04-05,1300.0,1300.0,1300.0,1300.0,1.0
2023-04-05,1180.0,1180.0,1180.0,1180.0,40.0
2023-04-05,178.3,178.3,175.15,175.9,10829323.0
2023-04-05,1072.0,1072.0,1072.0,1072.0,30.0
2023-04-05,10.23,10.32,10.22,10.27,50152.0
2023-04-05,1230.0,1230.0,1230.0,1230.0,20.0
2023-04-06,10.26,10.29,10.25,10.28,105984.0
2023-04-06,176.4,176.6,174.85,175.2,7159274.0
2023-04-06,1215.0,1216.1,1202.0,1210.0,517.0
2023-04-06,1037.01,1037.01,1037.01,1037.01,9.0
2023-04-06,1297.1,1297.1,1296.0,1296.79,210.0
2023-04-10,1037.61,1037.61,1037.55,1037.55,300.0
2023-04-10,1220.0,1220.0,1220.0,1220.0,50.0
2023-04-10,1250.0,1250.0,1250.0,1250.0,2.0
2023-04-10,10.25,10.3,10.2,10.23,178762.0
2023-04-10,175.85,178.0,175.2,177.6,10968456.0
2023-04-11,10.26,10.28,10.23,10.23,130510.0
2023-04-11,1057.0,1060.0,1057.0,1060.0,3806.0
2023-04-11,178.1,179.75,176.55,178.1,9208605.0
2023-04-11,1044.6,1045.0,1044.6,1045.0,333.0
2023-04-11,1296.0,1299.0,1295.01,1295.01,211.0
2023-04-12,10.3,10.32,10.24,10.3,236001.0
2023-04-12,178.0,178.3,175.3,175.8,7591360.0
2023-04-12,1052.14,1052.14,1052.14,1052.14,28.0
2023-04-12,1038.4,1045.0,1038.4,1045.0,1300.0
2023-04-12,1295.0,1296.0,1291.0,1294.55,1084.0
2023-04-13,1045.0,1045.0,1045.0,1045.0,166.0
2023-04-13,1294.0,1294.49,1291.0,1291.75,662.0
2023-04-13,1289.0,1289.0,1289.0,1289.0,1.0
2023-04-13,176.0,176.1,172.3,173.05,9944382.0
2023-04-13,1073.0,1073.0,1073.0,1073.0,20.0
2023-04-13,10.3,10.37,10.28,10.35,572742.0
2023-04-13,1220.0,1220.0,1220.0,1220.0,40.0
2023-04-17,10.4,10.45,10.35,10.35,186664.0
2023-04-17,1073.0,1073.0,1073.0,1073.0,78.0
2023-04-17,172.35,173.95,169.25,169.6,17401126.0
2023-04-17,1294.0,1295.0,1294.0,1294.0,265.0
2023-04-18,170.0,170.75,169.0,170.1,16199789.0
2023-04-18,10.0,10.38,10.0,10.36,23429.0
2023-04-18,1225.0,1225.0,1220.11,1220.11,110.0
2023-04-18,1280.0,1280.0,1280.0,1280.0,11.0
2023-04-18,1294.0,1294.0,1293.98,1293.99,411.0
2023-04-19,1280.0,1280.0,1280.0,1280.0,387.0
2023-04-19,1210.21,1210.21,1210.21,1210.21,1.0
2023-04-19,1294.0,1295.0,1293.0,1294.09,583.0
2023-04-19,1049.79,1049.79,1048.0,1048.0,680.0
2023-04-19,1289.0,1289.0,1289.0,1289.0,1.0
2023-04-19,1062.51,1073.0,1062.51,1070.0,329.0
2023-04-19,168.75,169.95,166.8,167.1,16314641.0
2023-04-19,10.36,10.38,10.3,10.31,82707.0
2023-04-19,1030.0,1030.0,1030.0,1030.0,370.0
2023-04-20,1295.0,1295.0,1290.02,1291.63,1506.0
2023-04-20,10.31,10.36,10.3,10.31,63634.0
2023-04-20,1070.01,1083.0,1070.01,1083.0,126.0
2023-04-20,167.1,170.2,166.8,169.7,15498083.0
2023-04-20,1048.5,1048.5,1048.5,1048.5,66.0
2023-04-20,1047.1,1047.1,1045.0,1045.0,500.0
2023-04-21,1290.0,1290.0,1290.0,1290.0,100.0
2023-04-21,1042.0,1042.0,1030.0,1042.0,1690.0
2023-04-21,1051.09,1051.12,1051.09,1051.12,312.0
2023-04-21,1210.0,1210.0,1210.0,1210.0,50.0
2023-04-21,1199.0,1199.0,1199.0,1199.0,78.0
2023-04-21,169.65,169.95,168.4,169.7,6672391.0
2023-04-21,1080.0,1080.0,1080.0,1080.0,100.0
2023-04-21,10.36,10.36,10.29,10.29,118566.0
2023-04-24,10.3,10.35,10.29,10.3,101504.0
2023-04-24,168.5,171.25,168.2,170.95,8088991.0
2023-04-24,1043.0,1043.0,1043.0,1043.0,125.0
2023-04-24,1203.0,1203.0,1203.0,1203.0,119.0
2023-04-24,1048.0,1048.0,1048.0,1048.0,251.0
2023-04-24,1168.11,1168.11,1168.11,1168.11,50.0
2023-04-25,10.3,10.33,10.29,10.3,84813.0
2023-04-25,171.3,172.45,170.35,171.1,9175412.0
2023-04-25,1211.01,1211.01,1211.01,1211.01,35.0
2023-04-25,1046.0,1046.0,1046.0,1046.0,240.0
2023-04-26,1300.1,1300.1,1299.99,1299.99,275.0
2023-04-26,1046.5,1048.0,1046.1,1046.6,2828.0
2023-04-26,1300.0,1300.0,1300.0,1300.0,46.0
2023-04-26,171.1,171.7,169.5,169.85,9032416.0
2023-04-26,10.3,10.35,10.3,10.3,23872.0
2023-04-26,1213.2,1213.2,1213.01,1213.01,156.0
2023-04-27,1300.0,1300.0,1300.0,1300.0,893.0
2023-04-27,10.3,10.34,10.28,10.31,95045.0
2023-04-27,1063.11,1069.0,1063.11,1068.99,219.0
2023-04-27,170.0,171.35,168.8,170.95,9054900.0
2023-04-27,1300.0,1300.0,1300.0,1300.0,100.0
2023-04-27,1046.0,1054.0,1045.1,1046.27,1754.0
2023-04-28,10.3,10.31,10.29,10.3,133721.0
2023-04-28,171.9,172.5,169.6,172.0,21552892.0
2023-04-28,1225.0,1225.0,1220.0,1220.0,501.0
2023-04-28,1168.55,1168.55,1168.55,1168.55,15.0
2023-04-28,1288.0,1288.0,1287.01,1287.25,20.0
2023-05-02,1168.1,1168.1,1168.1,1168.1,50.0
2023-05-02,1292.3,1305.0,1289.31,1300.53,722.0
2023-05-02,1047.0,1048.0,1045.0,1045.0,534.0
2023-05-02,172.65,176.0,172.55,175.6,8893428.0
2023-05-02,10.28,10.33,10.28,10.29,209860.0
2023-05-02,1250.0,1250.0,1250.0,1250.0,1.0
2023-05-03,10.3,10.31,10.28,10.3,159400.0
2023-05-03,175.6,178.65,175.1,176.35,11194149.0
2023-05-03,1230.0,1235.0,1230.0,1234.82,268.0
2023-05-03,1250.0,1250.0,1250.0,1250.0,1.0
2023-05-03,1045.8,1047.1,1045.7,1047.1,947.0
2023-05-03,1305.0,1305.0,1305.0,1305.0,137.0
2023-05-04,1168.61,1168.61,1168.61,1168.61,85.0
2023-05-04,1305.0,1323.14,1301.0,1323.14,632.0
2023-05-04,1240.0,1240.0,1240.0,1240.0,1.0
2023-05-04,1051.0,1053.0,1051.0,1053.0,460.0
2023-05-04,1072.11,1072.11,1072.11,1072.11,1.0
2023-05-04,1055.0,1055.0,1055.0,1055.0,30.0
2023-05-04,10.3,10.31,10.29,10.3,356925.0
2023-05-04,176.45,177.45,174.8,176.35,4671155.0
2023-05-05,10.3,10.33,10.3,10.31,262962.0
2023-05-05,1072.21,1072.21,1072.21,1072.21,8.0
2023-05-05,176.35,176.4,173.0,174.25,5958697.0
2023-05-05,1054.0,1054.0,1050.0,1050.0,452.0
2023-05-05,1321.0,1321.0,1321.0,1321.0,150.0
2023-05-08,1043.0,1045.01,1043.0,1045.01,260.0
2023-05-08,10.31,10.32,10.29,10.3,22447.0
2023-05-08,1145.11,1145.11,1145.11,1145.11,31.0
2023-05-08,174.8,177.55,174.5,177.05,6287186.0
2023-05-08,1300.0,1310.0,1300.0,1310.0,230.0
2023-05-08,1320.0,1320.0,1320.0,1320.0,505.0
2023-05-09,1045.01,1053.0,1045.01,1053.0,810.0
2023-05-09,1315.1,1320.0,1315.0,1320.0,310.0
2023-05-09,177.2,178.65,175.2,176.0,7918748.0
2023-05-09,1310.0,1310.0,1310.0,1310.0,29.0
2023-05-09,1155.0,1155.0,1155.0,1155.0,241.0
2023-05-09,1069.11,1069.11,1069.11,1069.11,78.0
2023-05-09,10.3,10.32,10.3,10.31,86354.0
2023-05-10,10.28,10.33,10.28,10.32,80103.0
2023-05-10,1070.31,1070.31,1070.31,1070.31,157.0
2023-05-10,1160.0,1160.0,1155.0,1158.0,187.0
2023-05-10,176.0,177.35,174.95,177.05,6231734.0
2023-05-10,1225.0,1225.0,1220.0,1220.0,16.0
2023-05-10,1318.0,1318.0,1318.0,1318.0,50.0
2023-05-11,10.33,10.44,10.29,10.31,248794.0
2023-05-11,1250.0,1250.0,1250.0,1250.0,51.0
2023-05-11,1158.39,1158.39,1158.39,1158.39,32.0
2023-05-11,177.6,180.0,176.95,179.55,12125975.0
2023-05-12,179.1,179.25,174.5,174.95,8920297.0
2023-05-12,1040.51,1050.1,1040.51,1050.1,164.0
2023-05-12,10.31,10.33,10.3,10.3,47305.0
2023-05-12,1220.0,1220.0,1143.0,1143.0,40.0
2023-05-15,1315.0,1315.0,1315.0,1315.0,1.0
2023-05-15,1170.15,1170.15,1170.15,1170.15,50.0
2023-05-15,1272.0,1272.5,1272.0,1272.5,90.0
2023-05-15,174.0,176.75,173.85,175.95,7980565.0
2023-05-15,1045.41,1050.99,1045.41,1050.99,500.0
2023-05-15,1249.99,1265.9,1249.99,1265.9,15.0
2023-05-15,1170.0,1170.0,1165.0,1165.0,30.0
2023-05-15,10.3,10.44,10.28,10.31,129093.0
2023-05-15,1070.5,1070.5,1070.5,1070.5,13.0
2023-05-16,10.3,10.35,10.3,10.31,42859.0
2023-05-16,1066.6,1066.6,1066.6,1066.6,16.0
2023-05-16,176.9,178.0,175.5,177.45,7874923.0
2023-05-16,1310.0,1310.0,1308.51,1308.51,251.0
2023-05-17,177.45,177.85,175.05,176.0,6639494.0
2023-05-17,1053.0,1053.0,1053.0,1053.0,200.0
2023-05-17,1148.24,1148.24,1148.24,1148.24,79.0
2023-05-17,1165.0,1165.0,1165.0,1165.0,10.0
2023-05-17,10.28,10.34,10.0,10.31,15043.0
2023-05-18,10.31,10.37,10.29,10.3,112601.0
2023-05-18,177.0,177.7,174.65,175.1,6921939.0
2023-05-18,1240.0,1240.0,1240.0,1240.0,1.0
2023-05-18,1308.2,1311.01,1308.01,1311.01,151.0
2023-05-19,10.27,10.35,10.27,10.31,94326.0
2023-05-19,175.0,175.35,172.95,173.3,6657753.0
2023-05-19,1148.71,1148.71,1148.71,1148.71,78.0
2023-05-19,1230.0,1230.0,1230.0,1230.0,1.0
2023-05-19,1046.0,1046.0,1046.0,1046.0,559.0
2023-05-19,1173.25,1173.25,1173.25,1173.25,50.0
2023-05-19,1311.0,1330.0,1311.0,1330.0,83.0
2023-05-22,1323.0,1324.0,1323.0,1324.0,226.0
2023-05-22,1277.0,1277.0,1216.01,1221.45,347.0
2023-05-22,10.31,10.34,10.27,10.32,85798.0
2023-05-22,173.3,177.05,173.15,174.1,13339834.0
2023-05-23,10.32,10.34,10.26,10.31,30975.0
2023-05-23,174.95,175.65,172.8,174.15,8359389.0
2023-05-23,1230.0,1230.0,1230.0,1230.0,1.0
2023-05-23,1174.15,1174.15,1174.15,1174.15,50.0
2023-05-24,10.32,10.33,10.3,10.32,47652.0
2023-05-24,174.0,175.3,173.45,174.95,8507023.0
2023-05-24,1053.52,1053.52,1052.25,1052.25,145.0
2023-05-25,10.32,10.34,10.31,10.32,24280.0
2023-05-25,1068.1,1068.1,1068.1,1068.1,4.0
2023-05-25,174.95,175.55,173.4,174.5,7986243.0
2023-05-25,1225.0,1225.0,1225.0,1225.0,56.0
2023-05-25,1305.0,1329.0,1305.0,1325.0,138.0
2023-05-26,10.32,10.36,10.29,10.31,15527.0
2023-05-26,175.0,177.25,174.1,174.5,6926193.0
2023-05-29,1325.0,1325.0,1325.0,1325.0,119.0
2023-05-29,1053.99,1054.94,1053.99,1054.94,320.0
2023-05-29,1300.0,1300.0,1300.0,1300.0,842.0
2023-05-29,174.95,177.8,174.8,176.3,9943211.0
2023-05-29,10.25,10.33,10.25,10.3,101574.0
2023-05-29,1225.25,1278.0,1225.25,1278.0,151.0
2023-05-30,1320.0,1320.0,1318.0,1318.0,380.0
2023-05-30,1048.0,1048.5,1048.0,1048.5,370.0
2023-05-30,177.0,178.0,175.6,176.8,9727639.0
2023-05-30,1274.99,1275.0,1274.99,1275.0,90.0
2023-05-30,1068.27,1072.11,1068.27,1072.11,162.0
2023-05-30,1250.0,1256.0,1250.0,1256.0,15.0
2023-05-30,10.3,10.34,10.29,10.3,60917.0
2023-05-30,1149.25,1149.25,1149.25,1149.25,156.0
2023-05-31,10.26,10.33,10.26,10.3,7670.0
2023-05-31,177.0,177.0,171.95,173.85,41785992.0
2023-05-31,1281.0,1281.0,1281.0,1281.0,700.0
2023-05-31,1320.0,1320.0,1320.0,1320.0,120.0
2023-06-01,1048.5,1048.5,1048.5,1048.5,1.0
2023-06-01,1320.0,1320.0,1314.01,1314.01,100.0
2023-06-01,1200.0,1200.0,1175.0,1175.0,2891.0
2023-06-01,10.3,10.34,10.3,10.32,11634.0
2023-06-01,173.6,174.7,171.85,174.4,11602551.0
2023-06-01,1226.0,1226.0,1211.66,1219.65,157.0
2023-06-02,10.3,10.33,10.3,10.31,11584.0
2023-06-02,175.9,175.9,173.4,174.55,7262018.0
2023-06-02,1228.0,1256.9,1224.0,1256.9,190.0
2023-06-02,1052.25,1052.25,1048.0,1049.95,1406.0
2023-06-05,10.31,10.35,10.31,10.31,59192.0
2023-06-05,175.8,176.2,173.55,174.1,12239684.0
2023-06-05,1175.91,1175.91,1175.91,1175.91,5.0
2023-06-05,1174.52,1174.52,1174.52,1174.52,1.0
2023-06-06,1054.0,1054.0,1051.0,1051.0,165.0
2023-06-06,174.5,175.75,173.55,175.4,4889564.0
2023-06-06,1239.0,1244.5,1239.0,1244.39,501.0
2023-06-06,10.31,10.32,10.3,10.32,126105.0
2023-06-06,1071.5,1076.0,1071.5,1076.0,16.0
2023-06-07,10.35,10.35,10.3,10.31,48802.0
2023-06-07,1256.0,1257.0,1256.0,1257.0,15.0
2023-06-07,1076.0,1076.0,1076.0,1076.0,32.0
2023-06-07,175.95,178.0,175.4,177.35,6270083.0
2023-06-07,1055.57,1055.57,1055.4,1055.5,102.0
2023-06-08,10.3,10.33,10.3,10.32,21339.0
2023-06-08,1256.0,1257.0,1256.0,1257.0,15.0
2023-06-08,178.75,184.35,178.1,182.05,27382635.0
2023-06-08,1055.65,1055.65,1054.9,1054.9,30.0
2023-06-08,1189.0,1189.0,1185.0,1188.93,123.0
2023-06-08,1340.0,1340.0,1340.0,1340.0,1.0
2023-06-09,1240.5,1240.5,1236.0,1240.5,60.0
2023-06-09,184.0,184.25,180.55,182.8,10235269.0
2023-06-09,1098.79,1098.79,1080.0,1080.0,156.0
2023-06-09,10.39,10.39,10.31,10.34,32236.0
2023-06-12,10.0,10.36,10.0,10.35,17556.0
2023-06-12,1086.5,1086.5,1086.5,1086.5,2.0
2023-06-12,1080.0,1080.0,1080.0,1080.0,1.0
2023-06-12,182.8,186.45,182.65,185.7,17450400.0
2023-06-13,10.33,10.45,10.32,10.33,30697.0
2023-06-13,1076.0,1076.0,1076.0,1076.0,16.0
2023-06-13,186.0,186.65,185.0,185.35,8332566.0
2023-06-13,1330.0,1330.0,1330.0,1330.0,25.0
2023-06-14,10.35,10.35,10.32,10.32,14149.0
2023-06-14,185.35,188.4,185.35,187.2,15061573.0
2023-06-14,1235.0,1235.0,1214.02,1214.02,12.0
2023-06-14,1188.0,1188.0,1188.0,1188.0,5.0
2023-06-14,1320.0,1325.0,1311.01,1320.0,415.0
2023-06-15,1216.11,1221.04,1216.11,1221.01,147.0
2023-06-15,1053.01,1053.01,1053.0,1053.0,516.0
2023-06-15,187.0,187.3,185.35,186.7,9840499.0
2023-06-15,1057.0,1057.0,1057.0,1057.0,75.0
2023-06-15,1256.0,1256.0,1256.0,1256.0,1.0
2023-06-15,1099.0,1099.0,1085.0,1085.0,6.0
2023-06-15,10.32,10.35,10.32,10.32,64229.0
2023-06-16,10.32,10.35,10.31,10.33,104377.0
2023-06-16,186.9,188.7,186.05,188.2,8562558.0
2023-06-16,1200.0,1200.0,1200.0,1200.0,1.0
2023-06-16,1045.06,1045.06,1045.06,1045.06,200.0
2023-06-16,1310.0,1321.0,1310.0,1318.68,675.0
2023-06-19,1080.01,1080.01,1080.0,1080.0,157.0
2023-06-19,188.2,188.2,185.2,185.85,5363723.0
2023-06-19,1244.99,1245.0,1244.99,1245.0,140.0
2023-06-19,1183.05,1183.05,1183.05,1183.05,9.0
2023-06-19,1320.0,1320.0,1313.5,1313.5,20.0
2023-06-19,10.3,10.5,10.3,10.35,52895.0
2023-06-20,1313.0,1318.0,1313.0,1318.0,156.0
2023-06-20,186.0,188.0,184.55,187.5,6035600.0
2023-06-20,1054.01,1055.0,1044.0,1055.0,2170.0
2023-06-20,1073.41,1085.0,1073.41,1083.34,304.0
2023-06-20,10.35,10.41,10.28,10.31,64846.0
2023-06-20,1255.0,1255.0,1255.0,1255.0,30.0
2023-06-21,10.31,10.41,10.31,10.32,15360.0
2023-06-21,1098.79,1098.79,1098.79,1098.79,1.0
2023-06-21,187.5,188.7,186.5,187.5,5906854.0
2023-06-21,1053.1,1053.1,1053.1,1053.1,58.0
2023-06-22,10.32,10.35,10.32,10.32,34821.0
2023-06-22,1093.0,1093.0,1079.91,1079.91,167.0
2023-06-22,187.5,187.95,183.35,184.5,6683123.0
2023-06-22,1222.32,1222.32,1222.32,1222.32,4.0
2023-06-22,1183.07,1183.07,1183.07,1183.07,1.0
2023-06-22,1055.0,1055.0,1055.0,1055.0,3.0
2023-06-22,1322.0,1327.5,1320.05,1320.1,301.0
2023-06-23,1320.01,1320.01,1320.01,1320.01,100.0
2023-06-23,1055.0,1055.0,1046.3,1053.01,1000.0
2023-06-23,1221.11,1221.11,1221.11,1221.11,78.0
2023-06-23,1053.1,1053.1,1053.1,1053.1,10.0
2023-06-23,1255.0,1255.0,1255.0,1255.0,40.0
2023-06-23,10.32,10.38,10.32,10.32,40839.0
2023-06-23,184.55,187.5,183.75,186.7,15255365.0
2023-06-26,10.35,10.35,10.32,10.33,14112.0
2023-06-26,1099.79,1099.79,1099.79,1099.79,20.0
2023-06-26,187.4,187.4,184.45,184.9,7231775.0
2023-06-26,1225.17,1225.17,1225.17,1225.17,4.0
2023-06-27,1058.4,1058.5,1058.4,1058.5,6.0
2023-06-27,1230.0,1230.0,1225.26,1225.26,90.0
2023-06-27,184.9,186.95,184.8,186.05,6787438.0
2023-06-27,1099.59,1099.59,1099.59,1099.59,5.0
2023-06-27,10.39,10.39,10.32,10.33,28177.0
2023-06-27,1160.1,1160.11,1160.1,1160.11,2.0
2023-06-28,10.34,10.35,10.31,10.32,30331.0
2023-06-28,1221.1,1221.1,1221.1,1221.1,133.0
2023-06-28,186.05,190.6,185.3,189.1,32476741.0
2023-06-28,1230.0,1230.01,1230.0,1230.01,120.0
2023-06-28,1322.0,1333.99,1321.55,1333.39,130.0
2023-06-30,1198.5,1198.5,1198.5,1198.5,4.0
2023-06-30,1339.0,1339.0,1328.99,1333.59,153.0
2023-06-30,1054.7,1059.7,1054.7,1059.7,59.0
2023-06-30,1220.1,1220.1,1220.1,1220.1,78.0
2023-06-30,10.33,10.39,10.32,10.32,21036.0
2023-06-30,1073.72,1098.0,1073.72,1075.21,80.0
2023-06-30,1222.0,1256.0,1222.0,1256.0,85.0
2023-06-30,188.1,191.65,188.0,189.15,9579059.0
2023-07-03,10.35,10.35,10.32,10.32,21473.0
2023-07-03,1160.0,1160.0,1159.3,1160.0,248.0
2023-07-03,190.0,192.6,188.7,191.25,7352149.0
2023-07-03,1230.0,1230.0,1221.0,1221.0,164.0
2023-07-03,1058.02,1058.02,1058.02,1058.02,1.0
2023-07-03,1055.0,1056.99,1050.01,1056.77,651.0
2023-07-03,1330.0,1330.0,1330.0,1330.0,25.0
2023-07-04,1221.05,1235.0,1221.05,1235.0,144.0
2023-07-04,1330.0,1331.0,1330.0,1330.0,155.0
2023-07-04,1053.25,1058.0,1053.25,1058.0,480.0
2023-07-04,191.1,194.8,189.0,194.05,13258826.0
2023-07-04,10.33,10.36,10.3,10.35,35190.0
2023-07-04,1090.0,1090.0,1089.9,1090.0,94.0
2023-07-04,1185.0,1185.0,1185.0,1185.0,2.0
2023-07-04,1256.0,1256.0,1256.0,1256.0,45.0
2023-07-05,10.33,10.36,10.33,10.33,16261.0
2023-07-05,1073.5,1073.5,1073.5,1073.5,31.0
2023-07-05,194.0,194.75,192.35,193.4,6558910.0
2023-07-05,1229.0,1229.01,1228.01,1229.0,381.0
2023-07-05,1058.33,1058.33,1058.33,1058.33,19.0
2023-07-05,1054.1,1058.99,1054.1,1058.99,772.0
2023-07-05,1330.0,1339.99,1328.0,1335.11,459.0
2023-07-06,1339.0,1339.0,1325.0,1327.7,160.0
2023-07-06,10.35,10.35,10.32,10.33,34352.0
2023-07-06,193.5,197.15,192.75,196.75,16276609.0
2023-07-06,1058.0,1058.0,1058.0,1058.0,3.0
2023-07-06,1058.0,1058.29,1050.04,1056.5,1331.0
2023-07-07,1314.0,1319.99,1313.01,1319.85,385.0
2023-07-07,1186.2,1186.2,1186.2,1186.2,175.0
2023-07-07,1060.0,1060.0,1054.57,1055.58,280.0
2023-07-07,1230.0,1230.0,1230.0,1230.0,16.0
2023-07-07,1077.01,1077.01,1077.01,1077.01,110.0
2023-07-07,10.35,10.37,10.33,10.36,21948.0
2023-07-07,196.75,197.75,192.15,192.6,12652336.0
2023-07-10,10.37,10.38,10.3,10.37,80029.0
2023-07-10,1099.0,1099.0,1099.0,1099.0,1.0
2023-07-10,192.65,193.35,189.8,191.55,10238356.0
2023-07-10,1057.0,1057.0,1057.0,1057.0,5.0
2023-07-11,1058.0,1058.0,1058.0,1058.0,60.0
2023-07-11,1058.0,1058.0,1058.0,1058.0,100.0
2023-07-11,1317.1,1340.0,1317.0,1330.0,66.0
2023-07-11,1085.0,1085.0,1085.0,1085.0,100.0
2023-07-11,10.37,10.4,10.35,10.37,66257.0
2023-07-11,192.65,192.95,190.8,192.4,11236383.0
2023-07-12,1057.05,1072.97,1057.05,1072.97,220.0
2023-07-12,193.75,194.75,190.25,190.8,9191559.0
2023-07-12,10.36,10.42,10.36,10.37,22062.0
2023-07-12,1224.6,1224.6,1224.6,1224.6,1.0
2023-07-12,1084.5,1084.5,1084.0,1084.0,38.0
2023-07-13,1187.1,1187.1,1187.1,1187.1,20.0
2023-07-13,1058.0,1058.0,1056.01,1056.01,3.0
2023-07-13,1230.0,1235.05,1230.0,1235.05,9.0
2023-07-13,1057.01,1057.01,1057.0,1057.0,31.0
2023-07-13,1170.0,1170.0,1166.6,1166.6,3.0
2023-07-13,1080.0,1080.0,1080.0,1080.0,3.0
2023-07-13,10.36,10.4,10.36,10.37,17320.0
2023-07-13,191.8,191.8,186.95,187.9,10612659.0
2023-07-14,10.37,10.38,10.35,10.36,19875.0
2023-07-14,187.95,188.35,184.75,187.45,12369394.0
2023-07-14,1218.39,1218.39,1218.39,1218.39,11.0
2023-07-14,1339.0,1339.0,1339.0,1339.0,5.0
2023-07-17,1231.1,1231.1,1231.1,1231.1,4.0
2023-07-17,1317.0,1345.0,1317.0,1340.44,242.0
2023-07-17,1060.0,1060.0,1053.25,1053.25,456.0
2023-07-17,188.45,188.95,185.8,186.5,9058800.0
2023-07-17,10.36,10.38,10.34,10.36,65899.0
2023-07-17,1099.37,1099.39,1099.34,1099.34,295.0
2023-07-17,1225.1,1225.1,1225.0,1225.0,1000.0
2023-07-17,1163.65,1164.12,1163.65,1164.12,180.0
2023-07-18,10.36,10.38,10.35,10.36,38311.0
2023-07-18,187.0,189.15,186.3,187.35,7177677.0
2023-07-18,1056.01,1056.01,1056.01,1056.01,288.0
2023-07-18,1218.99,1218.99,1218.49,1218.49,38.0
2023-07-18,1345.0,1345.0,1326.26,1336.82,706.0
2023-07-19,1058.05,1058.05,1058.05,1058.05,250.0
2023-07-19,1337.0,1337.1,1337.0,1337.01,517.0
2023-07-19,191.0,196.6,190.2,192.55,31761232.0
2023-07-19,10.38,10.38,10.34,10.35,74504.0
2023-07-19,1099.99,1099.99,1080.61,1080.79,238.0
2023-07-20,10.35,10.38,10.33,10.37,97502.0
2023-07-20,1087.0,1092.55,1087.0,1090.0,134.0
2023-07-20,1166.13,1166.13,1166.13,1166.13,12.0
2023-07-20,192.7,194.25,191.85,192.9,8936996.0
2023-07-20,1056.15,1063.99,1056.05,1062.67,1545.0
2023-07-20,1321.5,1326.75,1320.0,1326.75,532.0
2023-07-21,1331.0,1331.0,1328.1,1329.02,217.0
2023-07-21,1062.04,1062.04,1062.04,1062.04,23.0
2023-07-21,1250.0,1250.02,1250.0,1250.0,391.0
2023-07-21,1056.6,1056.6,1056.6,1056.6,160.0
2023-07-21,1170.0,1170.0,1170.0,1170.0,50.0
2023-07-21,1090.0,1090.0,1090.0,1090.0,1.0
2023-07-21,10.37,10.37,10.34,10.36,84960.0
2023-07-21,192.8,196.35,192.1,195.1,11031250.0
2023-07-24,1335.0,1335.0,1335.0,1335.0,10.0
2023-07-24,1224.99,1224.99,1224.99,1224.99,11.0
2023-07-24,1274.99,1274.99,1250.0,1250.0,109.0
2023-07-24,1058.01,1058.01,1058.01,1058.01,12.0
2023-07-24,1185.0,1185.0,1175.0,1175.0,61.0
2023-07-24,10.34,10.36,10.34,10.36,38107.0
2023-07-24,195.5,197.0,192.95,195.9,9981788.0
2023-07-25,10.36,10.37,10.34,10.35,70400.0
2023-07-25,196.5,201.35,195.9,200.65,18028061.0
2023-07-25,1250.0,1250.0,1250.0,1250.0,157.0
2023-07-25,1328.0,1328.0,1327.0,1328.0,1763.0
2023-07-26,1330.0,1330.0,1330.0,1330.0,2.0
2023-07-26,1250.0,1250.0,1250.0,1250.0,11.0
2023-07-26,1250.0,1250.0,1250.0,1250.0,263.0
2023-07-26,1062.0,1062.0,1062.0,1062.0,40.0
2023-07-26,1109.0,1110.0,1109.0,1110.0,290.0
2023-07-26,1255.0,1255.0,1235.0,1235.0,73.0
2023-07-26,10.35,10.37,10.31,10.36,227222.0
2023-07-26,201.5,202.15,200.0,201.6,13857423.0
2023-07-27,10.36,10.39,10.34,10.37,43095.0
2023-07-27,1234.1,1234.1,1234.1,1234.1,28.0
2023-07-27,201.75,203.0,200.6,201.95,16013422.0
2023-07-27,1250.0,1250.0,1234.51,1234.51,68.0
2023-07-27,1062.5,1062.5,1062.5,1062.5,40.0
2023-07-27,1057.01,1060.0,1057.01,1060.0,33.0
2023-07-27,1330.5,1334.99,1329.0,1329.33,87.0
2023-07-28,1060.01,1060.01,1060.01,1060.01,11.0
2023-07-28,1242.0,1242.25,1235.01,1235.01,236.0
2023-07-28,1332.1,1336.0,1332.0,1333.3,284.0
2023-07-28,1170.0,1170.01,1170.0,1170.01,6.0
2023-07-28,10.34,10.38,10.34,10.37,60362.0
2023-07-28,201.85,210.45,199.5,210.0,39630520.0
2023-07-31,10.34,10.37,10.34,10.36,21483.0
2023-07-31,1166.0,1171.0,1166.0,1171.0,2.0
2023-07-31,212.2,218.95,209.65,218.35,43494779.0
2023-07-31,1242.1,1242.1,1241.0,1241.0,31.0
2023-07-31,1060.01,1060.01,1060.01,1060.01,27.0
2023-07-31,1333.3,1335.15,1332.0,1335.1,210.0
2023-08-01,1061.0,1061.0,1061.0,1061.0,14.0
2023-08-01,1192.01,1192.01,1192.01,1192.01,5.0
2023-08-01,1063.66,1063.66,1063.66,1063.66,1.0
2023-08-01,1254.99,1254.99,1241.0,1243.0,125.0
2023-08-01,1326.0,1354.78,1325.0,1335.0,1931.0
2023-08-01,1170.13,1170.13,1170.13,1170.13,47.0
2023-08-01,10.36,10.38,10.36,10.36,87131.0
2023-08-01,219.55,226.65,218.85,225.15,63510580.0
2023-08-02,1335.0,1348.0,1335.0,1335.0,454.0
2023-08-02,1070.0,1073.99,1061.05,1069.78,545.0
2023-08-02,1063.81,1063.81,1063.81,1063.81,17.0
2023-08-02,225.05,225.15,216.85,219.1,22647784.0
2023-08-02,10.38,10.4,10.35,10.38,113427.0
2023-08-02,1241.0,1241.0,1241.0,1241.0,157.0
2023-08-03,10.38,10.44,10.37,10.38,101695.0
2023-08-03,219.1,223.6,217.95,220.1,29868065.0
2023-08-03,1274.79,1274.79,1248.0,1248.0,131.0
2023-08-03,1070.0,1070.0,1070.0,1070.0,200.0
2023-08-03,1191.25,1191.25,1191.25,1191.25,1000.0
2023-08-03,1345.0,1346.0,1336.0,1344.39,142.0
2023-08-04,1343.0,1344.39,1343.0,1344.39,296.0
2023-08-04,1065.0,1072.0,1063.5,1064.1,2028.0
2023-08-04,1240.0,1240.0,1240.0,1240.0,1.0
2023-08-04,221.7,222.2,217.6,217.95,12879897.0
2023-08-04,1082.25,1082.25,1082.25,1082.25,1.0
2023-08-04,10.38,10.4,10.37,10.38,51614.0
2023-08-04,1248.0,1260.0,1248.0,1260.0,115.0
2023-08-07,1308.1,1315.0,1305.0,1315.0,7915.0
2023-08-07,1191.1,1191.1,1191.1,1191.1,1.0
2023-08-07,1064.15,1065.05,1064.15,1065.05,736.0
2023-08-07,1248.02,1259.99,1248.02,1259.99,50.0
2023-08-07,10.3,10.4,10.3,10.38,57066.0
2023-08-07,1240.0,1240.0,1240.0,1240.0,64.0
2023-08-07,1357.99,1357.99,1335.0,1335.0,100.0
2023-08-07,219.7,221.35,217.65,217.95,12929354.0
2023-08-08,1336.0,1341.6,1336.0,1338.0,255.0
2023-08-08,10.3,10.4,10.3,10.38,15759.0
2023-08-08,1082.25,1082.41,1082.25,1082.41,6.0
2023-08-08,220.3,220.4,214.0,217.55,15314866.0
2023-08-08,1273.99,1273.99,1273.99,1273.99,1.0
2023-08-08,1048.0,1048.0,1048.0,1048.0,1.0
2023-08-08,1065.0,1070.0,1065.0,1068.0,302.0
2023-08-09,218.45,219.7,216.45,218.7,12554174.0
2023-08-09,1067.5,1067.5,1067.5,1067.5,54.0
2023-08-09,10.35,10.39,10.3,10.37,80881.0
2023-08-10,10.37,10.39,10.3,10.38,65368.0
2023-08-10,219.2,220.85,216.5,217.4,10970619.0
2023-08-10,1251.6,1251.6,1251.6,1251.6,172.0
2023-08-10,1063.2,1075.39,1063.2,1075.33,792.0
2023-08-10,1339.0,1339.0,1339.0,1339.0,11.0
2023-08-11,10.38,10.4,10.38,10.38,57837.0
2023-08-11,214.9,216.5,212.65,213.0,7970536.0
2023-08-11,1251.6,1251.6,1251.6,1251.6,1.0
2023-08-11,1250.0,1250.0,1250.0,1250.0,1.0
2023-08-11,1073.99,1073.99,1073.99,1073.99,5.0
2023-08-11,1340.0,1344.0,1339.0,1344.0,14.0
2023-08-14,1063.5,1068.0,1063.5,1068.0,653.0
2023-08-14,1325.0,1335.0,1325.0,1335.0,633.0
2023-08-14,10.38,10.42,10.38,10.4,80729.0
2023-08-14,1082.61,1082.65,1082.61,1082.65,68.0
2023-08-14,213.3,214.0,211.8,213.0,9283695.0
2023-08-16,10.4,10.42,10.39,10.41,51057.0
2023-08-16,212.95,217.95,212.05,217.45,9687712.0
2023-08-16,1252.0,1252.0,1252.0,1252.0,31.0
2023-08-16,1076.7,1077.0,1050.08,1050.08,5.0
2023-08-16,1063.2,1071.0,1063.2,1066.6,1262.0
2023-08-16,1337.0,1337.0,1337.0,1337.0,2.0
2023-08-17,1250.0,1250.0,1250.0,1250.0,1.0
2023-08-17,1066.8,1066.8,1066.65,1066.65,703.0
2023-08-17,1050.08,1050.08,1050.08,1050.08,13.0
2023-08-17,1335.05,1340.05,1335.0,1340.0,80.0
2023-08-17,219.45,219.8,215.15,215.75,11865239.0
2023-08-17,10.42,10.42,10.4,10.4,53799.0
2023-08-17,1252.0,1252.0,1252.0,1252.0,78.0
2023-08-18,1251.56,1251.56,1251.56,1251.56,50.0
2023-08-18,1335.0,1335.0,1335.0,1335.0,530.0
2023-08-18,10.4,10.42,10.4,10.41,51532.0
2023-08-18,215.8,216.65,213.3,215.15,14101163.0
2023-08-21,10.41,10.43,10.41,10.41,68250.0
2023-08-21,1082.65,1082.65,1082.65,1082.65,1.0
2023-08-21,217.2,219.55,215.7,218.8,13336739.0
2023-08-21,1265.0,1265.0,1265.0,1265.0,1.0
2023-08-21,1065.0,1065.0,1065.0,1065.0,131.0
2023-08-21,1065.1,1065.1,1065.1,1065.1,111.0
2023-08-22,10.41,10.43,10.4,10.41,50166.0
2023-08-22,1082.65,1085.01,1082.65,1085.01,152.0
2023-08-22,219.25,222.3,218.85,221.7,16930149.0
2023-08-22,1246.0,1246.4,1245.2,1246.4,518.0
2023-08-22,1076.7,1259.9,1076.7,1093.8,55.0
2023-08-22,1338.0,1340.0,1326.1,1326.1,1222.0
2023-08-23,1326.1,1334.0,1325.1,1327.0,897.0
2023-08-23,222.9,222.9,221.05,221.7,13507905.0
2023-08-23,1063.21,1165.0,1063.21,1165.0,274.0
2023-08-23,10.39,10.43,10.39,10.41,18678.0
2023-08-23,1080.1,1080.1,1080.1,1080.1,21.0
2023-08-24,10.41,10.43,10.41,10.41,34720.0
2023-08-24,1170.0,1170.0,1170.0,1170.0,56.0
2023-08-24,222.0,222.4,219.65,220.85,11182959.0
2023-08-24,1246.6,1246.6,1246.5,1246.52,178.0
2023-08-24,1064.35,1066.46,1064.35,1066.46,10.0
2023-08-24,1330.0,1330.0,1324.05,1328.01,569.0
2023-08-25,10.4,10.43,10.4,10.42,13365.0
2023-08-25,221.85,221.85,217.2,217.9,7413549.0
2023-08-25,1246.2,1246.2,1240.0,1240.06,138.0
2023-08-25,1328.1,1344.99,1320.51,1330.0,319.0
2023-08-28,1065.3,1065.3,1065.3,1065.3,100.0
2023-08-28,1330.0,1347.0,1325.0,1326.59,788.0
2023-08-28,1065.0,1065.0,1065.0,1065.0,50.0
2023-08-28,217.9,219.3,217.2,218.7,4851793.0
2023-08-28,10.45,10.45,10.41,10.42,36134.0
2023-08-28,1225.0,1244.8,1225.0,1244.57,61.0
2023-08-29,1195.0,1195.0,1195.0,1195.0,300.0
2023-08-29,1065.15,1066.5,1065.15,1066.5,314.0
2023-08-29,1327.55,1328.0,1323.1,1326.19,910.0
2023-08-29,1080.1,1080.15,1080.1,1080.15,153.0
2023-08-29,10.42,10.44,10.42,10.42,78639.0
2023-08-29,219.2,221.75,218.25,221.1,8799235.0
2023-08-30,10.42,10.49,10.42,10.45,75909.0
2023-08-30,1081.65,1081.65,1081.65,1081.65,16.0
2023-08-30,222.0,222.0,219.75,220.4,5490930.0
2023-08-30,1244.2,1244.2,1244.2,1244.2,83.0
2023-08-30,1073.0,1073.0,1066.6,1066.8,381.0
2023-08-30,1327.2,1336.0,1327.2,1336.0,680.0
2023-08-31,1330.1,1330.1,1330.0,1330.08,49.0
2023-08-31,1195.0,1195.0,1195.0,1195.0,50.0
2023-08-31,1268.79,1268.9,1267.0,1267.0,260.0
2023-08-31,1183.28,1183.28,1183.28,1183.28,55.0
2023-08-31,10.46,10.46,10.43,10.44,19343.0
2023-08-31,221.65,221.65,218.75,220.3,18532999.0
2023-09-01,10.44,10.48,10.43,10.43,76295.0
2023-09-01,1055.1,1240.0,1055.1,1240.0,1475.0
2023-09-01,1081.65,1081.65,1081.65,1081.65,100.0
2023-09-01,217.85,231.65,216.15,230.7,29859815.0
2023-09-01,1065.6,1065.6,1065.6,1065.6,31.0
2023-09-01,1190.0,1190.0,1190.0,1190.0,1100.0
2023-09-04,10.4,10.49,10.4,10.43,68862.0
2023-09-04,1082.41,1082.41,1082.41,1082.41,10.0
2023-09-04,233.7,236.5,230.5,235.8,21895573.0
2023-09-04,1068.8,1069.1,1068.01,1069.0,163.0
2023-09-04,1350.0,1350.0,1340.0,1340.0,160.0
2023-09-05,1069.0,1069.0,1069.0,1069.0,45.0
2023-09-05,1250.0,1250.0,1250.0,1250.0,1.0
2023-09-05,1350.0,1350.0,1336.0,1336.0,230.0
2023-09-05,10.43,10.46,10.43,10.44,95209.0
2023-09-05,236.9,236.9,231.7,234.6,13952922.0
2023-09-06,1336.0,1336.0,1335.0,1335.09,21.0
2023-09-06,1070.0,1070.0,1070.0,1070.0,200.0
2023-09-06,1250.0,1250.0,1250.0,1250.0,1.0
2023-09-06,10.44,10.47,10.43,10.45,23272.0
2023-09-06,1085.0,1085.0,1085.0,1085.0,2.0
2023-09-06,235.5,235.85,228.4,231.9,14623019.0
2023-09-07,10.46,10.48,10.45,10.47,50065.0
2023-09-07,1067.0,1067.0,1067.0,1067.0,158.0
2023-09-07,233.0,238.0,229.35,234.1,30334731.0
2023-09-07,1339.0,1339.0,1339.0,1339.0,2.0
2023-09-08,10.41,10.49,10.41,10.47,31914.0
2023-09-08,236.0,243.6,235.0,240.25,28856420.0
2023-09-08,1252.2,1252.2,1252.2,1252.2,23.0
2023-09-08,1337.9,1338.0,1330.0,1330.0,377.0
2023-09-11,1190.0,1190.0,1190.0,1190.0,2.0
2023-09-11,1070.0,1070.0,1070.0,1070.0,165.0
2023-09-11,1255.0,1255.0,1252.2,1255.0,16.0
2023-09-11,1331.0,1331.0,1321.2,1321.2,212.0
2023-09-11,1081.18,1081.99,1081.18,1081.99,17.0
2023-09-11,10.47,10.5,10.45,10.46,54923.0
2023-09-11,243.6,243.9,238.15,243.1,22493483.0
2023-09-12,10.5,10.5,10.45,10.45,65760.0
2023-09-12,1150.0,1150.0,1150.0,1150.0,1.0
2023-09-12,244.2,244.95,234.1,235.1,21174310.0
2023-09-12,1277.9,1277.9,1199.99,1199.99,28.0
2023-09-12,1070.0,1070.0,1070.0,1070.0,50.0
2023-09-12,1323.0,1323.0,1321.2,1322.75,220.0
2023-09-13,1313.01,1340.0,1313.0,1335.31,1468.0
2023-09-13,1070.0,1070.0,1069.0,1069.0,198.0
2023-09-13,1203.0,1250.0,1203.0,1250.0,128.0
2023-09-13,10.45,10.5,10.45,10.46,86271.0
2023-09-13,236.1,238.45,233.15,237.15,9151928.0
2023-09-13,1055.14,1056.0,1055.14,1055.57,1250.0
2023-09-13,1199.99,1199.99,1199.99,1199.99,20.0
2023-09-14,1069.99,1070.0,1069.99,1070.0,278.0
2023-09-14,1344.65,1344.65,1333.1,1335.0,911.0
2023-09-14,1280.0,1280.0,1280.0,1280.0,1.0
2023-09-14,10.46,10.49,10.46,10.46,43500.0
2023-09-14,1063.91,1063.91,1063.91,1063.91,78.0
2023-09-14,1081.99,1085.0,1081.99,1085.0,34.0
2023-09-14,237.95,239.2,235.95,237.95,7568464.0
2023-09-15,10.46,10.48,10.46,10.46,20204.0
2023-09-15,1200.0,1266.68,1200.0,1266.68,2.0
2023-09-15,1085.14,1085.14,1080.25,1081.57,81.0
2023-09-15,1160.0,1160.0,1150.0,1160.0,235.0
2023-09-15,235.6,239.3,235.6,236.2,14098284.0
2023-09-15,1252.2,1252.2,1252.2,1252.2,149.0
2023-09-15,1070.0,1072.0,1070.0,1072.0,200.0
2023-09-15,1345.0,1350.0,1345.0,1350.0,687.0
2023-09-18,1335.0,1335.0,1332.01,1332.6,20.0
2023-09-18,1240.0,1240.0,1240.0,1240.0,5.0
2023-09-18,1245.0,1270.0,1243.0,1245.33,30.0
2023-09-18,237.0,242.15,236.05,241.2,11163399.0
2023-09-18,10.46,10.49,10.45,10.45,79876.0
2023-09-18,1080.3,1080.3,1080.3,1080.3,8.0
2023-09-20,10.45,10.5,10.45,10.46,34833.0
2023-09-20,1220.0,1220.0,1220.0,1220.0,20.0
2023-09-20,241.5,246.0,240.35,241.75,18936709.0
2023-09-20,1332.01,1333.0,1332.0,1332.0,504.0
2023-09-21,10.46,10.48,10.46,10.46,28544.0
2023-09-21,1180.0,1180.0,1180.0,1180.0,10.0
2023-09-21,240.05,242.9,237.1,238.95,10134737.0
2023-09-21,1321.0,1330.0,1315.11,1330.0,331.0
2023-09-22,1320.5,1350.0,1318.0,1349.8,2014.0
2023-09-22,1230.0,1230.0,1230.0,1230.0,5.0
2023-09-22,238.6,239.3,236.0,237.95,7209300.0
2023-09-22,1099.0,1099.0,1099.0,1099.0,10.0
2023-09-22,1148.51,1148.51,1096.0,1099.57,153.0
2023-09-22,1181.0,1181.0,1173.0,1173.0,47.0
2023-09-22,10.47,10.48,10.46,10.48,27524.0
2023-09-25,10.48,10.69,10.46,10.47,47998.0
2023-09-25,1103.0,1103.0,1100.5,1100.5,276.0
2023-09-25,239.15,240.25,237.15,239.65,8027642.0
2023-09-25,1230.0,1230.0,1230.0,1230.0,360.0
2023-09-25,1072.0,1072.0,1072.0,1072.0,80.0
2023-09-25,1349.99,1349.99,1349.99,1349.99,300.0
2023-09-26,1198.99,1198.99,1198.98,1198.98,45.0
2023-09-26,10.47,10.5,10.47,10.49,35641.0
2023-09-26,239.75,243.2,239.05,240.2,10681642.0
2023-09-26,1227.99,1227.99,1227.99,1227.99,7.0
2023-09-26,1079.9,1081.0,1067.2,1080.0,1096.0
2023-09-26,1332.12,1346.0,1324.0,1324.02,634.0
2023-09-27,10.49,10.5,10.48,10.49,42773.0
2023-09-27,1445.0,1445.0,1445.0,1445.0,1.0
2023-09-27,1068.1,1082.0,1068.1,1082.0,814.0
2023-09-27,239.9,240.5,237.85,239.3,9679279.0
2023-09-27,1352.0,1364.86,1328.01,1364.86,366.0
2023-09-27,1035.0,1035.01,1035.0,1035.0,373.0
2023-09-27,1214.99,1214.99,1195.0,1195.0,26.0
2023-09-28,1364.9,1364.9,1332.01,1349.5,66.0
2023-09-28,10.48,10.51,10.45,10.47,227755.0
2023-09-28,1014.1,1014.1,1014.1,1014.1,4.0
2023-09-28,1035.0,1035.0,1035.0,1035.0,100.0
2023-09-28,1195.0,1195.0,1195.0,1195.0,100.0
2023-09-28,239.6,241.2,235.65,237.05,32887087.0
2023-09-28,1084.5,1084.5,1068.0,1070.11,1454.0
2023-09-29,1048.1,1070.0,1048.1,1070.0,9.0
2023-09-29,1081.0,1081.0,1075.0,1079.5,588.0
2023-09-29,239.55,251.5,239.5,245.55,35038887.0
2023-09-29,1100.0,1118.0,1100.0,1118.0,813.0
2023-09-29,10.47,10.49,10.47,10.48,35856.0
2023-09-29,1195.0,1197.99,1195.0,1197.99,45.0
2023-10-03,10.49,10.5,10.46,10.47,173711.0
2023-10-03,1035.0,1035.0,1035.0,1035.0,50.0
2023-10-03,1190.0,1197.99,1190.0,1197.99,354.0
2023-10-03,244.35,246.7,240.55,241.2,14885044.0
2023-10-03,1070.0,1070.0,1070.0,1070.0,50.0
2023-10-03,1079.5,1079.5,1079.5,1079.5,10.0
2023-10-04,10.47,10.5,10.44,10.47,59025.0
2023-10-04,1035.0,1035.0,1035.0,1035.0,8.0
2023-10-04,241.0,241.0,231.5,235.15,25424437.0
2023-10-04,1070.0,1070.0,1070.0,1070.0,50.0
2023-10-04,1330.01,1330.01,1330.01,1330.01,100.0
2023-10-05,1200.0,1235.0,1200.0,1235.0,289.0
2023-10-05,1071.05,1071.05,1071.05,1071.05,7.0
2023-10-05,237.25,237.4,232.05,233.85,22472389.0
2023-10-05,10.46,10.5,10.46,10.49,54027.0
2023-10-05,1036.0,1036.0,1036.0,1036.0,80.0
2023-10-06,1338.51,1364.79,1338.51,1364.55,102.0
2023-10-06,10.49,10.54,10.47,10.49,157199.0
2023-10-06,1080.0,1080.0,1080.0,1080.0,15.0
2023-10-06,1046.0,1075.9,1036.0,1036.11,235.0
2023-10-06,1193.0,1193.0,1190.0,1193.0,428.0
2023-10-06,234.25,237.5,233.65,235.55,8825123.0
2023-10-06,1315.0,1315.0,1315.0,1315.0,13.0
2023-10-06,1071.1,1082.7,1071.1,1082.7,481.0
2023-10-09,1364.45,1364.45,1356.0,1362.91,566.0
2023-10-09,10.49,10.53,10.42,10.52,11651.0
2023-10-09,233.85,236.3,230.5,234.7,10659145.0
2023-10-09,1085.0,1085.0,1079.0,1084.4,467.0
2023-10-10,1080.0,1080.0,1071.5,1080.0,1050.0
2023-10-10,1071.0,1071.0,1071.0,1071.0,80.0
2023-10-10,234.9,236.85,233.75,235.9,11665907.0
2023-10-10,1216.0,1216.0,1216.0,1216.0,1.0
2023-10-10,1175.0,1175.0,1170.0,1170.0,471.0
2023-10-10,10.5,10.6,10.5,10.52,46175.0
2023-10-11,1364.0,1365.0,1364.0,1365.0,30.0
2023-10-11,10.55,10.55,10.49,10.5,121911.0
2023-10-11,1072.0,1072.0,1072.0,1072.0,80.0
2023-10-11,1175.1,1177.0,1175.1,1177.0,74.0
2023-10-11,236.25,239.7,236.0,238.7,14313043.0
2023-10-11,1071.0,1071.0,1071.0,1071.0,360.0
2023-10-11,1074.0,1084.0,1074.0,1084.0,50.0
2023-10-11,1220.0,1220.0,1220.0,1220.0,65.0
2023-10-12,1082.5,1082.5,1082.5,1082.5,50.0
2023-10-12,238.95,242.75,238.6,241.6,13170027.0
2023-10-12,1180.0,1180.0,1180.0,1180.0,50.0
2023-10-12,1072.0,1072.0,1072.0,1072.0,47.0
2023-10-12,1080.0,1080.0,1060.0,1060.0,100.0
2023-10-12,1072.0,1072.0,1072.0,1072.0,54.0
2023-10-12,10.51,10.54,10.47,10.51,33487.0
2023-10-13,1315.0,1315.0,1315.0,1315.0,6.0
2023-10-13,240.55,243.8,239.6,242.05,11880728.0
2023-10-13,1205.01,1205.01,1205.01,1205.01,5.0
2023-10-13,10.55,10.55,10.5,10.51,43200.0
2023-10-13,1364.85,1367.95,1364.0,1365.0,745.0
2023-10-13,1180.0,1180.0,1180.0,1180.0,107.0
2023-10-16,10.65,11.51,10.5,10.53,72989.0
2023-10-16,1072.0,1072.05,1072.0,1072.0,89.0
2023-10-16,1200.0,1200.0,1200.0,1200.0,25.0
2023-10-16,242.85,245.0,241.0,243.45,6936948.0
2023-10-16,1225.01,1225.01,1225.01,1225.01,500.0
2023-10-16,1347.1,1351.1,1346.6,1350.9,356.0
2023-10-17,1350.0,1350.0,1342.0,1350.0,1335.0
2023-10-17,1072.0,1072.0,1072.0,1072.0,10.0
2023-10-17,244.85,247.2,243.3,245.95,10084205.0
2023-10-17,1072.0,1072.0,1072.0,1072.0,75.0
2023-10-17,10.52,10.55,10.51,10.53,81544.0
2023-10-17,1178.0,1178.0,1178.0,1178.0,8.0
2023-10-18,1365.0,1365.0,1365.0,1365.0,90.0
2023-10-18,10.53,10.55,10.52,10.52,37646.0
2023-10-18,1063.0,1063.0,1063.0,1063.0,16.0
2023-10-18,245.9,246.8,241.6,242.0,6987265.0
2023-10-18,1072.0,1072.0,1072.0,1072.0,20.0
2023-10-19,1364.76,1364.76,1364.76,1364.76,100.0
2023-10-19,10.52,10.55,10.5,10.53,48015.0
2023-10-19,1067.0,1067.0,1067.0,1067.0,10.0
2023-10-19,240.2,241.8,238.5,239.5,11485237.0
2023-10-19,1350.0,1350.0,1350.0,1350.0,50.0
2023-10-20,238.95,242.15,237.55,241.0,9040953.0
2023-10-20,1299.99,1300.0,1270.0,1276.66,25.0
2023-10-20,10.53,10.55,10.51,10.52,33607.0
2023-10-23,240.8,240.9,235.0,236.55,7058625.0
2023-10-23,1199.6,1199.6,1185.0,1185.0,32.0
2023-10-23,10.52,10.55,10.48,10.5,68708.0
2023-10-23,1044.07,1044.07,1044.07,1044.07,10.0
2023-10-25,1350.0,1360.0,1350.0,1352.0,40.0
2023-10-25,10.48,10.55,10.48,10.51,16186.0
2023-10-25,1260.0,1261.0,1260.0,1260.92,30.0
2023-10-25,1042.5,1050.0,1042.5,1050.0,52.0
2023-10-25,236.0,236.3,228.35,232.05,23949207.0
2023-10-26,230.85,233.3,227.75,231.65,17410264.0
2023-10-26,10.51,10.59,10.5,10.51,72983.0
2023-10-26,1042.5,1042.5,1042.5,1042.5,1.0
2023-10-26,1115.0,1115.0,1115.0,1115.0,3.0
2023-10-26,1200.0,1200.0,1200.0,1200.0,200.0
2023-10-26,1075.0,1075.0,1074.51,1074.51,430.0
2023-10-27,1074.51,1074.51,1074.51,1074.51,1.0
2023-10-27,232.0,238.45,232.0,236.6,10519462.0
2023-10-27,1194.0,1198.0,1194.0,1194.75,160.0
2023-10-27,1042.5,1042.5,1042.0,1042.0,21.0
2023-10-27,10.52,10.59,10.52,10.53,20660.0
2023-10-30,10.53,10.59,10.53,10.53,6454.0
2023-10-30,1032.0,1032.0,1030.0,1030.0,149.0
2023-10-30,1195.0,1195.0,1195.0,1195.0,270.0
2023-10-30,237.45,238.4,230.65,234.6,8812268.0
2023-10-30,1080.5,1080.5,1080.0,1080.0,100.0
2023-10-30,1350.0,1350.0,1350.0,1350.0,63.0
2023-10-31,1350.0,1350.0,1350.0,1350.0,11.0
2023-10-31,234.5,237.2,233.55,235.8,6583581.0
2023-10-31,1195.0,1195.0,1195.0,1195.0,250.0
2023-10-31,10.53,10.58,10.53,10.57,47204.0
2023-11-01,10.54,10.6,10.53,10.55,33526.0
2023-11-01,236.7,236.7,232.1,232.6,6718059.0
2023-11-01,1270.0,1270.0,1269.99,1269.99,2.0
2023-11-01,1075.0,1081.0,1075.0,1081.0,580.0
2023-11-01,1200.0,1219.99,1200.0,1219.99,993.0
2023-11-02,1081.0,1081.0,1081.0,1081.0,100.0
2023-11-02,234.2,235.7,233.75,235.25,6057787.0
2023-11-02,1365.0,1365.0,1365.0,1365.0,11.0
2023-11-02,10.58,10.6,10.54,10.57,79930.0
2023-11-02,1195.0,1195.0,1180.0,1180.0,186.0
2023-11-03,1365.0,1365.0,1365.0,1365.0,20.0
2023-11-03,10.58,10.64,10.57,10.58,96117.0
2023-11-03,1200.0,1210.0,1200.0,1210.0,260.0
2023-11-03,233.3,235.25,233.3,234.35,6825146.0
2023-11-06,1365.0,1365.0,1365.0,1365.0,66.0
2023-11-06,10.58,10.63,10.57,10.58,113290.0
2023-11-06,235.35,237.2,234.55,235.85,5338605.0
2023-11-06,1081.0,1081.0,1081.0,1081.0,315.0
2023-11-07,1365.0,1379.9,1365.0,1377.0,87.0
2023-11-07,10.58,10.6,10.58,10.58,29020.0
2023-11-07,236.3,239.55,235.2,239.15,7002346.0
2023-11-08,1076.0,1076.0,1076.0,1076.0,11.0
2023-11-08,1340.0,1340.0,1340.0,1340.0,50.0
2023-11-08,10.58,10.63,10.57,10.6,9071.0
2023-11-08,1120.0,1120.0,1120.0,1120.0,16.0
2023-11-08,239.85,240.9,235.95,236.7,9777991.0
2023-11-09,10.6,10.63,10.56,10.58,16292.0
2023-11-09,1112.0,1112.0,1112.0,1112.0,120.0
2023-11-09,1188.0,1189.0,1187.0,1188.89,298.0
2023-11-09,237.2,239.7,236.0,237.95,13987058.0
2023-11-09,1076.85,1076.85,1076.85,1076.85,10.0
2023-11-09,1076.1,1084.5,1076.1,1084.5,3279.0
2023-11-10,1352.01,1352.01,1352.0,1352.0,165.0
2023-11-10,10.58,10.63,10.58,10.58,43111.0
2023-11-10,237.85,243.25,235.8,242.75,9589671.0
2023-11-10,1084.5,1092.9,1084.5,1085.91,2765.0
2023-11-12,245.95,246.35,243.0,244.55,2515164.0
2023-11-12,1111.45,1111.45,1111.45,1111.45,1.0
2023-11-12,10.58,10.64,10.58,10.63,10939.0
2023-11-12,1200.0,1205.0,1200.0,1202.61,210.0
2023-11-13,10.63,10.63,10.58,10.58,17028.0
2023-11-13,1260.0,1260.0,1260.0,1260.0,10.0
2023-11-13,1111.0,1111.0,1111.0,1111.0,50.0
2023-11-13,1224.7,1224.7,1224.47,1224.47,350.0
2023-11-13,244.95,250.6,243.3,245.7,18792969.0
2023-11-15,248.95,248.95,245.95,247.3,10965645.0
2023-11-15,1033.11,1033.11,1033.11,1033.11,94.0
2023-11-15,10.58,10.6,10.57,10.58,60108.0
2023-11-16,10.58,10.59,10.57,10.58,32324.0
2023-11-16,1138.77,1138.77,1111.0,1111.0,101.0
2023-11-16,1194.2,1194.2,1194.2,1194.2,35.0
2023-11-16,248.8,254.25,247.65,252.35,22145147.0
2023-11-17,1111.0,1111.0,1111.0,1111.0,157.0
2023-11-17,1224.9,1224.9,1224.9,1224.9,25.0
2023-11-17,253.0,253.1,251.0,251.6,5618928.0
2023-11-17,1033.87,1033.87,1033.87,1033.87,15.0
2023-11-17,1357.01,1363.0,1356.5,1361.44,955.0
2023-11-17,10.58,10.59,10.57,10.57,37324.0
2023-11-20,1361.0,1378.0,1361.0,1370.44,447.0
2023-11-20,10.57,10.62,10.57,10.6,24109.0
2023-11-20,251.0,255.4,250.3,251.05,6283832.0
2023-11-20,1297.79,1297.79,1297.18,1297.18,33.0
2023-11-21,10.58,10.61,10.57,10.57,59539.0
2023-11-21,1185.36,1210.0,1185.36,1210.0,125.0
2023-11-21,252.6,252.8,247.3,250.0,6851869.0
2023-11-21,1085.31,1085.31,1085.31,1085.31,68.0
2023-11-22,1084.0,1085.13,1084.0,1085.13,24.0
2023-11-22,250.8,254.0,249.35,253.65,5275418.0
2023-11-22,1200.0,1210.0,1200.0,1210.0,100.0
2023-11-22,1363.6,1364.0,1363.6,1363.8,2.0
2023-11-22,10.57,10.63,10.57,10.57,49061.0
2023-11-22,1111.0,1111.0,1111.0,1111.0,10.0
2023-11-23,254.0,255.7,251.7,252.75,8200025.0
2023-11-23,1080.0,1080.0,1079.01,1079.01,500.0
2023-11-23,1224.9,1224.9,1219.0,1219.5,400.0
2023-11-23,10.57,10.63,10.57,10.57,17762.0
2023-11-23,1360.12,1360.12,1360.1,1360.1,200.0
2023-11-23,1030.06,1030.06,1030.06,1030.06,1.0
2023-11-24,10.57,10.63,10.57,10.59,31066.0
2023-11-24,1060.0,1060.0,1060.0,1060.0,6.0
2023-11-24,1200.0,1200.0,1200.0,1200.0,75.0
2023-11-24,253.3,256.85,253.0,253.9,7149443.0
2023-11-24,1079.01,1082.0,1079.01,1079.21,716.0
2023-11-28,1379.0,1379.0,1379.0,1379.0,68.0
2023-11-28,10.59,10.64,10.51,10.58,42742.0
2023-11-28,1030.06,1049.0,1030.06,1049.0,233.0
2023-11-28,254.85,258.3,253.65,257.55,6151585.0
2023-11-28,1080.04,1080.04,1080.04,1080.04,10.0
2023-11-29,1087.0,1087.0,1086.0,1086.16,60.0
2023-11-29,259.55,259.55,256.1,258.4,8637363.0
2023-11-29,10.59,10.64,10.58,10.59,20845.0
2023-11-29,1352.57,1352.57,1352.57,1352.57,1.0
2023-11-29,1219.0,1219.0,1218.0,1218.54,73.0
2023-11-30,10.59,10.64,10.59,10.61,19823.0
2023-11-30,1031.2,1040.0,1031.16,1040.0,181.0
2023-11-30,257.95,261.65,256.0,261.3,21687673.0
2023-11-30,1080.0,1080.0,1080.0,1080.0,85.0
2023-12-01,10.61,10.63,10.6,10.6,25011.0
2023-12-01,1111.0,1111.0,1111.0,1111.0,156.0
2023-12-01,262.35,275.45,261.75,268.95,29121320.0
2023-12-01,1258.0,1275.0,1258.0,1275.0,185.0
2023-12-04,10.6,10.64,10.6,10.6,18219.0
2023-12-04,1224.95,1224.95,1195.25,1195.25,78.0
2023-12-04,276.0,279.0,273.25,274.8,20464526.0
2023-12-05,275.2,286.55,272.8,285.45,18883076.0
2023-12-05,1282.0,1282.0,1282.0,1282.0,130.0
2023-12-05,10.6,10.63,10.6,10.61,55488.0
2023-12-06,10.6,10.65,10.6,10.62,23343.0
2023-12-06,1195.25,1201.0,1195.0,1195.25,559.0
2023-12-06,288.0,288.25,278.95,281.1,13415314.0
2023-12-06,1198.79,1198.79,1198.79,1198.79,150.0
2023-12-07,10.61,10.64,10.61,10.62,145916.0
2023-12-07,1040.0,1040.0,1040.0,1040.0,23.0
2023-12-07,281.85,288.25,281.3,283.8,25133786.0
2023-12-07,1255.0,1255.0,1255.0,1255.0,5.0
2023-12-08,1266.01,1266.01,1266.0,1266.0,10.0
2023-12-08,10.62,10.63,10.62,10.62,37394.0
2023-12-08,1032.2,1038.0,1032.2,1038.0,2.0
2023-12-08,1110.0,1110.44,1110.0,1110.44,107.0
2023-12-08,1200.0,1200.0,1200.0,1200.0,30.0
2023-12-08,286.45,291.9,281.0,285.05,20815064.0
2023-12-11,1270.1,1282.0,1270.1,1273.0,78.0
2023-12-11,286.05,288.5,284.4,287.3,8071675.0
2023-12-11,10.62,10.65,10.6,10.62,113777.0
2023-12-12,10.62,10.66,10.6,10.63,91702.0
2023-12-12,1040.0,1040.0,1040.0,1040.0,31.0
2023-12-12,1198.0,1198.1,1198.0,1198.1,71.0
2023-12-12,287.45,288.6,280.85,283.4,8640883.0
2023-12-12,1255.0,1255.0,1255.0,1255.0,1.0
2023-12-12,1290.0,1290.0,1289.99,1290.0,205.0
2023-12-13,10.63,10.65,10.62,10.64,80009.0
2023-12-13,1040.0,1040.0,1040.0,1040.0,1.0
2023-12-13,1125.0,1125.0,1125.0,1125.0,30.0
2023-12-13,1185.0,1200.0,1185.0,1200.0,440.0
2023-12-13,284.75,294.9,284.5,294.05,23629670.0
2023-12-13,1280.0,1280.0,1280.0,1280.0,94.0
2023-12-14,297.75,298.5,293.6,295.4,24900443.0
2023-12-14,1288.0,1288.0,1288.0,1288.0,10.0
2023-12-14,10.6,10.65,10.6,10.62,131027.0
2023-12-14,1260.0,1260.0,1260.0,1260.0,1.0
2023-12-15,10.61,10.64,10.61,10.62,51512.0
2023-12-15,1060.0,1060.0,1060.0,1060.0,5.0
2023-12-15,1040.0,1098.79,1032.78,1044.65,344.0
2023-12-15,298.0,307.0,295.0,305.1,28843558.0
2023-12-15,1275.0,1275.0,1275.0,1275.0,5.0
2023-12-18,1272.0,1284.0,1272.0,1284.0,252.0
2023-12-18,1155.0,1155.0,1145.0,1145.0,125.0
2023-12-18,1250.0,1260.0,1250.0,1260.0,307.0
2023-12-18,306.0,306.55,301.75,303.2,13307504.0
2023-12-18,1042.0,1042.0,1042.0,1042.0,156.0
2023-12-18,1080.05,1100.0,1080.05,1100.0,317.0
2023-12-18,10.62,10.75,10.6,10.63,55632.0
2023-12-18,1187.26,1266.98,1187.25,1193.45,313.0
2023-12-19,305.0,312.5,302.5,309.65,15650536.0
2023-12-19,1260.0,1260.0,1260.0,1260.0,50.0
2023-12-19,1193.3,1210.0,1193.3,1210.0,104.0
2023-12-19,10.63,10.67,10.62,10.64,46094.0
2023-12-19,1060.0,1060.0,1060.0,1060.0,14.0
2023-12-20,10.64,10.69,10.62,10.63,46995.0
2023-12-20,1110.0,1120.0,1110.0,1119.0,1405.0
2023-12-20,312.5,313.35,295.15,297.65,23497233.0
2023-12-20,1255.0,1255.0,1255.0,1255.0,2.0
2023-12-21,10.63,10.7,10.63,10.63,12159.0
2023-12-21,1060.0,1060.0,1060.0,1060.0,5.0
2023-12-21,1099.0,1099.0,1099.0,1099.0,50.0
2023-12-21,295.8,303.15,293.2,301.95,17868637.0
2023-12-22,1140.0,1140.0,1135.0,1140.0,541.0
2023-12-22,10.62,10.65,10.62,10.64,22758.0
2023-12-22,304.0,308.95,299.6,302.8,15207726.0
2023-12-22,1255.0,1255.0,1255.0,1255.0,40.0
2023-12-26,1290.0,1290.0,1277.2,1277.2,50.0
2023-12-26,1140.0,1140.0,1140.0,1140.0,65.0
2023-12-26,10.64,10.68,10.63,10.66,222449.0
2023-12-26,1120.0,1120.0,1120.0,1120.0,78.0
2023-12-26,306.45,310.7,304.6,309.6,9917180.0
2023-12-27,10.66,10.7,10.64,10.64,84040.0
2023-12-27,1210.0,1210.0,1210.0,1210.0,31.0
2023-12-27,311.6,312.25,303.55,306.05,12630732.0
2023-12-27,1450.0,1450.0,1450.0,1450.0,5.0
2023-12-27,1130.2,1130.2,1130.2,1130.2,5.0
2023-12-28,1099.0,1099.0,1044.0,1044.0,90.0
2023-12-28,10.64,10.69,10.64,10.64,27008.0
2023-12-28,309.1,315.5,307.75,313.9,37591916.0
2023-12-29,314.35,314.35,308.15,311.15,12682889.0
2023-12-29,1194.0,1200.0,1190.1,1200.0,57.0
2023-12-29,1140.0,1140.0,1140.0,1140.0,20.0
2023-12-29,10.64,10.7,10.64,10.65,19886.0
2023-12-29,1044.0,1044.0,1044.0,1044.0,13.0
2024-01-01,1140.2,1140.2,1138.0,1138.48,123.0
2024-01-01,312.0,313.3,307.8,309.75,8024960.0
2024-01-01,10.65,10.69,10.65,10.65,68833.0
2024-01-01,1044.0,1044.0,1044.0,1044.0,1.0
2024-01-01,1125.0,1125.0,1125.0,1125.0,50.0
