date,open,high,low,close,volume
2018-01-01,11590.0,11650.0,11590.0,11642.56,658.0
2018-01-01,11300.0,11303.0,11300.0,11301.4,32.0
2018-01-01,10821.03,11199.0,10821.03,11199.0,28.0
2018-01-01,310.6,312.75,306.3,307.1,12182400.0
2018-01-02,11650.0,11655.0,11630.0,11655.0,169.0
2018-01-02,11300.01,11300.01,11300.0,11300.0,30.0
2018-01-02,309.0,309.0,301.35,303.25,14797364.0
2018-01-02,11199.0,11199.0,11199.0,11199.0,6.0
2018-01-03,11650.0,11655.0,11630.0,11650.0,423.0
2018-01-03,305.3,306.45,302.15,302.85,13857373.0
2018-01-03,11349.0,11349.0,11301.01,11301.01,32.0
2018-01-04,11250.0,11250.0,11250.0,11250.0,11.0
2018-01-04,304.5,310.2,303.15,308.5,24517099.0
2018-01-04,11650.0,11670.0,11650.0,11670.0,38.0
2018-01-04,11324.99,11325.0,11305.0,11305.0,20.0
2018-01-05,11642.0,11670.0,11642.0,11650.0,284.0
2018-01-05,11310.0,11340.0,11310.0,11311.2,79.0
2018-01-05,311.4,311.4,305.6,306.35,14580575.0
2018-01-05,11295.0,11295.0,11295.0,11295.0,28.0
2018-01-08,11510.0,11520.0,11510.0,11520.0,2.0
2018-01-08,11650.0,11650.0,11640.0,11649.32,450.0
2018-01-08,307.2,309.5,305.0,305.8,13557197.0
2018-01-08,11375.0,11520.5,11320.0,11340.0,19.0
2018-01-09,11339.0,11339.99,11320.0,11320.0,87.0
2018-01-09,307.5,309.5,303.3,304.3,15574755.0
2018-01-09,11240.0,11750.0,11240.0,11647.0,734.0
2018-01-10,11650.0,11650.0,11606.0,11622.62,122.0
2018-01-10,304.65,305.85,300.0,301.1,13064599.0
2018-01-10,11322.0,11322.0,11321.0,11321.5,20.0
2018-01-11,11551.03,11645.95,11551.03,11602.97,206.0
2018-01-11,300.9,303.0,300.0,302.2,12299087.0
2018-01-11,11332.0,11332.0,11321.0,11327.4,20.0
2018-01-11,11221.0,11260.0,11200.0,11233.3,115.0
2018-01-12,11330.0,11330.0,11325.0,11325.0,12.0
2018-01-12,11601.01,11618.99,11585.0,11599.2,406.0
2018-01-12,304.65,304.65,300.55,302.25,17594228.0
2018-01-15,11325.05,11325.05,11025.0,11316.0,257.0
2018-01-15,303.95,305.25,301.55,302.6,18189668.0
2018-01-15,11600.0,11649.99,11595.0,11600.0,218.0
2018-01-16,11577.0,11600.0,11532.0,11580.73,509.0
2018-01-16,302.4,303.35,295.3,296.15,18040940.0
2018-01-16,11301.0,11301.0,11300.0,11300.0,34.0
2018-01-16,11156.0,11284.0,11156.0,11284.0,7.0
2018-01-17,296.0,308.4,292.6,307.1,26277307.0
2018-01-17,11700.0,11700.0,11522.0,11539.84,523.0
2018-01-17,11300.0,11350.0,11300.0,11320.1,110.0
2018-01-18,11280.0,11280.0,11280.0,11280.0,1.0
2018-01-18,315.0,317.8,300.5,303.25,40000111.0
2018-01-18,11600.0,11650.0,11561.0,11580.0,317.0
2018-01-18,11380.0,11380.0,11315.0,11322.7,60.0
2018-01-19,11311.0,11311.0,11311.0,11311.0,1.0
2018-01-19,303.95,310.0,302.5,309.25,18461642.0
2018-01-19,11800.0,11800.0,11550.0,11569.72,345.0
2018-01-22,11580.0,11625.0,11580.0,11605.0,437.0
2018-01-22,308.35,308.75,304.05,306.5,12622645.0
2018-01-22,11280.0,11360.0,11280.0,11342.0,14.0
2018-01-23,11620.0,11640.0,11585.0,11624.79,225.0
2018-01-23,11360.0,11390.0,11325.0,11325.0,31.0
2018-01-23,306.4,320.55,306.35,318.1,35252217.0
2018-01-24,11695.0,11695.0,11625.0,11639.0,227.0
2018-01-24,11305.0,11350.0,11280.1,11295.09,46.0
2018-01-24,11290.0,11290.0,11290.0,11290.0,10.0
2018-01-24,317.7,331.6,316.2,329.9,38070520.0
2018-01-25,332.75,332.75,311.85,313.15,42466150.0
2018-01-25,11349.95,11349.95,11290.0,11292.62,26.0
2018-01-25,11585.02,11659.0,11585.02,11646.2,112.0
2018-01-29,11645.0,11650.0,11602.0,11626.3,358.0
2018-01-29,11313.0,11313.0,11300.0,11300.0,85.0
2018-01-29,313.15,316.9,311.0,312.1,23600898.0
2018-01-29,11400.0,11400.0,11400.0,11400.0,1.0
2018-01-30,11570.0,11648.0,11500.0,11646.38,310.0
2018-01-30,11300.0,11320.0,11290.0,11301.55,40.0
2018-01-30,11222.0,11222.0,11000.0,11171.4,40.0
2018-01-30,312.05,318.85,311.0,313.55,25810404.0
2018-01-31,11647.0,11654.95,11631.0,11643.88,352.0
2018-01-31,11300.0,11305.0,11300.0,11301.8,9.0
2018-01-31,313.0,316.6,307.85,313.25,16409938.0
2018-02-01,316.9,317.4,305.0,306.05,19515991.0
2018-02-01,11292.05,11304.0,11292.05,11301.58,13.0
2018-02-01,11670.0,11678.95,11645.0,11652.47,230.0
2018-02-02,11645.1,11650.95,11600.0,11638.89,362.0
2018-02-02,302.9,305.75,295.5,297.35,23274673.0
2018-02-02,11350.0,11350.0,11301.0,11301.01,24.0
2018-02-05,11635.0,11648.99,11595.2,11611.32,813.0
2018-02-05,292.65,300.4,290.0,298.05,18940578.0
2018-02-05,11350.0,11350.0,11305.0,11315.0,120.0
2018-02-05,11200.0,11200.0,11176.0,11176.0,8.0
2018-02-06,285.0,297.3,282.9,291.75,30577218.0
2018-02-06,11607.0,11620.0,11602.0,11617.15,280.0
2018-02-06,11290.05,11301.0,11250.0,11296.25,78.0
2018-02-07,11300.0,11305.0,11300.0,11305.0,9.0
2018-02-07,11635.0,11635.0,11604.0,11625.0,244.0
2018-02-07,296.6,297.9,290.0,292.8,21463818.0
2018-02-08,11499.0,11499.0,11499.0,11499.0,10.0
2018-02-08,11600.0,11655.0,11600.0,11650.0,108.0
2018-02-08,292.9,303.3,292.55,301.4,18932796.0
2018-02-08,11305.0,11305.0,11305.0,11305.0,1.0
2018-02-09,11304.0,11320.0,11304.0,11320.0,3.0
2018-02-09,11300.0,11300.0,11300.0,11300.0,1.0
2018-02-09,11600.0,11685.0,11600.0,11615.0,201.0
2018-02-09,297.0,300.6,295.0,296.4,15750824.0
2018-02-12,288.25,292.4,285.15,288.75,50839665.0
2018-02-12,11400.0,11400.0,11400.0,11400.0,8.0
2018-02-12,11605.1,11650.0,11605.01,11630.0,155.0
2018-02-14,11226.0,11226.0,11226.0,11226.0,5.0
2018-02-14,11320.0,11320.0,11320.0,11320.0,2.0
2018-02-14,288.7,288.7,275.0,276.2,45641149.0
2018-02-14,11625.0,11644.0,11620.0,11633.02,151.0
2018-02-15,11620.0,11635.0,11595.0,11600.49,787.0
2018-02-15,274.8,282.3,274.25,278.7,26058237.0
2018-02-15,11333.33,11340.0,11315.0,11323.69,75.0
2018-02-15,11261.0,11261.0,11261.0,11261.0,10.0
2018-02-16,11600.0,11619.0,11599.99,11601.11,603.0
2018-02-16,280.5,281.2,270.05,271.65,30338112.0
2018-02-16,11313.33,11340.0,11311.0,11319.17,100.0
2018-02-19,11600.0,11630.0,11600.0,11629.94,1799.0
2018-02-19,271.5,272.0,256.65,268.5,43847791.0
2018-02-19,11320.0,11320.0,11300.1,11300.1,31.0
2018-02-20,11340.0,11400.0,11340.0,11400.0,52.0
2018-02-20,11635.0,11635.0,11625.0,11629.15,805.0
2018-02-20,269.0,274.2,264.8,269.65,33458021.0
2018-02-21,11630.0,11660.0,11622.0,11653.22,1654.0
2018-02-21,272.2,274.1,267.4,273.3,23714454.0
2018-02-21,11310.0,11350.0,11310.0,11350.0,10.0
2018-02-22,270.4,273.6,269.45,272.6,25584062.0
2018-02-22,11689.0,11689.0,11555.0,11580.24,8452.0
2018-02-22,11350.0,11370.0,11350.0,11362.72,42.0
2018-02-22,11226.0,11226.0,11225.0,11225.35,28.0
2018-02-23,11585.0,11585.0,11520.1,11527.29,2311.0
2018-02-23,273.45,277.2,272.5,276.05,15482147.0
2018-02-23,11390.0,11395.0,11390.0,11391.87,8.0
2018-02-26,11519.0,11519.0,11519.0,11519.0,1.0
2018-02-26,11510.1,11568.0,11510.1,11549.99,2099.0
2018-02-26,280.0,280.0,273.85,274.45,15306032.0
2018-02-27,11528.0,11564.99,11528.0,11549.41,1927.0
2018-02-27,273.0,275.9,265.95,267.6,20824909.0
2018-02-28,11599.0,11599.0,11540.0,11548.95,661.0
2018-02-28,264.25,269.7,260.8,268.0,26810799.0
2018-03-01,11525.0,11568.0,11525.0,11549.43,488.0
2018-03-01,266.3,270.0,261.25,262.15,22859175.0
2018-03-01,11480.0,11480.0,11300.0,11309.17,41.0
2018-03-05,260.45,265.0,258.75,263.5,18484565.0
2018-03-05,11549.0,11579.99,11535.1,11548.86,640.0
2018-03-05,11321.0,11321.0,11312.0,11312.0,8.0
2018-03-06,265.85,266.0,255.0,256.55,20778164.0
2018-03-06,11100.0,11575.0,11100.0,11520.31,558.0
2018-03-07,11300.0,11570.0,11275.0,11547.37,299.0
2018-03-07,11305.0,11305.0,11303.0,11304.33,9.0
2018-03-07,255.05,255.35,246.05,246.65,31262500.0
2018-03-08,11410.0,11570.0,11410.0,11560.5,612.0
2018-03-08,11350.0,11350.0,11301.0,11306.64,80.0
2018-03-08,247.0,257.95,244.3,256.8,33133336.0
2018-03-09,11301.01,11301.01,11301.0,11301.0,3.0
2018-03-09,11478.0,11478.0,11475.0,11475.0,20.0
2018-03-09,11600.0,11660.98,11570.0,11597.92,737.0
2018-03-09,257.0,257.4,251.65,253.25,21536191.0
2018-03-12,254.1,255.25,247.25,252.85,25332474.0
2018-03-12,11201.5,11201.5,11201.5,11201.5,3.0
2018-03-12,11310.0,11310.0,11310.0,11310.0,25.0
2018-03-12,11600.0,11675.0,11591.0,11599.86,783.0
2018-03-13,11610.0,11625.0,11581.0,11614.37,112.0
2018-03-13,11300.1,11305.0,11300.0,11305.0,20.0
2018-03-13,251.3,262.4,249.6,254.7,37647221.0
2018-03-14,11624.0,11624.0,11566.1,11576.96,769.0
2018-03-14,11305.0,11320.0,11301.0,11320.0,22.0
2018-03-14,252.5,257.85,250.0,257.05,25471485.0
2018-03-15,10450.0,10600.0,10450.0,10536.77,57.0
2018-03-15,10600.0,10600.0,10600.0,10600.0,19.0
2018-03-15,10702.0,10702.0,10620.0,10632.07,774.0
2018-03-15,257.0,258.8,252.55,253.7,18339890.0
2018-03-16,250.65,255.7,250.1,252.3,25728297.0
2018-03-16,10649.99,10658.0,10638.0,10638.58,1174.0
2018-03-16,10450.0,10499.0,10450.0,10450.0,62.0
2018-03-19,10468.0,10489.0,10468.0,10474.63,72.0
2018-03-19,10600.0,10600.0,10400.0,10466.66,4.0
2018-03-19,10660.0,10660.0,10635.0,10637.97,1619.0
2018-03-19,252.9,253.6,246.1,247.95,18167594.0
2018-03-20,10480.0,10500.0,10480.0,10484.5,10.0
2018-03-20,10659.9,10660.0,10620.0,10626.58,1010.0
2018-03-20,246.85,252.25,245.35,249.1,20556571.0
2018-03-21,10450.0,10460.0,10445.0,10459.59,41.0
2018-03-21,10700.0,10700.0,10700.0,10700.0,3.0
2018-03-21,10664.99,10664.99,10625.0,10644.52,2039.0
2018-03-21,251.75,254.3,247.1,248.0,19533972.0
2018-03-22,10627.0,10655.0,10559.6,10632.84,1942.0
2018-03-22,10465.0,10465.0,10450.0,10450.0,4.0
2018-03-22,247.0,247.35,240.65,241.55,26828240.0
2018-03-23,10420.2,10425.02,10420.2,10425.02,4.0
2018-03-23,237.8,239.65,232.35,234.8,27150262.0
2018-03-23,10606.03,10690.0,10606.03,10671.43,351.0
2018-03-26,10590.0,10590.0,10425.0,10485.47,31.0
2018-03-26,234.75,247.85,234.25,246.5,30373940.0
2018-03-26,10675.0,10675.0,10630.0,10652.37,506.0
2018-03-27,250.0,255.5,248.0,254.35,31205051.0
2018-03-27,10550.0,10550.0,10400.0,10400.0,15.0
2018-03-27,10720.0,10730.0,10665.0,10699.19,363.0
2018-03-28,252.0,256.2,248.7,249.9,36673566.0
2018-03-28,10730.0,10750.0,10720.0,10748.17,259.0
2018-03-28,10600.0,10600.0,10600.0,10600.0,15.0
2018-04-02,10497.99,10510.0,10497.99,10510.0,73.0
2018-04-02,251.8,252.0,244.9,246.15,14993188.0
2018-04-02,10750.0,10825.0,10702.0,10801.52,431.0
2018-04-03,249.55,252.8,248.25,250.5,19883309.0
2018-04-03,10850.0,10910.0,10823.0,10902.32,620.0
2018-04-03,10515.0,10515.0,10504.0,10512.48,22.0
2018-04-04,10505.0,10749.99,10505.0,10650.0,185.0
2018-04-04,251.7,253.0,245.5,247.3,18824449.0
2018-04-04,10940.0,11049.99,10930.0,11017.28,703.0
2018-04-04,10600.0,10600.0,10500.0,10500.0,8.0
2018-04-05,10650.0,10674.0,10645.0,10670.99,120.0
2018-04-05,252.6,261.9,250.0,259.3,22880821.0
2018-04-05,11050.0,11090.0,10977.0,11010.72,1253.0
2018-04-06,259.65,261.45,254.85,259.7,24868860.0
2018-04-06,11011.0,11078.0,11011.0,11047.76,610.0
2018-04-06,10674.99,10675.0,10650.0,10662.75,9.0
2018-04-09,10985.0,11049.0,10802.0,11002.21,2228.0
2018-04-09,10625.0,10625.0,10625.0,10625.0,1.0
2018-04-09,10688.0,10774.0,10688.0,10772.99,68.0
2018-04-09,260.65,262.75,257.6,260.65,20208874.0
2018-04-10,261.1,265.0,258.5,263.3,21201141.0
2018-04-10,11040.0,11050.0,11020.0,11022.0,476.0
2018-04-10,10773.0,10780.0,10773.0,10776.5,2.0
2018-04-10,10949.0,10949.0,10949.0,10949.0,1.0
2018-04-11,263.0,263.0,256.3,257.05,14885838.0
2018-04-11,11037.99,11037.99,11008.15,11029.9,1537.0
2018-04-11,10775.0,10775.0,10650.0,10693.97,137.0
2018-04-12,257.5,257.5,252.25,253.8,18660913.0
2018-04-12,10695.0,10695.0,10695.0,10695.0,4.0
2018-04-12,11030.0,11050.0,11021.0,11038.77,525.0
2018-04-13,11025.0,11065.0,11025.0,11050.15,472.0
2018-04-13,10765.0,10765.0,10681.0,10699.99,71.0
2018-04-13,10700.0,10899.94,10700.0,10773.1,33.0
2018-04-13,254.0,255.95,249.7,250.95,25654020.0
2018-04-16,249.35,251.3,247.1,249.0,16408377.0
2018-04-16,11045.0,11085.0,11045.0,11064.51,275.0
2018-04-16,11240.0,11240.0,10626.0,10652.0,37.0
2018-04-17,10650.6,10767.99,10649.99,10767.99,22.0
2018-04-17,251.4,252.5,246.6,248.15,15922452.0
2018-04-17,11066.0,11200.0,11066.0,11166.18,486.0
2018-04-18,249.5,249.9,245.3,246.45,16142387.0
2018-04-18,10890.0,10890.0,10890.0,10890.0,9.0
2018-04-18,11149.0,11200.0,11072.0,11123.69,836.0
2018-04-18,10760.0,10769.88,10760.0,10769.88,3.0
2018-04-19,10630.0,10630.0,10630.0,10630.0,4.0
2018-04-19,11198.0,11198.0,10725.0,10743.56,5482.0
2018-04-19,10948.0,10948.0,10625.0,10627.42,77.0
2018-04-19,247.1,248.45,245.2,246.15,13166927.0
2018-04-20,10779.9,10779.98,10650.0,10699.99,49.0
2018-04-20,245.85,245.85,239.5,241.2,15546939.0
2018-04-20,10750.0,10844.0,10712.3,10802.85,3413.0
2018-04-23,241.9,244.85,239.3,242.45,12111837.0
2018-04-23,10805.6,10865.0,10780.0,10840.91,884.0
2018-04-23,10779.99,10779.99,10705.0,10749.49,186.0
2018-04-24,10749.99,10750.0,10749.99,10750.0,25.0
2018-04-24,242.0,243.4,239.6,240.6,9486349.0
2018-04-24,10846.0,10846.0,10806.0,10817.09,1298.0
2018-04-25,10780.0,10780.0,10515.05,10515.05,26.0
2018-04-25,10865.0,10865.0,10785.0,10803.7,2351.0
2018-04-25,239.7,240.75,236.75,237.2,13124853.0
2018-04-26,238.4,238.8,232.5,233.2,24495144.0
2018-04-26,10850.0,10850.0,10801.15,10835.86,736.0
2018-04-26,10650.01,10690.0,10650.0,10690.0,11.0
2018-04-27,233.25,245.8,233.25,242.6,31401889.0
2018-04-27,10605.02,10841.0,10605.02,10833.28,63.0
2018-04-27,10820.0,10879.9,10820.0,10855.89,531.0
2018-04-30,10700.0,10725.0,10700.0,10725.0,11.0
2018-04-30,244.8,249.7,244.5,246.4,17263193.0
2018-04-30,10878.0,10924.9,10870.0,10907.61,417.0
2018-05-02,10880.0,10914.9,10880.0,10910.76,538.0
2018-05-02,245.9,246.3,239.75,241.0,12887066.0
2018-05-02,10750.0,10835.0,10750.0,10834.99,26.0
2018-05-03,10880.0,10920.0,10677.05,10772.32,5078.0
2018-05-03,240.95,243.4,238.75,241.9,12939642.0
2018-05-03,10825.0,10840.0,10602.0,10602.0,124.0
2018-05-04,243.5,243.9,240.35,241.95,12777310.0
2018-05-04,10825.05,10825.05,10650.0,10650.0,165.0
2018-05-04,10801.0,10843.0,10791.0,10811.02,936.0
2018-05-07,242.45,248.2,242.05,246.5,15122614.0
2018-05-07,10815.0,10844.0,10799.99,10818.69,1642.0
2018-05-07,10700.0,10700.0,10700.0,10700.0,51.0
2018-05-07,11250.0,11250.0,10570.0,10579.74,86.0
2018-05-08,10630.0,10630.0,10576.0,10603.22,64.0
2018-05-08,10699.0,11240.0,10520.0,10598.04,184.0
2018-05-08,248.0,252.6,244.6,250.05,23293920.0
2018-05-08,10822.64,10822.64,10800.0,10808.43,1534.0
2018-05-09,249.8,249.8,246.3,248.0,11429823.0
2018-05-09,10630.0,10630.0,10630.0,10630.0,20.0
2018-05-09,10800.1,10825.0,10790.0,10805.5,849.0
2018-05-10,10795.0,10819.99,10720.0,10728.15,1068.0
2018-05-10,248.25,250.2,246.3,247.95,13160967.0
2018-05-10,10606.1,10606.1,10606.0,10606.06,5.0
2018-05-10,10600.01,10600.01,10600.01,10600.01,3.0
2018-05-11,10528.0,10650.0,10520.0,10629.0,20.0
2018-05-11,247.6,251.6,246.05,250.35,11958589.0
2018-05-11,10760.0,10785.0,10702.0,10724.34,1377.0
2018-05-14,10635.0,10636.0,10635.0,10636.0,7.0
2018-05-14,10610.0,10610.0,10606.0,10606.0,4.0
2018-05-14,249.95,255.8,248.15,253.6,18673849.0
2018-05-14,10735.0,10760.0,10716.1,10719.82,1357.0
2018-05-15,10720.0,10734.0,10703.0,10720.82,1201.0
2018-05-15,253.0,257.45,245.9,248.0,18026861.0
2018-05-15,10602.0,10602.0,10600.0,10600.0,10.0
2018-05-16,10602.5,10602.5,10599.0,10599.0,30.0
2018-05-16,245.5,248.7,240.6,243.1,17222004.0
2018-05-16,10716.01,10749.0,10712.0,10734.58,415.0
2018-05-17,10660.0,10730.0,10650.0,10711.66,12.0
2018-05-17,244.2,246.0,241.15,242.7,11721064.0
2018-05-17,10755.0,10795.0,10735.0,10759.32,385.0
2018-05-18,10731.0,10785.0,10731.0,10768.56,251.0
2018-05-18,10600.01,10615.0,10551.0,10557.7,20.0
2018-05-18,243.0,244.0,237.85,238.85,11873041.0
2018-05-21,243.55,245.75,240.3,244.45,18780730.0
2018-05-21,10780.0,10794.7,10770.0,10776.94,776.0
2018-05-21,10624.99,10624.99,10565.0,10568.0,3.0
2018-05-21,10600.0,10600.0,10591.0,10591.0,3.0
2018-05-22,243.65,259.7,241.0,253.9,68713602.0
2018-05-22,10799.5,10848.0,10742.0,10758.05,933.0
2018-05-22,10570.05,10570.05,10530.25,10567.22,39.0
2018-05-22,10601.25,10601.25,10580.0,10580.0,43.0
2018-05-23,10800.0,10847.99,10775.0,10814.51,939.0
2018-05-23,10550.0,10550.0,10540.0,10542.8,75.0
2018-05-23,254.65,269.75,254.3,263.2,71202072.0
2018-05-23,10575.0,10580.0,10575.0,10580.0,17.0
2018-05-24,263.85,269.7,260.65,268.5,34679642.0
2018-05-24,10580.0,10770.0,10570.0,10570.0,85.0
2018-05-24,10785.0,10837.99,10785.0,10821.76,55.0
2018-05-25,10800.0,10860.0,10800.0,10850.65,331.0
2018-05-25,267.8,268.4,262.55,266.95,22317308.0
2018-05-25,10650.0,10650.0,10600.0,10600.0,9.0
2018-05-25,10600.0,10600.0,10560.0,10564.44,19.0
2018-05-28,10610.05,10615.0,10610.0,10610.91,46.0
2018-05-28,10565.0,10565.0,10545.15,10550.91,36.0
2018-05-28,10830.0,10910.0,10820.0,10827.5,825.0
2018-05-28,267.4,274.2,266.05,272.05,18959368.0
2018-05-29,10874.0,10874.0,10800.0,10819.66,994.0
2018-05-29,270.5,270.95,262.8,264.3,16107543.0
2018-05-29,10600.0,10690.0,10571.08,10587.16,31.0
2018-05-30,260.5,268.0,259.95,267.15,19320209.0
2018-05-30,10782.03,10899.0,10782.03,10846.61,266.0
2018-05-30,10600.0,10644.0,10600.0,10644.0,37.0
2018-05-31,10850.0,10878.99,10815.0,10827.62,466.0
2018-05-31,266.85,274.8,263.15,269.55,31935892.0
2018-06-01,10650.0,10660.0,10621.0,10652.0,25.0
2018-06-01,10872.99,10872.99,10826.01,10866.0,385.0
2018-06-01,269.25,269.8,264.6,266.7,16574717.0
2018-06-04,10611.0,10611.0,10611.0,10611.0,3.0
2018-06-04,10850.0,10860.0,10834.0,10855.92,385.0
2018-06-04,268.0,268.35,261.3,263.0,12933824.0
2018-06-05,10859.99,10865.0,10845.0,10859.97,398.0
2018-06-05,260.9,265.25,260.9,263.55,14102731.0
2018-06-05,10650.0,10650.0,10650.0,10650.0,25.0
2018-06-06,10847.0,10875.0,10847.0,10861.0,546.0
2018-06-06,263.0,271.4,262.2,270.15,18315171.0
2018-06-07,10879.0,10892.0,10870.0,10887.0,212.0
2018-06-07,271.05,272.9,268.4,269.65,18773700.0
2018-06-08,10648.0,10648.0,10648.0,10648.0,25.0
2018-06-08,10875.0,10899.0,10875.0,10893.42,507.0
2018-06-08,268.95,273.9,267.0,273.0,14096549.0
2018-06-11,10900.0,10900.05,10830.0,10850.89,906.0
2018-06-11,273.3,278.4,273.15,274.0,18219428.0
2018-06-11,10785.0,10798.99,10785.0,10798.99,9.0
2018-06-12,10795.0,10796.0,10700.0,10700.0,21.0
2018-06-12,10879.0,10900.0,10851.1,10866.33,289.0
2018-06-12,274.0,284.4,274.0,282.85,31358021.0
2018-06-13,10700.0,10700.0,10686.0,10700.0,49.0
2018-06-13,10650.0,10650.0,10650.0,10650.0,7.0
2018-06-13,10876.0,10890.0,10875.0,10889.05,166.0
2018-06-13,284.0,289.65,283.65,287.7,26748300.0
2018-06-14,10650.0,10650.0,10650.0,10650.0,5.0
2018-06-14,10680.0,10681.0,10680.0,10680.11,36.0
2018-06-14,10851.03,10900.0,10850.0,10890.61,411.0
2018-06-14,286.55,286.55,281.3,282.6,18513730.0
2018-06-15,10605.0,10605.0,10605.0,10605.0,30.0
2018-06-15,10682.0,10700.0,10680.0,10680.0,29.0
2018-06-15,10866.0,10895.0,10865.0,10876.1,152.0
2018-06-15,282.75,283.45,276.6,277.45,16949917.0
2018-06-18,10875.0,10890.0,10851.0,10860.29,427.0
2018-06-18,278.0,279.75,275.45,276.85,13542420.0
2018-06-18,10670.0,10720.0,10670.0,10700.0,77.0
2018-06-18,10610.0,10610.0,10600.0,10600.0,33.0
2018-06-19,10860.0,10880.0,10840.0,10869.75,294.0
2018-06-19,276.0,276.7,269.75,272.6,20726975.0
2018-06-20,10877.0,10880.0,10860.0,10861.86,326.0
2018-06-20,273.2,274.75,271.1,273.3,14002946.0
2018-06-20,10620.0,10650.0,10610.0,10610.0,10.0
2018-06-21,10650.0,10650.0,10650.0,10650.0,3.0
2018-06-21,10760.0,10760.0,10760.0,10760.0,10.0
2018-06-21,10856.0,10870.0,10856.0,10867.69,112.0
2018-06-21,274.75,274.75,268.1,268.65,12954943.0
2018-06-22,10900.0,10905.0,10866.0,10869.61,284.0
2018-06-22,269.0,273.7,265.75,273.05,20784133.0
2018-06-22,10765.0,10765.0,10765.0,10765.0,2.0
2018-06-25,10870.0,10870.0,10845.0,10852.56,287.0
2018-06-25,271.85,273.15,267.2,268.45,10934401.0
2018-06-25,10749.0,10749.0,10749.0,10749.0,1.0
2018-06-25,10650.0,10650.0,10650.0,10650.0,1.0
2018-06-26,10750.0,10760.0,10750.0,10758.46,24.0
2018-06-26,267.25,271.2,265.4,267.4,16867009.0
2018-06-26,10855.0,10865.0,10830.0,10850.0,337.0
2018-06-27,267.35,267.35,261.0,261.7,16277655.0
2018-06-27,10670.0,10899.0,10620.0,10842.14,242.0
2018-06-27,10760.0,10760.0,10610.0,10617.3,27.0
2018-06-28,10640.0,10869.0,10635.0,10828.79,323.0
2018-06-28,10600.0,10600.0,10600.0,10600.0,6.0
2018-06-28,260.4,262.0,255.7,257.0,21349738.0
2018-06-29,10620.0,10620.0,10620.0,10620.0,1.0
2018-06-29,10825.0,10869.0,10817.0,10846.75,184.0
2018-06-29,10648.99,10648.99,10560.0,10560.0,26.0
2018-06-29,258.25,263.45,258.2,259.35,16244724.0
2018-07-02,10860.0,10879.5,10836.0,10850.0,161.0
2018-07-02,10610.0,10746.99,10610.0,10680.99,33.0
2018-07-02,10650.0,10650.0,10650.0,10650.0,1.0
2018-07-02,258.95,261.75,254.0,258.85,21896701.0
2018-07-03,10837.0,10845.0,10798.0,10799.98,1842.0
2018-07-03,259.6,260.9,256.4,257.5,16099030.0
2018-07-04,255.75,258.35,254.5,257.45,14206935.0
2018-07-04,10810.0,10835.0,10800.0,10831.26,378.0
2018-07-04,10670.4,10670.4,10670.4,10670.4,5.0
2018-07-04,10620.0,10620.0,10620.0,10620.0,5.0
2018-07-05,10619.99,10619.99,10585.0,10590.83,6.0
2018-07-05,257.9,258.7,255.15,256.45,11215032.0
2018-07-05,10612.01,10670.0,10612.01,10660.0,10.0
2018-07-05,10850.0,10850.0,10810.0,10841.77,293.0
2018-07-06,10650.0,10846.99,10650.0,10803.49,534.0
2018-07-06,256.1,260.8,255.55,257.2,16174019.0
2018-07-06,10603.0,10603.0,10603.0,10603.0,2.0
2018-07-06,10600.0,10600.0,10600.0,10600.0,1.0
2018-07-09,10605.0,10605.0,10600.0,10600.0,2.0
2018-07-09,10840.0,10840.0,10840.0,10840.0,1.0
2018-07-09,10810.0,10845.0,10791.0,10839.41,173.0
2018-07-09,258.2,262.4,257.95,261.55,13220744.0
2018-07-10,10850.0,10858.5,10813.0,10829.23,270.0
2018-07-10,263.85,265.75,262.4,263.75,11487165.0
2018-07-10,10649.95,10649.95,10649.95,10649.95,10.0
2018-07-10,10700.0,10754.0,10615.0,10615.0,16.0
2018-07-11,10860.0,10867.99,10832.0,10860.64,489.0
2018-07-11,10616.0,10616.0,10560.0,10606.57,37.0
2018-07-11,262.65,262.65,257.9,259.1,12857179.0
2018-07-12,261.4,264.5,261.15,262.75,10642215.0
2018-07-12,10644.0,10644.0,10644.0,10644.0,1.0
2018-07-12,10859.0,10875.0,10850.0,10866.53,356.0
2018-07-12,10656.0,10656.0,10620.0,10620.0,28.0
2018-07-13,10870.0,10885.0,10870.0,10879.43,125.0
2018-07-13,10700.0,10700.0,10615.0,10615.06,43.0
2018-07-13,10650.0,10650.0,10650.0,10650.0,1.0
2018-07-13,262.1,262.4,256.8,257.75,11976239.0
2018-07-16,10850.0,10885.0,10831.0,10861.72,444.0
2018-07-16,10571.01,10645.0,10571.01,10631.66,34.0
2018-07-16,10600.0,10600.0,10591.0,10593.57,8.0
2018-07-16,257.0,257.5,251.0,251.6,8965623.0
2018-07-17,250.7,259.85,250.45,259.05,16067598.0
2018-07-17,10650.0,10650.0,10650.0,10650.0,1.0
2018-07-17,10645.0,10645.0,10643.0,10645.0,72.0
2018-07-17,10853.03,10874.0,10853.0,10869.67,118.0
2018-07-18,10876.0,10876.0,10862.0,10868.93,467.0
2018-07-18,10650.0,10650.0,10632.0,10636.05,77.0
2018-07-18,10600.0,10600.0,10592.0,10594.66,3.0
2018-07-18,260.1,262.5,256.15,259.55,17641125.0
2018-07-19,10866.0,10879.5,10866.0,10876.33,267.0
2018-07-19,10648.0,10650.0,10640.0,10643.07,112.0
2018-07-19,10600.0,10600.0,10591.2,10592.97,7.0
2018-07-19,259.4,263.5,256.2,260.2,9958284.0
2018-07-20,10600.1,10600.1,10580.0,10580.0,45.0
2018-07-20,259.9,263.0,258.55,261.5,6120163.0
2018-07-20,10879.95,10885.0,10872.0,10883.66,267.0
2018-07-20,10630.0,10641.1,10630.0,10640.27,14.0
2018-07-23,262.0,267.5,260.6,266.35,17013119.0
2018-07-23,10880.95,10900.0,10872.0,10886.05,270.0
2018-07-23,10650.0,10650.0,10650.0,10650.0,10.0
2018-07-23,10600.0,10600.0,10600.0,10600.0,10.0
2018-07-24,267.2,269.2,265.55,266.85,9320281.0
2018-07-24,10900.0,10911.0,10900.0,10907.39,252.0
2018-07-24,10650.0,10670.0,10638.0,10670.0,429.0
2018-07-25,10606.0,10606.0,10606.0,10606.0,2.0
2018-07-25,10909.0,10915.0,10909.0,10915.0,104.0
2018-07-25,268.0,272.85,265.65,271.85,13099277.0
2018-07-25,10669.0,10670.0,10640.02,10640.02,30.0
2018-07-26,10605.0,10605.0,10587.0,10594.2,25.0
2018-07-26,275.1,289.4,274.2,287.7,53496546.0
2018-07-26,10900.0,10920.0,10900.0,10910.94,135.0
2018-07-27,10900.0,10917.75,10885.0,10917.14,171.0
2018-07-27,10595.0,10595.0,10595.0,10595.0,1.0
2018-07-27,289.5,297.0,285.1,286.75,32175436.0
2018-07-30,10875.0,10917.5,10875.0,10912.69,400.0
2018-07-30,10642.0,10700.0,10642.0,10700.0,53.0
2018-07-30,10650.0,10650.0,10650.0,10650.0,1.0
2018-07-30,289.2,299.55,289.2,297.4,40949610.0
2018-07-31,10650.0,10650.0,10650.0,10650.0,1.0
2018-07-31,297.0,302.4,291.8,293.5,36510328.0
2018-07-31,10925.0,10935.0,10906.0,10916.89,374.0
2018-07-31,10638.0,10670.0,10638.0,10670.0,7.0
2018-08-01,10910.0,10930.0,10910.0,10917.54,57.0
2018-08-01,10700.0,10710.0,10700.0,10700.0,29.0
2018-08-01,294.5,298.0,288.35,295.1,33885474.0
2018-08-02,10930.0,10950.0,10920.0,10940.69,444.0
2018-08-02,10750.0,10750.0,10730.0,10730.0,7.0
2018-08-02,293.0,296.4,290.55,293.9,15665209.0
2018-08-03,10925.0,10965.0,10925.0,10946.0,186.0
2018-08-03,294.6,299.95,294.5,299.25,18254462.0
2018-08-06,300.6,311.35,300.6,308.5,31576923.0
2018-08-06,10945.0,10999.9,10945.0,10999.02,239.0
2018-08-06,10750.0,10750.0,10750.0,10750.0,2.0
2018-08-07,10751.0,10800.0,10751.0,10787.0,12.0
2018-08-07,309.85,311.7,303.05,304.05,23929123.0
2018-08-07,10950.0,11084.0,10950.0,11064.82,538.0
2018-08-07,10655.0,10655.0,10655.0,10655.0,1.0
2018-08-08,10950.0,11100.0,10950.0,11097.52,266.0
2018-08-08,10720.0,10720.0,10720.0,10720.0,49.0
2018-08-08,10800.0,10801.0,10800.0,10801.0,54.0
2018-08-08,304.05,310.9,303.05,308.7,20498279.0
2018-08-09,11052.0,11159.0,11052.0,11074.15,340.0
2018-08-09,10730.0,10730.0,10730.0,10730.0,15.0
2018-08-09,10839.0,10875.0,10810.01,10874.99,26.0
2018-08-09,312.95,319.85,310.15,317.4,46464355.0
2018-08-10,10859.9,10860.0,10770.0,10775.39,95.0
2018-08-10,317.65,326.4,300.5,304.45,111510771.0
2018-08-10,11060.0,11100.0,10995.0,11044.6,351.0
2018-08-10,10735.0,10735.0,10730.0,10730.0,17.0
2018-08-13,11044.0,11057.5,11000.0,11034.24,268.0
2018-08-13,10665.0,10665.0,10665.0,10665.0,9.0
2018-08-13,296.0,302.8,291.1,294.15,58127432.0
2018-08-14,10968.15,11025.0,10962.0,10978.02,1238.0
2018-08-14,10732.0,10732.0,10720.0,10725.66,75.0
2018-08-14,10631.0,10800.0,10631.0,10799.5,4.0
2018-08-14,296.7,298.95,293.35,294.9,25294933.0
2018-08-16,10965.0,10999.0,10931.0,10970.0,556.0
2018-08-16,293.5,298.4,290.25,292.7,31083900.0
2018-08-16,10800.0,10800.0,10750.0,10758.52,116.0
2018-08-17,295.0,302.7,294.05,302.1,21931134.0
2018-08-17,10981.0,11020.0,10980.0,11020.0,246.0
2018-08-17,10721.0,10721.0,10721.0,10721.0,2.0
2018-08-20,304.1,308.7,303.6,307.65,20240462.0
2018-08-20,11020.0,11022.0,11020.0,11022.0,84.0
2018-08-20,10800.0,10800.0,10723.0,10724.56,103.0
2018-08-21,11020.0,11034.96,11010.0,11020.0,128.0
2018-08-21,10733.0,10756.0,10725.5,10750.5,30.0
2018-08-21,308.3,308.85,303.35,307.0,14139592.0
2018-08-23,11011.1,11069.0,10999.0,11060.0,409.0
2018-08-23,10750.0,10750.0,10720.5,10725.0,93.0
2018-08-23,10740.0,10740.0,10740.0,10740.0,15.0
2018-08-23,306.95,306.95,298.3,302.45,22721004.0
2018-08-24,11055.0,11070.0,11020.0,11064.62,226.0
2018-08-24,10713.0,10734.8,10611.1,10696.14,187.0
2018-08-24,300.6,305.7,299.0,300.45,18869585.0
2018-08-27,304.0,310.35,303.3,308.0,28111768.0
2018-08-27,10740.0,10740.0,10640.0,10640.0,4.0
2018-08-27,11030.0,11068.5,11030.0,11051.66,120.0
2018-08-27,10750.0,10768.0,10740.0,10768.0,15.0
2018-08-28,11000.0,11070.0,11000.0,11060.0,322.0
2018-08-28,10740.0,10740.0,10740.0,10740.0,8.0
2018-08-28,10799.0,10800.0,10799.0,10799.97,22.0
2018-08-28,308.05,310.25,303.4,305.35,16890236.0
2018-08-29,306.8,312.0,305.75,309.7,24320824.0
2018-08-29,11099.0,11099.0,11000.0,11098.0,163.0
2018-08-29,10795.0,10799.0,10795.0,10798.98,36.0
2018-08-30,10800.0,10800.0,10800.0,10800.0,1.0
2018-08-30,309.3,310.5,306.0,308.6,19935935.0
2018-08-30,11090.0,11090.0,11045.0,11055.03,109.0
2018-08-30,10740.0,10740.0,10740.0,10740.0,12.0
2018-08-31,11150.0,11155.0,11090.0,11137.76,347.0
2018-08-31,10740.0,10750.0,10740.0,10750.0,20.0
2018-08-31,10790.0,10790.0,10760.0,10765.0,300.0
2018-08-31,307.9,310.65,304.55,309.6,18100140.0
2018-09-03,11090.0,11160.0,11050.0,11080.26,373.0
2018-09-03,10750.0,10750.0,10666.0,10700.0,111.0
2018-09-03,10750.0,10890.0,10750.0,10762.0,7.0
2018-09-03,312.5,312.5,304.8,306.35,14708076.0
2018-09-04,10751.0,10844.99,10751.0,10754.0,19.0
2018-09-04,306.8,307.45,295.45,296.4,42859084.0
2018-09-04,11100.0,11105.0,11050.0,11062.66,444.0
2018-09-04,10700.0,10700.0,10652.0,10655.71,105.0
2018-09-05,11074.9,11075.0,11041.0,11055.14,202.0
2018-09-05,296.5,298.85,290.4,296.55,22922686.0
2018-09-05,10874.0,10874.0,10774.0,10775.75,10.0
2018-09-06,11070.0,11080.0,11030.0,11041.09,611.0
2018-09-06,298.0,299.85,294.5,296.45,18001336.0
2018-09-06,10751.0,10780.0,10750.0,10770.04,18.0
2018-09-07,11000.01,11050.0,11000.01,11039.27,256.0
2018-09-07,295.9,295.9,289.45,291.65,23716678.0
2018-09-07,10780.0,10780.0,10750.0,10778.0,23.0
2018-09-10,11107.0,11110.0,11070.0,11094.07,374.0
2018-09-10,290.65,293.25,283.8,284.85,23354395.0
2018-09-10,10721.0,10800.0,10715.0,10792.1,59.0
2018-09-10,10850.0,10850.0,10850.0,10850.0,1.0
2018-09-11,10736.0,10751.0,10735.5,10749.03,151.0
2018-09-11,11109.0,11110.0,11077.0,11077.0,132.0
2018-09-11,287.35,291.45,281.65,282.6,28361400.0
2018-09-12,11070.0,11108.0,11070.0,11076.14,80.0
2018-09-12,284.0,286.7,280.0,285.3,22717796.0
2018-09-12,10750.0,10750.0,10730.0,10750.0,113.0
2018-09-12,10700.0,10700.01,10700.0,10700.01,23.0
2018-09-14,11060.0,11149.99,11060.0,11144.63,194.0
2018-09-14,290.1,291.8,288.7,290.65,15149585.0
2018-09-14,10751.0,10751.0,10750.0,10750.0,268.0
2018-09-17,10760.0,10770.0,10750.0,10770.0,69.0
2018-09-17,11144.8,11144.95,11115.0,11123.37,217.0
2018-09-17,288.5,288.5,284.1,285.3,16089996.0
2018-09-18,10750.0,10799.99,10747.7,10799.99,204.0
2018-09-18,285.0,286.9,272.4,273.8,33901000.0
2018-09-18,11125.0,11125.0,11114.95,11115.91,205.0
2018-09-19,275.4,282.85,270.5,271.5,40759431.0
2018-09-19,11140.0,11140.0,11080.0,11107.25,135.0
2018-09-19,10830.0,10830.0,10800.0,10830.0,12.0
2018-09-21,10801.15,10820.0,10751.0,10819.23,216.0
2018-09-21,274.2,279.45,253.4,270.6,39308482.0
2018-09-21,11082.0,11150.0,10900.0,10985.01,1115.0
2018-09-21,10750.0,10750.0,10712.0,10723.33,34.0
2018-09-24,10751.0,10751.0,10600.0,10722.01,90.0
2018-09-24,10955.0,11000.0,10900.0,10935.59,411.0
2018-09-24,272.7,273.0,262.6,264.35,24633374.0
2018-09-25,10800.0,10800.0,10705.0,10724.0,127.0
2018-09-25,10750.0,10750.0,10728.0,10728.0,2.0
2018-09-25,264.0,272.95,260.8,270.9,28948831.0
2018-09-25,10999.0,11015.0,10940.0,10970.1,245.0
2018-09-26,274.0,274.0,262.75,263.85,23951904.0
2018-09-26,11025.0,11058.0,10991.0,11025.0,232.0
2018-09-26,10750.0,10789.99,10725.12,10730.21,36.0
2018-09-26,10730.01,10869.0,10730.01,10867.7,11.0
2018-09-27,264.5,268.6,263.75,265.35,24829383.0
2018-09-27,11050.0,11090.0,11013.01,11027.93,347.0
2018-09-27,10750.0,10800.0,10750.0,10751.61,62.0
2018-09-28,11000.0,11095.0,11000.0,11070.13,342.0
2018-09-28,266.4,273.5,262.5,265.5,33803139.0
2018-09-28,10750.0,10850.0,10702.0,10720.02,159.0
2018-10-01,265.5,275.2,264.1,273.85,17711738.0
2018-10-01,11010.0,11090.0,11000.0,11072.8,586.0
2018-10-01,10850.0,10850.0,10850.0,10850.0,25.0
2018-10-01,10735.0,10849.0,10735.0,10799.75,38.0
2018-10-03,11100.0,11149.0,11090.0,11113.89,568.0
2018-10-03,10800.0,10800.0,10745.0,10745.0,9.0
2018-10-03,273.35,278.7,270.6,271.7,19714943.0
2018-10-04,11100.0,11147.75,11002.0,11035.71,1124.0
2018-10-04,10755.05,10755.05,10755.05,10755.05,2.0
2018-10-04,267.95,272.7,265.7,271.35,17754204.0
2018-10-04,10720.0,10845.99,10720.0,10845.99,27.0
2018-10-05,10800.0,10800.0,10740.0,10741.64,18.0
2018-10-05,11065.1,11090.0,11030.0,11036.06,538.0
2018-10-05,271.0,271.0,256.0,258.35,36628643.0
2018-10-05,10756.0,10775.0,10750.0,10750.0,220.0
2018-10-08,259.75,268.5,258.35,265.75,21100804.0
2018-10-08,11050.0,11095.0,11000.0,11009.08,1082.0
2018-10-08,10762.0,10766.0,10726.0,10755.66,74.0
2018-10-08,10750.0,10750.0,10741.64,10741.64,2.0
2018-10-09,268.0,268.15,260.0,262.95,16010883.0
2018-10-09,10990.0,11067.0,10950.0,10997.75,1184.0
2018-10-09,10775.0,10775.0,10755.0,10775.0,93.0
2018-10-09,10750.0,10750.01,10750.0,10750.01,2.0
2018-10-10,10750.01,10750.01,10750.01,10750.01,1.0
2018-10-10,10755.0,10755.0,10755.0,10755.0,10.0
2018-10-10,11094.0,11105.0,10976.01,10999.96,1106.0
2018-10-10,261.6,280.45,261.2,278.65,31772330.0
2018-10-11,268.0,271.5,260.6,262.15,46291120.0
2018-10-11,10985.0,11078.9,10985.0,11002.2,890.0
2018-10-11,10796.0,10796.0,10796.0,10796.0,2.0
2018-10-11,10775.0,10794.0,10775.0,10778.8,15.0
2018-10-12,266.0,267.9,261.5,263.75,42967696.0
2018-10-12,11025.0,11118.0,11025.0,11071.0,237.0
2018-10-12,10825.0,10825.0,10776.0,10810.0,7.0
2018-10-12,10810.0,10810.0,10810.0,10810.0,2.0
2018-10-15,10849.99,10875.0,10849.99,10874.99,24.0
2018-10-15,10910.0,11475.0,10825.0,10900.0,80.0
2018-10-15,264.4,265.7,261.1,263.2,21965859.0
2018-10-15,11080.0,11100.0,11050.5,11077.43,695.0
2018-10-16,264.6,270.85,263.35,270.3,33597068.0
2018-10-16,11150.0,11150.0,11046.5,11048.31,812.0
2018-10-16,10849.0,10874.9,10849.0,10874.9,20.0
2018-10-17,273.75,275.0,260.0,261.15,21631573.0
2018-10-17,11049.0,11070.0,11025.0,11046.62,506.0
2018-10-17,10800.0,10900.0,10800.0,10893.22,10.0
2018-10-19,11052.0,11070.0,11050.0,11056.0,125.0
2018-10-19,10825.0,10899.5,10818.0,10836.0,23.0
2018-10-19,259.7,264.2,258.1,261.1,28474307.0
2018-10-22,10927.9,10927.9,10860.0,10861.66,7.0
2018-10-22,10900.0,10910.0,10860.0,10862.34,74.0
2018-10-22,11020.55,11110.0,11020.5,11084.48,230.0
2018-10-22,266.0,266.0,259.45,260.35,19933462.0
2018-10-23,11084.0,11120.0,11075.0,11111.66,371.0
2018-10-23,258.0,259.0,255.0,255.65,20206307.0
2018-10-24,11040.0,11135.0,11040.0,11089.0,364.0
2018-10-24,10910.0,10910.0,10910.0,10910.0,2.0
2018-10-24,10875.0,10875.0,10820.0,10820.0,15.0
2018-10-24,260.25,261.8,252.8,255.7,25636533.0
2018-10-25,254.5,255.0,248.4,249.55,33066232.0
2018-10-25,11070.0,11130.0,11070.0,11100.39,317.0
2018-10-25,10700.0,10890.0,10700.0,10890.0,3.0
2018-10-25,10860.0,10860.0,10850.0,10850.0,66.0
2018-10-26,252.0,252.5,247.4,248.1,20543437.0
2018-10-26,10807.0,10875.0,10807.0,10874.99,105.0
2018-10-26,10751.05,10878.0,10751.0,10878.0,9.0
2018-10-26,11140.0,11140.0,11092.1,11128.23,132.0
2018-10-29,250.0,269.25,248.4,267.9,37768359.0
2018-10-29,11110.0,11150.0,11093.1,11127.38,336.0
2018-10-29,10880.0,10880.0,10880.0,10880.0,3.0
2018-10-29,10825.0,10900.0,10825.0,10835.0,71.0
2018-10-30,267.5,279.1,266.0,273.15,33401683.0
2018-10-30,11110.0,11150.0,11100.0,11117.5,699.0
2018-10-30,10880.0,10920.0,10880.0,10920.0,14.0
2018-10-30,10850.0,10899.99,10840.0,10840.0,29.0
2018-10-31,11120.0,11170.0,11100.0,11114.36,707.0
2018-10-31,10899.99,10899.99,10899.0,10899.0,8.0
2018-10-31,275.0,282.75,268.6,281.4,28137370.0
2018-11-01,11115.0,11146.9,11015.0,11083.28,1135.0
2018-11-01,283.0,289.0,278.85,285.9,29144808.0
2018-11-01,10881.0,10881.0,10881.0,10881.0,1.0
2018-11-01,10850.05,10900.0,10850.0,10865.0,134.0
2018-11-02,11140.0,11140.0,11050.0,11105.95,564.0
2018-11-02,287.9,292.8,283.2,285.35,27760214.0
2018-11-02,10900.0,10900.0,10900.0,10900.0,2.0
2018-11-02,10910.0,10910.0,10862.0,10868.8,172.0
2018-11-05,11130.0,11130.0,11115.0,11125.89,303.0
2018-11-05,286.45,300.0,283.5,294.95,44619891.0
2018-11-05,10900.0,10900.0,10900.0,10900.0,3.0
2018-11-05,10900.0,10949.0,10870.0,10905.0,158.0
2018-11-06,10900.0,10900.0,10885.0,10885.0,3.0
2018-11-06,11130.0,11150.0,11125.0,11142.06,309.0
2018-11-06,296.1,298.3,283.9,286.45,40688243.0
2018-11-07,288.9,288.9,285.95,286.55,3312160.0
2018-11-07,11150.0,11190.0,11135.1,11149.91,91.0
2018-11-09,11189.5,12887.0,11120.0,11178.49,953.0
2018-11-09,287.0,287.5,282.45,283.25,19201007.0
2018-11-09,10970.0,10970.0,10970.0,10970.0,2.0
2018-11-09,10999.0,11000.0,10898.0,10901.0,24.0
2018-11-12,10998.0,11399.0,10925.0,11058.33,134.0
2018-11-12,10950.0,10970.0,10950.0,10970.0,6.0
2018-11-12,283.7,283.7,276.85,277.95,24044907.0
2018-11-12,11147.0,11184.0,11110.0,11183.25,1010.0
2018-11-13,276.3,279.7,273.35,278.05,25633628.0
2018-11-13,11150.05,11180.0,11115.01,11162.0,966.0
2018-11-14,280.4,287.7,278.0,283.6,52674807.0
2018-11-14,11186.0,11197.0,11174.0,11186.02,194.0
2018-11-14,11000.0,11000.0,10950.0,10950.5,96.0
2018-11-15,11186.0,11210.0,11186.0,11197.0,250.0
2018-11-15,283.85,287.05,281.15,285.4,18445463.0
2018-11-15,10950.0,10950.0,10950.0,10950.0,5.0
2018-11-16,11185.0,11244.0,11185.0,11223.92,51.0
2018-11-16,285.9,291.8,282.6,290.9,24805910.0
2018-11-16,10995.0,10995.02,10991.51,10993.84,4.0
2018-11-19,293.5,293.5,286.05,288.15,13799970.0
2018-11-19,11190.0,11230.0,11181.0,11193.14,329.0
2018-11-20,10950.0,11000.0,10935.05,10936.08,21.0
2018-11-20,285.9,288.55,282.5,283.45,12900924.0
2018-11-20,11180.0,11235.0,11180.0,11199.82,576.0
2018-11-21,283.45,289.55,283.05,287.05,16167419.0
2018-11-21,11229.0,11242.89,11205.0,11215.8,174.0
2018-11-22,285.95,287.05,281.6,282.7,12066797.0
2018-11-22,11193.0,11248.0,11193.0,11216.97,480.0
2018-11-22,10946.0,11115.0,10946.0,11115.0,2.0
2018-11-26,284.1,287.25,279.6,286.4,16846820.0
2018-11-26,11290.0,11290.0,11240.5,11249.46,231.0
2018-11-26,10953.05,10981.0,10953.05,10981.0,73.0
2018-11-27,11240.0,11250.0,11233.1,11237.26,183.0
2018-11-27,284.6,290.5,284.05,289.4,21242956.0
2018-11-28,289.4,292.45,283.0,284.55,19837609.0
2018-11-28,11240.0,11260.0,11240.0,11254.78,215.0
2018-11-28,10955.1,10955.1,10955.1,10955.1,1.0
2018-11-28,10966.0,10970.1,10966.0,10970.1,22.0
2018-11-29,289.3,289.65,284.25,286.4,27919104.0
2018-11-29,11205.0,11285.0,11205.0,11279.5,164.0
2018-11-29,11050.0,11050.01,11050.0,11050.0,36.0
2018-11-29,10970.01,10970.01,10970.0,10970.0,18.0
2018-11-30,11262.0,11298.0,11262.0,11275.42,81.0
2018-11-30,288.8,290.9,283.2,284.65,17583510.0
2018-12-03,10990.0,10990.0,10950.0,10953.56,112.0
2018-12-03,11100.0,11100.0,10965.0,10973.54,377.0
2018-12-03,286.7,287.9,283.25,286.8,15772176.0
2018-12-03,11280.0,11300.0,11270.0,11284.08,231.0
2018-12-04,287.95,287.95,281.9,282.55,11897307.0
2018-12-04,11290.0,11305.0,11280.0,11305.0,225.0
2018-12-04,10950.01,10950.01,10950.01,10950.01,8.0
2018-12-04,11050.0,11135.0,10971.0,10980.39,123.0
2018-12-05,282.45,283.2,277.05,280.15,14893748.0
2018-12-05,11290.0,11328.0,11290.0,11292.67,310.0
2018-12-05,10965.0,11000.0,10965.0,11000.0,60.0
2018-12-06,278.0,279.25,275.1,275.65,11083451.0
2018-12-06,11290.0,11302.0,11260.0,11276.51,1002.0
2018-12-06,10953.0,10953.0,10953.0,10953.0,1.0
2018-12-06,10970.0,11000.0,10970.0,10976.8,7.0
2018-12-07,10972.0,11049.0,10965.0,10971.66,56.0
2018-12-07,277.0,277.35,272.1,275.4,10165275.0
2018-12-07,11290.0,11290.01,11170.0,11235.75,218.0
2018-12-10,271.0,276.4,270.15,274.2,11947887.0
2018-12-10,11244.0,11271.0,11244.0,11270.92,88.0
2018-12-10,10975.0,10975.0,10975.0,10975.0,7.0
2018-12-11,268.35,283.25,268.35,281.25,30927239.0
2018-12-11,11275.0,11299.99,11243.0,11296.86,240.0
2018-12-11,11091.0,11091.0,10988.0,10992.16,29.0
2018-12-12,283.75,285.85,282.2,285.25,21765939.0
2018-12-12,11289.0,11312.0,11285.0,11306.59,112.0
2018-12-12,11086.0,11086.0,11086.0,11086.0,15.0
2018-12-13,11100.0,11100.0,10999.0,11097.5,8.0
2018-12-13,11001.0,11001.0,11000.0,11000.0,32.0
2018-12-13,11290.0,11384.0,11290.0,11371.7,430.0
2018-12-13,290.0,294.0,285.75,289.0,24097152.0
2018-12-14,288.5,290.8,287.05,289.2,12156361.0
2018-12-14,11290.0,11374.0,11290.0,11341.0,199.0
2018-12-14,11150.0,11199.0,11125.0,11125.0,12.0
2018-12-14,11094.0,11094.0,11094.0,11094.0,20.0
2018-12-17,289.3,291.45,287.3,289.5,12728014.0
2018-12-17,11340.22,11398.0,11340.22,11362.7,146.0
2018-12-17,11025.0,11025.0,11025.0,11025.0,1.0
2018-12-18,287.85,294.0,287.0,292.75,13606582.0
2018-12-18,11290.0,11409.0,11290.0,11381.5,213.0
2018-12-18,11088.0,11088.0,11088.0,11088.0,23.0
2018-12-19,11092.05,11092.05,11092.05,11092.05,9.0
2018-12-19,11420.0,11420.0,11380.0,11408.0,410.0
2018-12-19,294.7,302.0,294.7,300.7,26124125.0
2018-12-20,298.35,301.65,293.15,294.05,19222232.0
2018-12-20,11395.0,11419.0,11395.0,11402.1,125.0
2018-12-20,11089.0,11136.0,11089.0,11129.63,28.0
2018-12-21,293.65,296.5,290.8,291.9,15777301.0
2018-12-21,11408.22,11428.99,11407.0,11421.8,105.0
2018-12-21,11134.99,11144.99,11134.99,11135.0,13.0
2018-12-24,293.5,295.0,290.15,293.05,12048877.0
2018-12-24,11460.0,11460.0,11442.0,11452.54,140.0
2018-12-24,11100.0,11100.0,11100.0,11100.0,50.0
2018-12-26,11480.0,11490.3,11479.1,11490.3,190.0
2018-12-26,11001.0,11145.0,11001.0,11145.0,25.0
2018-12-26,11188.75,11188.75,11020.0,11144.0,46.0
2018-12-26,292.85,295.0,287.15,294.15,12684324.0
2018-12-27,11190.0,11191.0,11190.0,11191.0,4.0
2018-12-27,296.7,297.6,291.5,292.15,15304564.0
2018-12-27,11100.0,11155.0,11100.0,11155.0,14.0
2018-12-27,11490.0,11531.98,11485.0,11502.9,148.0
2018-12-28,11502.9,11545.0,11502.9,11543.0,145.0
2018-12-28,293.6,297.1,293.55,294.8,12876558.0
2018-12-31,11249.0,11260.0,11249.0,11260.0,5.0
2018-12-31,11225.0,11288.0,11225.0,11288.0,41.0
2018-12-31,11490.0,11557.95,11490.0,11521.73,879.0
2018-12-31,297.2,298.25,295.5,295.9,9526067.0
2019-01-01,11511.0,11540.0,11510.0,11540.0,242.0
2019-01-01,297.5,300.7,293.85,299.6,11837127.0
2019-01-02,11490.0,11550.0,11490.0,11540.0,1730.0
2019-01-02,299.1,302.5,293.1,293.9,25559853.0
2019-01-03,11500.0,11553.0,11500.0,11545.0,322.0
2019-01-03,295.0,295.55,290.1,291.1,17548347.0
2019-01-04,11553.0,11600.0,11551.0,11596.33,233.0
2019-01-04,11150.0,11212.0,11150.0,11212.0,10.0
2019-01-04,292.1,299.0,291.5,297.65,19514041.0
2019-01-07,11699.0,11699.0,11500.0,11600.0,122.0
2019-01-07,301.05,301.5,295.2,296.3,14579399.0
2019-01-08,11501.1,11598.0,11501.0,11540.54,127.0
2019-01-08,295.8,306.0,294.75,305.3,22949961.0
2019-01-09,11560.0,11599.85,11542.0,11562.68,57.0
2019-01-09,11201.0,11201.0,11201.0,11201.0,5.0
2019-01-09,306.0,307.1,300.75,305.3,21109911.0
2019-01-10,305.1,307.5,303.5,305.55,16295468.0
2019-01-10,11565.0,11600.0,11550.0,11580.44,112.0
2019-01-11,305.4,306.2,300.95,302.75,12702551.0
2019-01-11,11270.0,11270.0,11250.0,11250.0,14.0
2019-01-11,11555.0,11598.85,11550.0,11571.08,295.0
2019-01-14,10740.0,11289.0,10510.1,11180.0,47.0
2019-01-14,11575.0,11580.0,11561.0,11574.0,282.0
2019-01-14,301.0,303.6,299.55,300.4,10372933.0
2019-01-15,11065.0,11190.0,11065.0,11190.0,15.0
2019-01-15,11575.0,11575.0,11550.0,11554.14,186.0
2019-01-15,302.0,303.6,301.1,301.65,9444374.0
2019-01-16,11575.0,11586.7,11570.0,11579.93,481.0
2019-01-16,303.0,306.65,302.1,303.15,12111480.0
2019-01-17,11151.0,11320.0,11151.0,11320.0,21.0
2019-01-17,11699.0,11699.0,11570.0,11578.12,65.0
2019-01-17,303.9,304.35,295.6,297.4,15974634.0
2019-01-18,298.75,299.85,294.25,294.95,9082501.0
2019-01-18,11600.0,11600.0,11562.0,11574.16,39.0
2019-01-18,11340.0,11340.0,11339.99,11339.99,3.0
2019-01-21,11588.0,11600.0,11565.0,11590.3,163.0
2019-01-21,295.9,296.75,291.45,292.45,10188647.0
2019-01-22,11349.0,11349.0,11165.0,11188.18,28.0
2019-01-22,11600.0,11600.0,11581.5,11589.5,75.0
2019-01-22,293.0,293.0,288.2,290.25,11297989.0
2019-01-23,11211.11,11300.0,11211.11,11299.99,10.0
2019-01-23,11611.0,11622.0,11580.0,11622.0,281.0
2019-01-23,290.45,292.95,285.5,286.65,10304608.0
2019-01-24,11621.0,11637.0,11591.0,11610.0,113.0
2019-01-24,286.65,289.9,285.5,288.05,11532528.0
2019-01-25,289.6,291.0,283.2,285.4,11121223.0
2019-01-25,11625.0,11625.0,11601.0,11618.27,241.0
2019-01-25,11193.0,11193.0,11190.0,11190.0,65.0
2019-01-25,11250.0,11250.0,11202.0,11221.0,269.0
2019-01-28,11500.0,11875.0,11160.0,11189.78,114.0
2019-01-28,11250.0,11250.0,11230.0,11231.8,295.0
2019-01-28,11624.0,11624.0,11600.0,11610.08,187.0
2019-01-28,285.65,286.6,277.3,281.6,18905470.0
2019-01-29,11250.0,11250.0,11240.0,11240.25,186.0
2019-01-29,11625.0,11625.0,11605.0,11617.69,142.0
2019-01-29,281.0,286.0,276.55,280.6,17435611.0
2019-01-30,281.2,289.4,280.25,287.45,18908654.0
2019-01-30,11610.0,11618.0,11600.0,11600.0,172.0
2019-01-30,11499.0,11504.0,11499.0,11504.0,15.0
2019-01-30,11213.5,11220.0,11213.0,11220.0,53.0
2019-01-31,11111.0,11111.0,11111.0,11111.0,1.0
2019-01-31,11220.0,11250.0,11220.0,11250.0,15.0
2019-01-31,11618.0,11620.0,11592.1,11594.75,127.0
2019-01-31,290.0,294.8,288.0,293.65,25546487.0
2019-02-01,11325.0,11350.0,11300.0,11350.0,3.0
2019-02-01,11590.0,11625.0,11590.0,11617.99,240.0
2019-02-01,296.9,302.7,282.0,284.4,60015958.0
2019-02-04,11600.0,11624.0,11596.0,11596.0,324.0
2019-02-04,282.4,285.2,277.85,283.95,20642919.0
2019-02-04,11120.0,11120.0,11120.0,11120.0,4.0
2019-02-04,11300.0,11300.0,11225.0,11225.0,50.0
2019-02-05,284.2,287.0,283.0,284.65,13291133.0
2019-02-05,11250.0,11496.85,11245.0,11261.0,55.0
2019-02-05,11600.0,11648.5,11595.0,11628.92,323.0
2019-02-06,11350.0,11350.0,11350.0,11350.0,10.0
2019-02-06,11640.0,11650.0,11639.95,11644.94,118.0
2019-02-06,285.85,289.75,283.5,289.05,12149759.0
2019-02-07,11375.0,11375.0,11269.0,11272.6,26.0
2019-02-07,11645.0,11650.0,11630.0,11634.32,137.0
2019-02-07,289.4,294.0,286.6,287.4,19733315.0
2019-02-08,10950.0,11468.0,10499.0,11350.0,70.0
2019-02-08,10740.0,11360.0,10499.0,11355.0,233.0
2019-02-08,11630.0,11630.0,11603.0,11630.0,105.0
2019-02-08,285.6,288.0,282.2,286.0,19781908.0
2019-02-11,285.95,285.95,280.0,280.5,15420017.0
2019-02-11,11641.0,11648.0,11620.0,11646.0,87.0
2019-02-11,11300.1,11300.1,11300.1,11300.1,1.0
2019-02-12,11300.0,11300.0,11300.0,11300.0,3.0
2019-02-12,11650.0,11696.0,11642.0,11680.0,105.0
2019-02-12,280.65,282.2,274.65,275.4,15326106.0
2019-02-13,11399.99,11400.0,11399.99,11400.0,2.0
2019-02-13,11660.0,11679.0,11650.0,11657.1,84.0
2019-02-13,276.5,276.7,266.7,268.2,18662893.0
2019-02-14,11400.0,11400.0,11400.0,11400.0,6.0
2019-02-14,11390.0,11400.0,11390.0,11397.71,57.0
2019-02-14,11660.0,11700.0,11656.0,11691.05,254.0
2019-02-14,268.0,268.35,263.65,267.1,26372671.0
2019-02-15,268.85,268.85,261.3,262.95,23366091.0
2019-02-15,11708.0,11708.0,11650.01,11700.0,89.0
2019-02-15,11400.0,11450.0,11400.0,11450.0,5.0
2019-02-18,11499.0,11503.0,11302.0,11489.0,80.0
2019-02-18,11402.0,11402.0,11402.0,11402.0,1.0
2019-02-18,11715.0,11715.0,11612.0,11638.66,1135.0
2019-02-18,264.4,265.5,258.8,259.95,14781744.0
2019-02-19,11620.0,11625.0,11615.0,11625.0,644.0
2019-02-19,11275.0,11470.0,11275.0,11410.0,17.0
2019-02-19,260.9,267.5,260.3,262.9,19064306.0
2019-02-20,264.5,268.3,264.3,267.7,15514595.0
2019-02-20,11621.0,11660.0,11620.0,11621.32,318.0
2019-02-20,11420.0,11420.0,11420.0,11420.0,5.0
2019-02-21,11490.0,11490.0,11490.0,11490.0,6.0
2019-02-21,11410.0,11430.0,11410.0,11416.66,7.0
2019-02-21,11633.0,11659.0,11620.0,11650.0,308.0
2019-02-21,270.3,271.0,267.3,268.0,13760702.0
2019-02-22,11651.0,11660.0,11635.0,11651.74,126.0
2019-02-22,11326.0,11547.0,11326.0,11547.0,10.0
2019-02-22,267.9,271.9,267.6,270.95,12536918.0
2019-02-25,11690.0,11700.0,11651.0,11675.0,224.0
2019-02-25,271.3,271.4,267.9,270.15,20793897.0
2019-02-25,11500.0,11500.0,11450.0,11450.0,11.0
2019-02-26,11697.0,11697.0,11660.0,11678.57,78.0
2019-02-26,266.8,268.2,263.25,266.35,15274303.0
2019-02-26,11500.0,11500.0,11500.0,11500.0,1.0
2019-02-27,268.0,272.7,266.55,267.65,20571652.0
2019-02-27,11690.0,11697.0,11675.0,11679.23,286.0
2019-02-27,11425.0,11425.0,11425.0,11425.0,121.0
2019-02-28,11699.99,11699.99,11671.0,11697.34,79.0
2019-02-28,267.7,270.8,267.65,269.05,31636468.0
2019-03-01,11351.0,11500.0,11350.0,11500.0,25.0
2019-03-01,11440.0,11440.0,11440.0,11440.0,85.0
2019-03-01,11699.0,11699.0,11686.0,11698.0,96.0
2019-03-01,270.55,274.6,270.1,272.95,20024726.0
2019-03-05,11351.0,11353.0,11351.0,11353.0,18.0
2019-03-05,11440.0,11440.0,11401.0,11401.0,201.0
2019-03-05,11699.0,11699.0,11652.0,11663.25,109.0
2019-03-05,271.7,277.85,271.2,276.45,21533972.0
2019-03-06,277.3,282.55,276.45,278.1,22161376.0
2019-03-06,11655.0,11685.0,11652.2,11673.99,431.0
2019-03-06,11395.0,11400.0,11391.0,11400.0,129.0
2019-03-06,11354.0,11354.0,11353.0,11353.59,20.0
2019-03-07,11020.0,11400.05,11020.0,11400.05,15.0
2019-03-07,11674.0,11691.0,11670.0,11673.37,321.0
2019-03-07,279.45,282.5,277.65,281.75,14899105.0
2019-03-08,11401.0,11401.0,11280.0,11299.99,321.0
2019-03-08,11690.0,11690.0,11655.0,11667.0,324.0
2019-03-08,281.85,284.25,279.6,281.2,19943319.0
2019-03-11,11310.0,11369.99,11299.99,11369.99,96.0
2019-03-11,11685.0,11685.0,11657.3,11685.0,249.0
2019-03-11,285.3,289.0,283.5,287.35,22931245.0
2019-03-12,289.2,289.9,285.75,286.9,20828136.0
2019-03-12,11670.0,11700.0,11667.0,11683.6,108.0
2019-03-12,11400.0,11400.0,11265.0,11307.5,13.0
2019-03-12,11360.0,11360.0,11320.0,11325.0,46.0
2019-03-13,11699.0,11738.99,11675.3,11677.5,1826.0
2019-03-13,11390.0,11390.0,11390.0,11390.0,3.0
2019-03-13,288.1,294.4,284.7,293.15,23725641.0
2019-03-14,11390.0,11390.0,11390.0,11390.0,1.0
2019-03-14,11650.0,11708.0,11650.0,11681.52,323.0
2019-03-14,294.5,294.7,290.75,291.9,16164017.0
2019-03-15,10601.0,10601.0,10418.0,10510.0,118.0
2019-03-15,10600.0,10670.0,10600.0,10670.0,11.0
2019-03-15,10960.0,10960.0,10693.0,10750.53,812.0
2019-03-15,292.6,301.3,292.5,298.4,37928480.0
2019-03-18,298.9,300.9,294.65,298.95,23782967.0
2019-03-18,10735.0,10750.0,10725.1,10734.52,875.0
2019-03-18,10570.0,10570.0,10545.0,10545.0,6.0
2019-03-19,300.15,306.6,299.15,303.05,27218691.0
2019-03-19,10650.0,10750.0,10400.0,10496.0,170.0
2019-03-19,10510.0,10510.0,10404.2,10424.47,99.0
2019-03-19,10740.0,10770.0,10732.0,10748.69,705.0
2019-03-20,10550.0,10550.0,10450.0,10450.04,53.0
2019-03-20,302.8,304.65,300.05,303.8,18820555.0
2019-03-20,10600.0,10600.0,10519.0,10519.0,32.0
2019-03-20,10759.0,10763.0,10695.0,10749.77,610.0
2019-03-22,303.8,303.8,303.8,303.8,888943.0
2019-03-22,304.3,306.4,296.95,298.05,17865957.0
2019-03-22,10742.0,10755.0,10742.0,10743.0,80.0
2019-03-22,10421.0,10490.97,10400.0,10420.23,90.0
2019-03-25,10520.0,10522.0,10450.0,10450.0,61.0
2019-03-25,10748.0,10795.0,10748.0,10784.07,666.0
2019-03-25,10425.5,10425.5,10405.01,10415.84,289.0
2019-03-25,294.0,295.45,292.2,294.0,16895511.0
2019-03-26,10500.0,10500.0,10500.0,10500.0,10.0
2019-03-26,10784.0,10820.0,10784.0,10802.22,339.0
2019-03-26,10450.0,10450.0,10420.0,10420.2,398.0
2019-03-26,294.75,305.0,294.75,303.5,18303791.0
2019-03-27,305.25,310.85,304.35,308.8,35956450.0
2019-03-27,10800.0,10815.0,10780.0,10801.28,485.0
2019-03-27,10501.0,10501.0,10500.0,10500.0,15.0
2019-03-27,10670.0,10670.0,10416.4,10418.55,169.0
2019-03-28,10410.0,10590.0,10410.0,10590.0,20.0
2019-03-28,10849.0,11390.0,10806.0,10807.16,911.0
2019-03-28,10421.0,10500.0,10421.0,10450.0,113.0
2019-03-28,310.1,339.65,309.05,319.0,63244736.0
2019-03-29,10640.0,10640.0,10600.0,10640.0,3.0
2019-03-29,10815.0,10815.0,10805.0,10811.0,237.0
2019-03-29,10450.0,10450.0,10415.0,10427.99,480.0
2019-03-29,321.1,323.0,316.25,320.75,30394717.0
2019-04-01,321.8,327.65,321.05,322.75,22372357.0
2019-04-01,10599.0,10599.0,10551.0,10588.99,55.0
2019-04-01,10688.0,10688.0,10600.0,10614.16,15.0
2019-04-01,10857.0,10888.0,10815.0,10860.0,199.0
2019-04-02,323.65,331.0,322.1,329.0,27897583.0
2019-04-02,10550.0,10550.0,10549.0,10550.0,188.0
2019-04-02,10465.05,10465.05,10465.05,10465.05,3.0
2019-04-02,10850.06,10880.0,10826.0,10879.83,967.0
2019-04-03,10600.0,10600.0,10600.0,10600.0,43.0
2019-04-03,10900.0,10900.0,10870.0,10876.43,935.0
2019-04-03,10600.0,10600.0,10510.0,10527.49,748.0
2019-04-03,331.0,332.45,319.5,320.5,30552104.0
2019-04-04,10625.0,10625.0,10625.0,10625.0,25.0
2019-04-04,10896.0,10896.0,10870.0,10881.63,283.0
2019-04-04,10550.0,10550.0,10360.0,10498.99,525.0
2019-04-04,321.5,325.75,318.3,321.8,27832294.0
2019-04-05,10815.0,10885.0,10815.0,10879.17,209.0
2019-04-05,10425.0,10520.0,10366.0,10511.0,789.0
2019-04-05,323.7,323.7,315.0,317.05,23117232.0
2019-04-08,10880.0,10899.0,10880.0,10893.75,760.0
2019-04-08,10500.0,10560.0,10500.0,10556.25,457.0
2019-04-08,318.25,319.25,311.1,312.8,17394139.0
2019-04-09,10552.0,10625.0,10550.0,10625.0,225.0
2019-04-09,313.95,315.7,308.1,314.75,25556039.0
2019-04-09,10510.0,10610.0,10510.0,10610.0,56.0
2019-04-09,10899.9,10922.0,10885.0,10904.16,350.0
2019-04-10,10900.0,10930.0,10886.0,10927.19,378.0
2019-04-10,314.85,317.05,310.0,310.9,19237974.0
2019-04-10,10649.0,10649.0,10520.0,10538.82,1192.0
2019-04-10,10728.75,10975.0,10700.0,10777.4,68.0
2019-04-11,311.0,315.4,308.7,314.9,14897935.0
2019-04-11,10570.0,10575.0,10529.0,10532.44,609.0
2019-04-11,10891.0,10960.0,10891.0,10952.16,568.0
2019-04-11,10601.0,10601.0,10510.25,10515.0,50.0
2019-04-12,10530.0,10536.0,10530.0,10532.33,3.0
2019-04-12,10905.0,10960.0,10905.0,10943.0,183.0
2019-04-12,10587.0,10587.0,10526.5,10531.98,573.0
2019-04-12,314.6,316.4,311.2,315.25,14751964.0
2019-04-15,10610.0,10610.0,10610.0,10610.0,1.0
2019-04-15,10955.0,10969.0,10931.0,10960.75,717.0
2019-04-15,10550.0,10560.0,10530.0,10536.26,327.0
2019-04-15,315.5,318.7,313.75,315.6,13864791.0
2019-04-16,316.6,319.4,314.7,315.75,14940726.0
2019-04-16,10960.0,10975.0,10956.0,10960.53,1165.0
2019-04-16,10549.0,10592.0,10530.0,10545.04,231.0
2019-04-18,10625.0,10635.0,10600.01,10600.01,7.0
2019-04-18,10961.0,10985.0,10960.0,10973.0,294.0
2019-04-18,10548.0,10595.0,10548.0,10578.6,50.0
2019-04-18,315.8,315.8,308.05,310.8,15691168.0
2019-04-22,308.8,312.3,306.35,310.05,15665440.0
2019-04-22,10601.0,10601.0,10601.0,10601.0,1.0
2019-04-22,10995.0,10995.0,10960.0,10987.91,331.0
2019-04-22,10643.0,10643.0,10565.0,10565.67,201.0
2019-04-23,11009.0,11024.85,11000.0,11001.0,155.0
2019-04-23,310.05,313.75,304.6,305.25,17324274.0
2019-04-23,10662.0,10662.0,10601.0,10601.0,50.0
2019-04-23,10640.0,10640.0,10640.0,10640.0,6.0
2019-04-24,11000.0,11024.0,11000.0,11020.1,111.0
2019-04-24,10621.5,10622.0,10601.21,10601.23,57.0
2019-04-24,305.85,311.95,303.6,310.75,15228591.0
2019-04-25,11020.0,11090.0,11012.0,11043.0,262.0
2019-04-25,10617.75,10628.0,10617.75,10625.0,143.0
2019-04-25,311.0,312.0,305.4,306.2,30842477.0
2019-04-26,10664.0,10676.0,10659.0,10659.52,60.0
2019-04-26,10751.01,10751.01,10711.01,10711.01,2.0
2019-04-26,11062.0,11063.0,11025.1,11048.72,409.0
2019-04-26,306.9,313.5,306.6,312.5,14987906.0
2019-04-30,312.0,312.0,305.0,309.95,18178758.0
2019-04-30,11025.0,11056.4,11000.0,11037.9,603.0
2019-04-30,10660.01,10688.0,10660.0,10660.0,97.0
2019-05-02,10680.0,10680.0,10678.98,10678.98,10.0
2019-05-02,10730.0,10740.0,10725.0,10740.0,5.0
2019-05-02,10988.0,11040.0,10988.0,11004.1,553.0
2019-05-02,308.05,311.4,305.65,308.15,16640100.0
2019-05-03,10660.1,10683.0,10660.1,10683.0,79.0
2019-05-03,11030.0,11078.15,11025.0,11054.3,641.0
2019-05-03,309.0,311.8,308.8,310.0,12452689.0
2019-05-06,306.8,310.3,305.9,308.75,10639216.0
2019-05-06,10690.0,10730.0,10690.0,10714.9,61.0
2019-05-06,10729.0,10849.0,10729.0,10849.0,10.0
2019-05-06,11000.3,11047.0,11000.3,11035.57,115.0
2019-05-07,310.7,313.4,303.75,305.45,15219845.0
2019-05-07,11035.0,11050.0,11035.0,11040.34,375.0
2019-05-07,10849.0,10849.0,10750.0,10750.0,31.0
2019-05-07,10714.9,10723.5,10710.1,10710.1,18.0
2019-05-08,10720.0,10726.0,10710.01,10725.76,58.0
2019-05-08,10622.0,10622.0,10622.0,10622.0,2.0
2019-05-08,11025.0,11045.0,11012.0,11020.63,1000.0
2019-05-08,303.95,305.3,296.75,298.25,22103678.0
2019-05-09,10710.0,10735.0,10710.0,10735.0,85.0
2019-05-09,11020.0,11020.0,11005.0,11005.12,508.0
2019-05-09,297.6,301.0,296.1,299.3,12654440.0
2019-05-10,11007.01,11007.01,10966.0,10974.23,465.0
2019-05-10,301.8,310.75,292.45,308.05,60739833.0
2019-05-10,10740.0,10750.0,10737.0,10746.97,74.0
2019-05-13,11350.0,11350.0,10735.0,10893.33,33.0
2019-05-13,10971.01,11000.0,10961.0,10962.78,654.0
2019-05-13,310.0,314.2,305.3,306.9,40101505.0
2019-05-14,10620.0,10620.0,10620.0,10620.0,1.0
2019-05-14,10870.0,10874.0,10800.0,10805.45,37.0
2019-05-14,10960.0,10999.99,10960.0,10993.0,258.0
2019-05-14,307.85,316.75,305.1,314.65,30521436.0
2019-05-15,316.2,317.9,311.0,312.1,27932459.0
2019-05-15,10800.0,10801.0,10800.0,10800.42,34.0
2019-05-15,11017.0,11017.0,10971.0,10992.41,816.0
2019-05-16,312.5,317.1,309.55,315.75,18147559.0
2019-05-16,11000.0,11000.0,10972.5,10974.99,738.0
2019-05-16,10810.0,10821.0,10801.0,10801.01,28.0
2019-05-16,10619.0,10641.0,10619.0,10641.0,4.0
2019-05-17,10780.0,10824.9,10775.0,10813.83,126.0
2019-05-17,10699.0,10699.0,10678.0,10680.7,10.0
2019-05-17,10990.0,10990.0,10960.0,10980.21,522.0
2019-05-17,315.65,321.95,313.45,319.25,25838962.0
2019-05-20,10752.0,10850.0,10752.0,10752.25,22.0
2019-05-20,10640.26,10699.0,10600.0,10602.79,114.0
2019-05-20,10980.5,11000.0,10960.0,10991.76,265.0
2019-05-20,332.0,345.8,331.0,344.7,53207071.0
2019-05-21,10980.5,10995.0,10971.0,10986.06,523.0
2019-05-21,345.9,347.55,336.25,337.55,33457162.0
2019-05-21,10789.99,10790.0,10726.0,10747.27,65.0
2019-05-21,10800.0,10800.0,10800.0,10800.0,2.0
2019-05-22,10775.0,10775.0,10775.0,10775.0,6.0
2019-05-22,10976.1,11027.0,10976.0,11019.69,244.0
2019-05-22,338.9,342.6,333.55,341.1,32002499.0
2019-05-23,353.0,364.0,339.2,342.2,74413322.0
2019-05-23,10760.0,10775.0,10760.0,10775.0,10.0
2019-05-23,11000.0,11010.0,10990.0,11000.0,227.0
2019-05-24,11055.0,11055.0,10998.0,11010.4,507.0
2019-05-24,344.95,357.0,343.5,355.35,35703403.0
2019-05-24,10775.0,10808.0,10775.0,10808.0,6.0
2019-05-24,10800.0,10800.0,10725.0,10737.5,31.0
2019-05-27,11002.35,11040.0,11000.75,11028.06,297.0
2019-05-27,355.05,362.5,354.0,361.7,31374994.0
2019-05-27,10800.0,10999.0,10800.0,10928.0,29.0
2019-05-28,360.95,361.7,356.65,360.05,23501608.0
2019-05-28,11050.0,11069.88,11005.1,11056.36,325.0
2019-05-28,10840.0,10840.0,10771.0,10818.2,8.0
2019-05-28,10850.0,10850.15,10830.0,10850.12,139.0
2019-05-29,11065.0,11100.0,11030.0,11082.74,233.0
2019-05-29,10875.0,10875.0,10860.0,10862.0,45.0
2019-05-29,358.0,359.0,347.15,348.65,28370210.0
2019-05-30,11030.0,11090.0,11030.0,11088.0,178.0
2019-05-30,10852.35,10859.0,10852.35,10858.0,21.0
2019-05-30,10818.2,10850.0,10818.2,10850.0,2.0
2019-05-30,349.75,355.0,347.5,353.55,25712604.0
2019-05-31,354.35,357.9,344.65,352.5,32588069.0
2019-05-31,10800.0,10800.0,10795.0,10795.0,2.0
2019-05-31,11089.0,11100.0,11060.0,11096.25,98.0
2019-05-31,10900.0,10900.0,10880.0,10880.0,61.0
2019-06-03,11071.0,11100.05,11071.0,11100.01,227.0
2019-06-03,10790.0,10790.0,10790.0,10790.0,5.0
2019-06-03,352.35,356.45,349.65,355.45,18380919.0
2019-06-04,11090.0,11188.0,11088.01,11175.02,174.0
2019-06-04,10900.0,10930.0,10900.0,10930.0,19.0
2019-06-04,10791.0,10800.0,10791.0,10791.02,32.0
2019-06-04,354.0,357.2,351.4,352.4,18130636.0
2019-06-06,349.0,349.6,335.9,336.9,41941144.0
2019-06-06,11128.1,11199.9,11128.0,11183.58,208.0
2019-06-06,10880.0,10900.0,10880.0,10890.0,14.0
2019-06-07,10893.0,10940.0,10893.0,10902.4,10.0
2019-06-07,337.0,342.75,336.0,342.05,29739710.0
2019-06-07,11165.05,11226.9,11165.0,11184.0,40.0
2019-06-10,11240.0,11267.0,11205.0,11228.03,299.0
2019-06-10,10891.0,10937.05,10891.0,10937.05,24.0
2019-06-10,346.0,347.3,340.15,344.3,20500542.0
2019-06-11,11235.0,11299.99,11235.0,11291.67,178.0
2019-06-11,10940.0,10960.0,10940.0,10943.87,40.0
2019-06-11,10890.0,10950.0,10890.0,10950.0,4.0
2019-06-11,345.05,348.3,342.85,347.1,16281297.0
2019-06-12,10912.0,10966.0,10912.0,10962.47,46.0
2019-06-12,11253.5,11325.0,11253.1,11312.5,436.0
2019-06-12,346.95,346.95,342.3,344.0,11564970.0
2019-06-13,343.0,347.45,339.8,346.5,15509948.0
2019-06-13,11303.0,11325.0,11303.0,11308.0,151.0
2019-06-13,10998.0,10998.0,10950.0,10955.0,28.0
2019-06-14,11300.0,11316.0,11300.0,11304.03,213.0
2019-06-14,10931.11,11000.0,10905.85,10995.17,141.0
2019-06-14,345.5,346.35,342.55,343.8,10347594.0
2019-06-17,11290.0,11325.0,11276.0,11303.32,272.0
2019-06-17,10995.85,11015.0,10995.85,11015.0,25.0
2019-06-17,343.75,343.75,336.95,337.85,13779496.0
2019-06-18,335.5,344.0,333.8,340.05,21957480.0
2019-06-18,10960.11,10960.11,10955.01,10958.9,18.0
2019-06-18,11292.0,11303.0,11290.0,11303.0,110.0
2019-06-19,11276.1,11305.0,11276.0,11293.01,155.0
2019-06-19,343.1,345.2,335.5,338.85,16416903.0
2019-06-19,10958.0,10958.0,10958.0,10958.0,5.0
2019-06-20,341.0,346.25,335.6,345.15,20626861.0
2019-06-20,10998.0,11375.0,10998.0,11000.0,51.0
2019-06-20,11277.05,11303.0,11275.0,11277.0,130.0
2019-06-21,11233.0,11301.0,11233.0,11293.83,151.0
2019-06-21,10993.0,10994.0,10993.0,10994.0,11.0
2019-06-21,10956.0,11030.0,10956.0,11029.08,99.0
2019-06-21,344.8,350.7,343.15,349.4,24749090.0
2019-06-24,11300.0,11338.0,11295.0,11338.0,69.0
2019-06-24,11100.0,11345.0,11012.0,11012.0,21.0
2019-06-24,350.0,354.75,349.65,353.2,17919504.0
2019-06-25,11349.0,11359.99,11302.0,11320.8,121.0
2019-06-25,10880.0,11040.0,10880.0,11040.0,23.0
2019-06-25,352.7,357.0,351.25,356.55,15922634.0
2019-06-26,355.75,359.0,354.3,358.15,15835579.0
2019-06-26,11138.0,11340.0,11138.0,11197.0,65.0
2019-06-26,10905.0,10905.0,10905.0,10905.0,10.0
2019-06-26,11300.05,11337.0,11298.0,11301.0,76.0
2019-06-27,11302.0,11349.0,11302.0,11340.32,104.0
2019-06-27,11039.0,11070.0,11039.0,11050.0,33.0
2019-06-27,11130.0,11150.0,11130.0,11150.0,20.0
2019-06-27,358.1,363.0,357.25,362.15,29658120.0
2019-06-28,11335.0,11355.0,11330.0,11335.12,299.0
2019-06-28,11149.0,11150.0,11149.0,11150.0,10.0
2019-06-28,11149.0,11260.0,11140.0,11177.2,58.0
2019-06-28,362.2,365.0,358.7,361.25,22708464.0
2019-07-01,362.8,363.0,358.5,361.55,12348793.0
2019-07-01,11170.6,11180.0,11170.6,11180.0,14.0
2019-07-01,11188.75,11188.75,11120.0,11140.0,12.0
2019-07-01,11302.01,11341.0,11300.0,11341.0,237.0
2019-07-02,11367.0,11429.99,11345.02,11424.1,186.0
2019-07-02,11180.0,11252.0,11180.0,11250.5,15.0
2019-07-02,362.15,365.0,360.35,364.5,14482172.0
2019-07-03,11320.0,11419.0,11320.0,11402.87,186.0
2019-07-03,11173.0,11173.0,11173.0,11173.0,10.0
2019-07-03,11260.0,11335.0,11211.0,11280.0,96.0
2019-07-03,365.25,366.7,363.0,366.15,12626285.0
2019-07-04,11198.0,11199.0,11198.0,11198.0,30.0
2019-07-04,11375.0,11410.0,11375.0,11406.0,129.0
2019-07-04,367.25,370.9,366.2,367.4,19252646.0
2019-07-05,11419.0,11425.0,11402.0,11425.0,75.0
2019-07-05,11275.0,11300.0,11216.0,11251.79,29.0
2019-07-05,369.45,373.6,366.0,370.65,30019347.0
2019-07-08,11400.0,11569.0,11400.0,11426.58,288.0
2019-07-08,368.0,368.45,353.5,355.3,27247892.0
2019-07-08,11025.35,11209.05,11025.35,11115.0,40.0
2019-07-08,11289.99,11300.0,11280.0,11280.0,22.0
2019-07-09,11255.0,11256.0,11253.0,11256.0,11.0
2019-07-09,353.5,360.0,352.5,359.5,16579914.0
2019-07-09,11197.0,11197.0,11160.0,11160.0,3.0
2019-07-09,11450.0,11470.0,11425.0,11469.0,192.0
2019-07-10,11487.75,11487.75,11433.0,11466.7,83.0
2019-07-10,11300.0,11450.07,11255.0,11276.2,23.0
2019-07-10,11180.0,11180.0,11150.0,11150.0,11.0
2019-07-10,360.55,361.5,351.3,354.2,18681819.0
2019-07-11,358.5,364.0,357.0,363.2,20048321.0
2019-07-11,11450.0,11484.0,11421.0,11476.38,111.0
2019-07-12,363.0,366.55,361.5,363.6,14661748.0
2019-07-12,11265.0,11267.0,11265.0,11265.66,3.0
2019-07-12,11490.0,11499.0,11430.1,11450.0,169.0
2019-07-15,11249.75,11250.0,11200.0,11200.0,11.0
2019-07-15,11450.0,11470.0,11375.5,11441.15,191.0
2019-07-15,11250.0,11250.05,11250.0,11250.05,80.0
2019-07-15,364.1,365.0,357.6,360.05,15665939.0
2019-07-16,11450.0,11470.0,11425.0,11440.64,118.0
2019-07-16,11270.0,11270.0,11266.1,11266.1,8.0
2019-07-16,358.5,366.0,357.65,364.35,16251836.0
2019-07-17,11300.0,11300.0,11235.25,11241.13,574.0
2019-07-17,364.05,373.55,363.05,372.4,17545177.0
2019-07-17,11225.0,11250.0,11225.0,11250.0,2.0
2019-07-17,11445.0,11500.0,11435.0,11470.0,138.0
2019-07-18,11224.75,11224.75,11224.75,11224.75,1.0
2019-07-18,11203.0,11230.0,11203.0,11203.0,130.0
2019-07-18,11030.0,11500.0,11030.0,11496.25,114.0
2019-07-18,371.95,373.8,362.55,363.65,21691056.0
2019-07-19,11100.0,11200.0,11100.0,11200.0,22.0
2019-07-19,11205.0,11240.0,11195.0,11204.15,257.0
2019-07-19,11480.0,11499.0,11463.0,11486.0,56.0
2019-07-19,365.1,366.05,355.15,356.0,22213173.0
2019-07-22,356.0,359.55,348.7,350.85,19682038.0
2019-07-22,11469.0,11470.0,11445.0,11445.0,150.0
2019-07-22,11201.0,11201.0,11151.0,11180.55,239.0
2019-07-23,351.2,353.0,341.0,342.2,27956145.0
2019-07-23,11182.0,11215.0,11161.1,11188.05,8.0
2019-07-23,11465.0,11465.0,11404.0,11453.61,113.0
2019-07-24,11169.0,11190.0,11164.99,11190.0,49.0
2019-07-24,11442.0,11450.0,11415.0,11450.0,215.0
2019-07-24,341.85,344.7,336.25,339.6,20823143.0
2019-07-25,11149.0,11149.0,11144.0,11144.0,20.0
2019-07-25,11375.1,11440.0,11375.1,11438.61,159.0
2019-07-25,11165.0,11200.0,11165.0,11200.0,60.0
2019-07-25,341.7,343.2,337.4,341.3,19857643.0
2019-07-26,11150.1,11160.0,11149.0,11149.0,85.0
2019-07-26,11405.1,11459.99,11405.1,11458.79,78.0
2019-07-26,340.8,346.15,340.5,342.6,16139052.0
2019-07-29,343.95,346.55,336.8,343.8,17060483.0
2019-07-29,11458.0,11499.0,11451.0,11456.11,168.0
2019-07-29,11132.0,11132.0,11100.0,11100.0,3.0
2019-07-29,11248.0,11248.99,11248.0,11248.99,2.0
2019-07-30,11135.0,11135.0,11129.0,11133.28,7.0
2019-07-30,11400.0,11459.0,11400.0,11453.66,90.0
2019-07-30,11220.0,11220.0,11023.0,11072.4,120.0
2019-07-30,344.4,346.7,325.85,327.55,24437235.0
2019-07-31,325.1,333.2,323.9,332.2,22741445.0
2019-07-31,11181.75,11181.75,11051.0,11051.0,15.0
2019-07-31,11025.1,11215.0,11025.1,11091.75,105.0
2019-07-31,11415.18,11501.0,11415.18,11470.0,277.0
2019-08-01,11460.0,11517.0,11460.0,11464.39,78.0
2019-08-01,330.8,331.5,311.35,317.15,40853304.0
2019-08-01,11100.0,11125.0,11022.0,11125.0,43.0
2019-08-02,11160.0,11160.0,11136.0,11154.0,21.0
2019-08-02,11456.0,11505.0,11456.0,11500.61,224.0
2019-08-02,315.55,322.25,307.05,308.45,64472348.0
2019-08-05,11500.0,12390.0,11500.0,11540.23,213.0
2019-08-05,11012.0,11195.0,10994.0,11100.0,28.0
2019-08-05,11125.0,11270.25,11125.0,11248.05,11.0
2019-08-05,298.45,302.85,291.7,300.25,48815899.0
2019-08-06,11548.0,11550.0,11480.0,11480.0,87.0
2019-08-06,298.8,304.25,297.25,301.4,30442970.0
2019-08-06,11185.0,11185.0,11185.0,11185.0,1.0
2019-08-06,11160.0,11220.0,11160.0,11220.0,37.0
2019-08-07,11200.0,11200.0,11200.0,11200.0,2.0
2019-08-07,11211.0,11211.0,11210.0,11210.0,37.0
2019-08-07,11460.0,11550.0,11460.0,11476.68,303.0
2019-08-07,302.4,302.45,288.8,289.9,30820114.0
2019-08-08,11500.0,11510.0,11460.0,11471.86,240.0
2019-08-08,290.0,295.5,285.6,294.35,32929233.0
2019-08-09,11499.99,11500.0,11450.0,11450.0,131.0
2019-08-09,11200.0,11269.9,11200.0,11252.84,80.0
2019-08-09,296.3,298.0,290.05,291.35,23377581.0
2019-08-13,11030.0,11515.0,10120.0,11515.0,339.0
2019-08-13,11250.0,11254.5,11250.0,11254.41,13.0
2019-08-13,290.9,291.55,282.5,283.35,24231272.0
2019-08-14,285.05,291.25,284.5,289.75,18523649.0
2019-08-14,11510.0,11530.0,11510.0,11529.59,238.0
2019-08-16,11200.0,11200.0,11200.0,11200.0,1.0
2019-08-16,11259.84,11259.84,11102.0,11150.0,8.0
2019-08-16,11569.99,11699.0,11465.18,11618.27,485.0
2019-08-16,287.95,292.8,284.3,290.9,20047399.0
2019-08-19,292.0,292.4,286.0,286.85,19831459.0
2019-08-19,11155.0,11155.0,11155.0,11155.0,3.0
2019-08-19,11055.0,11299.0,11055.0,11299.0,10.0
2019-08-19,11505.0,11679.0,11505.0,11607.35,273.0
2019-08-20,287.3,287.4,280.65,283.7,23204417.0
2019-08-20,11600.0,11636.0,11595.0,11634.46,373.0
2019-08-20,11268.7,11268.7,11250.0,11260.0,24.0
2019-08-20,11250.0,11255.0,11250.0,11251.66,12.0
2019-08-21,285.5,285.6,276.3,277.4,28226325.0
2019-08-21,11250.0,11250.0,11250.0,11250.0,47.0
2019-08-21,11290.0,11290.0,11290.0,11290.0,2.0
2019-08-21,11634.3,11659.9,11634.3,11655.0,56.0
2019-08-22,11651.0,11660.0,11640.0,11642.08,213.0
2019-08-22,278.3,278.3,267.3,268.55,27728925.0
2019-08-22,11299.99,11299.99,11200.01,11250.0,52.0
2019-08-22,11291.0,11310.0,11205.0,11280.69,36.0
2019-08-23,11635.0,11635.0,11610.0,11621.44,219.0
2019-08-23,267.1,275.25,262.7,271.1,35212444.0
2019-08-23,11150.0,11269.99,11150.0,11269.99,2.0
2019-08-23,11250.0,11250.0,11250.0,11250.0,50.0
2019-08-26,11621.0,11630.0,11615.0,11630.0,105.0
2019-08-26,288.0,288.0,270.0,280.2,64066440.0
2019-08-26,11270.0,11270.0,11250.0,11250.0,22.0
2019-08-26,11265.0,11300.0,11260.0,11262.81,32.0
2019-08-27,11300.0,11300.0,11300.0,11300.0,10.0
2019-08-27,11270.0,11270.1,11265.81,11269.67,60.0
2019-08-27,11590.0,11630.0,11590.0,11602.86,97.0
2019-08-27,284.0,288.0,282.6,285.7,45164811.0
2019-08-28,11270.0,11270.0,11101.0,11122.64,133.0
2019-08-28,11610.0,11610.0,11571.6,11577.24,401.0
2019-08-28,286.65,286.65,282.2,284.9,18979998.0
2019-08-29,283.2,284.3,273.3,274.5,27083514.0
2019-08-29,11556.0,11584.0,11500.0,11505.33,567.0
2019-08-29,11040.64,11145.0,11040.64,11100.12,96.0
2019-08-29,11225.0,11275.0,11225.0,11274.24,55.0
2019-08-30,11101.0,11101.0,11044.0,11052.0,7.0
2019-08-30,11201.0,11250.0,11201.0,11225.5,14.0
2019-08-30,11495.0,11505.0,11435.0,11462.99,674.0
2019-08-30,275.95,277.95,266.85,273.85,45702652.0
2019-09-03,11201.0,11201.0,11158.0,11159.0,21.0
2019-09-03,11463.0,11490.0,11440.0,11450.2,505.0
2019-09-03,272.0,272.0,266.95,268.4,21241863.0
2019-09-04,269.7,275.85,267.25,275.1,27309675.0
2019-09-04,11450.0,11455.0,11430.0,11436.53,219.0
2019-09-04,11225.0,11280.0,11225.0,11280.0,19.0
2019-09-05,275.0,276.35,271.05,273.3,25085139.0
2019-09-05,11227.0,11280.0,11227.0,11280.0,28.0
2019-09-05,11100.0,11100.0,11100.0,11100.0,33.0
2019-09-05,11432.0,11469.99,11432.0,11439.33,314.0
2019-09-06,11100.0,11100.0,11051.0,11051.0,51.0
2019-09-06,11431.1,11433.01,11360.0,11393.35,762.0
2019-09-06,11280.0,11280.0,11061.1,11130.01,72.0
2019-09-06,275.05,277.0,272.1,273.95,16675146.0
2019-09-09,11062.0,11062.0,11062.0,11062.0,5.0
2019-09-09,11405.0,11410.0,11371.0,11399.99,204.0
2019-09-09,11130.0,11312.0,11130.0,11312.0,16.0
2019-09-09,273.95,278.7,271.0,278.0,18616889.0
2019-09-11,11211.0,11290.0,11211.0,11274.28,16.0
2019-09-11,278.5,285.85,278.5,285.25,20999669.0
2019-09-11,11150.0,11150.0,11150.0,11150.0,20.0
2019-09-11,11400.0,11400.0,11380.05,11399.42,440.0
2019-09-12,11391.0,11410.0,11385.0,11389.87,281.0
2019-09-12,11150.0,11150.0,11150.0,11150.0,5.0
2019-09-12,11295.0,11310.0,11280.0,11280.0,54.0
2019-09-12,286.75,288.8,284.15,287.05,21964832.0
2019-09-13,11409.0,11409.0,11350.0,11364.22,524.0
2019-09-13,11150.0,11199.0,11150.0,11199.0,11.0
2019-09-13,11280.0,11300.0,11280.0,11300.0,47.0
2019-09-13,285.0,292.5,282.0,291.7,27303181.0
2019-09-16,11250.0,11311.0,11220.0,11311.0,23.0
2019-09-16,288.2,290.45,283.8,284.7,18267680.0
2019-09-16,11397.99,11397.99,11349.0,11363.48,298.0
2019-09-17,11280.0,11280.0,11225.2,11241.58,146.0
2019-09-17,285.0,286.45,273.0,273.95,21533362.0
2019-09-17,11360.0,11360.0,11343.0,11351.2,657.0
2019-09-18,11388.0,11388.0,11349.0,11373.42,945.0
2019-09-18,11226.0,11226.0,11212.05,11220.0,64.0
2019-09-18,277.2,282.95,274.4,280.4,25478758.0
2019-09-19,11374.0,11380.0,11356.0,11357.46,617.0
2019-09-19,11201.01,11201.01,11199.0,11199.0,2.0
2019-09-19,11220.0,11300.0,11220.0,11300.0,23.0
2019-09-19,279.95,279.95,273.05,274.05,23387797.0
2019-09-20,11354.05,11379.99,11341.9,11343.13,513.0
2019-09-20,11199.0,11199.0,11177.0,11183.0,9.0
2019-09-20,11300.0,11300.0,11228.0,11300.0,65.0
2019-09-20,274.5,307.65,268.4,301.7,84481749.0
2019-09-23,307.55,316.0,300.4,313.75,54178171.0
2019-09-23,11295.0,11311.0,11280.0,11300.0,66.0
2019-09-23,11190.0,11190.0,11190.0,11190.0,7.0
2019-09-23,11343.13,11374.0,11335.01,11341.0,455.0
2019-09-24,11350.0,11360.0,11345.0,11346.27,307.0
2019-09-24,11187.0,11187.0,11187.0,11187.0,2.0
2019-09-24,11300.0,11320.0,11252.11,11282.58,31.0
2019-09-24,313.15,315.15,300.8,302.6,40096711.0
2019-09-25,11389.0,11390.0,11347.0,11354.43,459.0
2019-09-25,11252.0,11303.88,11231.0,11300.34,22.0
2019-09-25,297.0,297.5,278.7,280.25,73063465.0
2019-09-26,11389.0,11400.0,11375.1,11375.1,478.0
2019-09-26,11200.0,11200.0,11200.0,11200.0,6.0
2019-09-26,281.5,289.9,277.0,281.85,79005946.0
2019-09-27,282.7,286.05,280.0,281.2,37851718.0
2019-09-27,11376.0,11400.0,11375.01,11377.42,161.0
2019-09-27,11329.9,11329.9,11329.9,11329.9,1.0
2019-09-30,10399.0,11409.0,10399.0,11389.82,154.0
2019-09-30,11330.0,11330.0,11330.0,11330.0,1.0
2019-09-30,281.4,281.85,270.15,270.8,41094131.0
2019-10-01,11380.0,11400.0,11380.0,11388.68,324.0
2019-10-01,11203.71,11204.0,11203.71,11204.0,12.0
2019-10-01,11330.0,11361.0,11330.0,11352.75,8.0
2019-10-01,272.75,275.5,245.55,255.95,79350077.0
2019-10-03,254.0,260.7,250.1,254.15,56207921.0
2019-10-03,11360.0,11362.0,11360.0,11362.0,2.0
2019-10-03,11290.0,11290.0,11150.0,11150.0,5.0
2019-10-03,11395.0,11399.99,11365.0,11395.42,83.0
2019-10-04,11399.98,11404.5,11375.0,11401.44,564.0
2019-10-04,11371.0,11371.0,11365.0,11365.0,2.0
2019-10-04,258.5,260.5,248.55,249.95,60029186.0
2019-10-07,11419.94,11419.95,11360.0,11365.0,869.0
2019-10-07,11150.0,11150.0,11150.0,11150.0,16.0
2019-10-07,11365.0,11365.0,11365.0,11365.0,9.0
2019-10-07,251.5,253.4,246.85,249.1,39160623.0
2019-10-09,11360.0,11360.0,11335.0,11347.5,2.0
2019-10-09,250.1,262.0,244.35,260.95,60328507.0
2019-10-09,11370.0,11383.95,11352.0,11356.27,966.0
2019-10-10,11333.1,11341.85,11333.1,11341.79,17.0
2019-10-10,258.0,258.0,252.6,254.15,37577511.0
2019-10-10,11367.0,11404.95,11360.25,11394.0,222.0
2019-10-11,11300.0,11305.05,11300.0,11300.0,13.0
2019-10-11,256.2,261.4,251.5,254.55,43272106.0
2019-10-11,11400.0,11430.0,11400.0,11428.66,596.0
2019-10-11,11375.0,11375.0,11249.99,11249.99,3.0
2019-10-14,11400.0,11474.98,11400.0,11425.16,492.0
2019-10-14,11305.0,11305.0,11305.0,11305.0,2.0
2019-10-14,256.95,259.4,254.0,255.45,28265136.0
2019-10-15,11150.0,11152.01,11150.0,11152.01,11.0
2019-10-15,11474.96,11474.96,11421.0,11443.46,305.0
2019-10-15,11310.2,11310.2,11310.0,11310.0,6.0
2019-10-15,256.45,259.9,254.8,258.45,23444973.0
2019-10-16,11473.99,11480.0,11441.15,11471.93,249.0
2019-10-16,11340.0,11341.0,11340.0,11340.5,2.0
2019-10-16,259.3,261.95,255.0,256.05,30892295.0
2019-10-17,256.4,266.0,255.6,265.45,37061013.0
2019-10-17,11191.0,11250.0,11187.0,11250.0,193.0
2019-10-17,11160.1,11160.1,11160.1,11160.1,1.0
2019-10-17,11485.0,11498.99,11485.0,11495.97,119.0
2019-10-18,11465.0,11499.95,11461.0,11498.77,288.0
2019-10-18,11240.0,11300.0,11180.1,11299.5,39.0
2019-10-18,264.4,271.35,263.2,269.65,33203721.0
2019-10-22,11270.0,11270.0,11270.0,11270.0,1.0
2019-10-22,11498.77,11565.0,11498.77,11565.0,183.0
2019-10-22,11298.99,11345.0,11298.99,11341.26,139.0
2019-10-22,270.4,275.0,268.5,270.5,27574295.0
2019-10-23,270.75,277.8,268.65,275.45,31789622.0
2019-10-23,11350.0,11370.0,11301.0,11316.18,11.0
2019-10-23,11556.0,11573.0,11530.0,11573.0,206.0
2019-10-23,11275.0,11275.0,11275.0,11275.0,24.0
2019-10-24,11211.0,11211.0,11211.0,11211.0,1.0
2019-10-24,11341.0,11341.0,11341.0,11341.0,26.0
2019-10-24,11589.0,11598.3,11575.0,11589.07,263.0
2019-10-24,276.0,277.65,248.65,262.5,63943183.0
2019-10-25,11151.0,11151.0,11151.0,11151.0,2.0
2019-10-25,11361.0,11361.0,11361.0,11361.0,5.0
2019-10-25,11426.0,11646.99,11426.0,11593.15,574.0
2019-10-25,265.8,284.15,263.55,281.55,105518180.0
2019-10-27,11500.0,11649.99,11500.0,11610.2,89.0
2019-10-27,284.95,284.95,280.25,281.8,12185529.0
2019-10-29,283.15,285.0,278.55,280.65,51033578.0
2019-10-29,11660.0,11660.0,11621.0,11644.15,118.0
2019-10-29,11190.0,11225.0,11190.0,11210.0,5.0
2019-10-29,11172.0,11399.95,11172.0,11340.0,18.0
2019-10-30,11280.0,11280.0,11280.0,11280.0,18.0
2019-10-30,11168.0,11340.0,11168.0,11340.0,31.0
2019-10-30,11621.0,11645.0,11621.0,11645.0,187.0
2019-10-30,283.0,291.0,279.25,289.9,51469048.0
2019-10-31,293.35,317.8,292.75,312.4,128449327.0
2019-10-31,11200.0,11378.75,11200.0,11299.0,64.0
2019-10-31,11399.9,11399.9,11390.0,11390.0,2.0
2019-10-31,11651.0,11680.0,11651.0,11671.0,119.0
2019-11-01,11680.0,11700.0,11680.0,11699.54,327.0
2019-11-01,312.4,315.0,308.6,313.55,44894016.0
2019-11-01,11400.0,11401.0,11400.0,11401.0,10.0
2019-11-04,11700.0,11730.0,11687.0,11699.31,193.0
2019-11-04,11279.0,11375.0,11279.0,11375.0,12.0
2019-11-04,11420.0,11459.0,11413.0,11452.6,28.0
2019-11-04,316.0,319.0,312.35,314.3,31535656.0
2019-11-05,11610.0,11763.0,11610.0,11741.91,453.0
2019-11-05,11441.0,11441.0,11441.0,11441.0,20.0
2019-11-05,313.9,322.0,312.8,319.2,50080853.0
2019-11-06,318.95,318.95,314.0,317.55,32157080.0
2019-11-06,11780.0,11789.0,11745.0,11762.56,341.0
2019-11-06,11350.0,11375.0,11350.0,11375.0,11.0
2019-11-06,11450.0,11461.0,11450.0,11461.0,12.0
2019-11-07,318.25,323.3,316.8,318.15,33926772.0
2019-11-07,11730.0,11778.0,11720.0,11755.51,97.0
2019-11-07,11390.0,11390.0,11390.0,11390.0,2.0
2019-11-08,11225.0,11825.0,11010.1,11786.14,214.0
2019-11-08,11389.5,11425.0,11389.0,11419.44,30.0
2019-11-08,11490.0,11525.0,11490.0,11516.0,5.0
2019-11-08,316.2,321.0,314.5,316.0,25423362.0
2019-11-11,11470.0,11470.0,11470.0,11470.0,2.0
2019-11-11,11730.0,11799.0,11715.0,11787.5,49.0
2019-11-11,11355.0,11355.0,11355.0,11355.0,1.0
2019-11-11,314.7,319.65,313.1,318.25,20491942.0
2019-11-13,316.05,318.6,305.65,306.8,32675829.0
2019-11-13,11440.0,11440.0,11440.0,11440.0,2.0
2019-11-13,11365.0,11365.0,11365.0,11365.0,6.0
2019-11-13,11789.0,11800.0,11760.0,11800.0,286.0
2019-11-14,11770.0,11820.0,11770.0,11818.5,32.0
2019-11-14,306.95,309.5,299.7,306.0,43617772.0
2019-11-15,11810.0,11815.0,11781.0,11802.29,191.0
2019-11-15,11514.99,11514.99,11514.99,11514.99,1.0
2019-11-15,11525.0,11550.0,11525.0,11549.99,14.0
2019-11-15,312.0,323.7,310.05,321.9,95199897.0
2019-11-18,11790.0,11814.75,11790.0,11814.75,71.0
2019-11-18,11470.0,11470.0,11441.0,11449.3,20.0
2019-11-18,324.0,329.85,323.75,325.1,39009263.0
2019-11-19,325.8,331.8,322.1,330.4,41372145.0
2019-11-19,11455.0,11455.0,11455.0,11455.0,2.0
2019-11-19,11800.0,11815.0,11550.0,11755.29,195.0
2019-11-20,11700.0,11800.0,11700.0,11755.0,269.0
2019-11-20,11299.0,11453.0,11250.0,11453.0,20.0
2019-11-20,332.0,332.5,325.1,328.8,29972583.0
2019-11-21,11750.0,11780.0,11720.0,11720.97,332.0
2019-11-21,11450.0,11450.0,11446.0,11446.02,19.0
2019-11-21,329.25,332.85,326.55,331.35,34116162.0
2019-11-22,11755.0,11770.0,11726.1,11770.0,35.0
2019-11-22,11411.0,11411.0,11411.0,11411.0,4.0
2019-11-22,331.45,333.8,328.25,329.3,28974967.0
2019-11-25,11452.0,11475.0,11451.0,11474.06,100.0
2019-11-25,329.0,337.5,328.35,336.1,27561300.0
2019-11-25,11752.0,11770.0,11751.0,11760.79,270.0
2019-11-25,11520.0,11520.0,11519.99,11519.99,2.0
2019-11-26,11305.0,11579.0,11305.0,11579.0,41.0
2019-11-26,338.0,340.0,332.6,335.5,36464072.0
2019-11-26,11760.0,11888.0,11701.0,11720.29,579.0
2019-11-26,11450.0,11450.0,11450.0,11450.0,1.0
2019-11-27,11721.0,11780.0,11710.0,11775.0,64.0
2019-11-27,11405.0,11410.0,11405.0,11410.0,6.0
2019-11-27,11457.0,11457.0,11455.0,11455.0,50.0
2019-11-27,335.95,345.55,334.05,343.55,33971305.0
2019-11-28,11750.0,11755.0,11735.0,11735.0,147.0
2019-11-28,11415.0,11415.0,11415.0,11415.0,3.0
2019-11-28,11575.0,11575.0,11460.0,11463.52,44.0
2019-11-28,346.85,351.0,344.5,349.3,42538227.0
2019-11-29,11455.0,11455.0,11455.0,11455.0,2.0
2019-11-29,348.85,348.85,340.6,341.85,23081823.0
2019-11-29,11725.0,11750.0,11720.0,11724.86,354.0
2019-11-29,11415.0,11415.0,11415.0,11415.0,3.0
2019-12-02,11465.0,11465.0,11465.0,11465.0,2.0
2019-12-02,343.9,344.35,336.2,338.5,20648850.0
2019-12-02,11725.0,11729.95,11702.02,11710.16,428.0
2019-12-03,11728.0,11728.0,11702.0,11707.71,222.0
2019-12-03,11475.0,11475.02,11475.0,11475.02,11.0
2019-12-03,341.0,342.95,333.35,336.25,26482178.0
2019-12-04,11425.0,11425.0,11400.0,11400.0,36.0
2019-12-04,11475.05,11550.0,11475.05,11550.0,12.0
2019-12-04,11725.0,11725.0,11715.0,11717.19,286.0
2019-12-04,334.1,342.95,331.85,341.85,26789483.0
2019-12-05,343.0,344.6,335.15,336.2,30429507.0
2019-12-05,11485.0,11485.0,11485.0,11485.0,2.0
2019-12-05,11721.1,11723.0,11710.0,11720.14,204.0
2019-12-06,336.7,337.65,318.0,320.0,47027528.0
2019-12-06,11730.0,11730.0,11705.0,11714.33,167.0
2019-12-06,11475.0,11500.0,11475.0,11500.0,4.0
2019-12-09,11480.0,11480.0,11480.0,11480.0,2.0
2019-12-09,11701.0,11701.0,11660.11,11669.89,213.0
2019-12-09,318.95,327.65,314.75,316.7,52435239.0
2019-12-10,11472.0,11472.0,11435.0,11435.0,20.0
2019-12-10,11699.89,11705.0,11600.0,11613.66,386.0
2019-12-10,317.2,322.65,312.25,313.4,52155809.0
2019-12-11,11232.01,11232.01,11232.01,11232.01,10.0
2019-12-11,11450.0,11450.0,11450.0,11450.0,7.0
2019-12-11,11627.0,11640.0,11600.0,11627.78,155.0
2019-12-11,311.2,315.75,308.0,312.8,52557951.0
2019-12-12,11631.0,11631.0,11608.01,11622.85,614.0
2019-12-12,314.0,322.95,313.55,321.85,37804216.0
2019-12-12,11455.0,11480.0,11455.0,11467.5,2.0
2019-12-13,11400.0,11450.0,11400.0,11400.0,10.0
2019-12-13,11495.0,11495.0,11455.0,11461.66,6.0
2019-12-13,11620.0,11670.0,11620.0,11640.0,169.0
2019-12-13,325.2,333.45,325.0,332.55,40955226.0
2019-12-16,11470.0,11470.0,11354.0,11450.0,36.0
2019-12-16,11649.98,11650.0,11615.0,11622.88,462.0
2019-12-16,335.95,337.25,330.8,331.85,35027613.0
2019-12-17,11400.0,11415.0,11400.0,11415.0,5.0
2019-12-17,11625.0,11640.0,11601.0,11608.2,672.0
2019-12-17,333.25,335.75,330.65,332.9,26734601.0
2019-12-18,335.0,335.55,325.8,326.95,26449075.0
2019-12-18,11580.0,11580.0,11400.0,11416.3,41.0
2019-12-18,11300.0,11300.0,11240.0,11243.72,51.0
2019-12-18,11620.0,11620.0,11583.0,11591.54,571.0
2019-12-19,11360.0,11380.0,11360.0,11370.0,2.0
2019-12-19,11600.0,11600.0,11550.0,11584.35,424.0
2019-12-19,327.35,329.6,324.5,328.15,27516289.0
2019-12-20,11251.0,11251.0,11245.0,11248.66,3.0
2019-12-20,11590.0,11590.0,11558.0,11565.48,576.0
2019-12-20,11372.0,11430.0,11372.0,11430.0,20.0
2019-12-20,330.35,339.5,330.35,337.85,51839714.0
2019-12-23,11376.0,11400.0,11351.0,11400.0,21.0
2019-12-23,335.7,338.85,330.35,332.4,30150335.0
2019-12-23,11470.0,11470.0,11301.0,11301.0,2.0
2019-12-23,11571.0,11590.0,11542.0,11555.0,658.0
2019-12-24,11350.0,11350.0,11260.0,11261.0,11.0
2019-12-24,11584.0,11584.0,11541.0,11553.91,564.0
2019-12-24,11429.0,11429.0,11362.0,11364.0,16.0
2019-12-24,333.2,334.2,329.2,331.45,21747782.0
2019-12-26,11550.0,11558.0,11522.01,11531.67,641.0
2019-12-26,11370.0,11370.0,11352.05,11352.05,67.0
2019-12-26,333.0,333.45,328.1,329.85,24616942.0
2019-12-27,333.4,338.35,333.0,337.25,33477173.0
2019-12-27,11205.0,11465.0,11200.02,11300.0,6.0
2019-12-27,11527.0,11535.5,11505.0,11520.16,495.0
2019-12-27,11430.0,11430.0,11350.0,11353.55,90.0
2019-12-30,337.75,337.85,332.5,334.4,22775554.0
2019-12-30,11354.0,11354.0,11280.0,11286.34,163.0
2019-12-30,11515.0,11525.0,11475.5,11481.98,619.0
2019-12-31,11289.0,11289.0,11200.01,11204.33,45.0
2019-12-31,11485.0,11485.0,11422.0,11429.66,916.0
2019-12-31,11299.0,11299.0,11251.0,11252.76,88.0
2019-12-31,334.4,336.35,332.55,333.75,23801635.0
2020-01-01,334.7,335.95,332.15,334.45,17379320.0
2020-01-01,11329.99,11329.99,11151.0,11212.46,42.0
2020-01-01,11430.0,11441.0,11420.0,11425.63,598.0
2020-01-01,11177.5,11177.5,11150.0,11160.63,35.0
2020-01-02,11250.0,11250.0,11125.0,11125.0,2.0
2020-01-02,11430.0,11435.0,11360.1,11369.51,999.0
2020-01-02,334.5,339.85,333.35,339.3,20324236.0
2020-01-02,11250.0,11250.0,11161.0,11164.73,61.0
2020-01-03,337.95,337.95,332.0,333.7,21853208.0
2020-01-03,11239.82,11239.82,11155.0,11156.73,42.0
2020-01-03,11371.0,11380.0,11340.0,11355.0,682.0
2020-01-06,331.7,331.7,317.7,319.0,35645325.0
2020-01-06,11220.0,11220.0,11140.0,11140.0,264.0
2020-01-06,11370.0,11370.0,11335.0,11353.03,640.0
2020-01-06,11130.05,11130.05,11100.01,11106.0,62.0
2020-01-07,11380.0,11380.01,11350.0,11351.22,569.0
2020-01-07,324.45,327.0,315.4,318.4,50966826.0
2020-01-07,11170.0,11170.0,11100.0,11106.87,243.0
2020-01-07,11106.0,11110.0,11095.0,11095.88,40.0
2020-01-08,11150.0,11179.99,11101.0,11174.0,75.0
2020-01-08,312.1,321.5,311.0,319.8,44527485.0
2020-01-08,11300.0,11399.0,11300.0,11356.94,273.0
2020-01-09,11060.0,11060.0,11055.0,11055.0,112.0
2020-01-09,11353.0,11375.0,11350.1,11365.92,366.0
2020-01-09,326.9,331.4,325.0,330.2,40348407.0
2020-01-09,11110.0,11150.0,11110.0,11122.24,109.0
2020-01-10,331.0,337.95,328.1,332.25,42377838.0
2020-01-10,11180.0,11180.0,11130.0,11136.52,94.0
2020-01-10,11360.0,11384.0,11342.0,11355.14,643.0
2020-01-10,11144.0,11144.0,11144.0,11144.0,5.0
2020-01-13,334.0,335.45,329.05,330.75,23615129.0
2020-01-13,11297.5,11299.99,11118.06,11118.06,134.0
2020-01-13,11356.0,11356.0,11345.0,11348.06,927.0
2020-01-13,11150.0,11150.0,11070.0,11072.79,25.0
2020-01-14,11350.0,11351.0,11335.0,11340.3,549.0
2020-01-14,11150.0,11150.0,11051.0,11051.0,4.0
2020-01-14,329.8,331.7,326.5,328.0,26296117.0
2020-01-14,11249.45,11249.45,11111.12,11111.12,42.0
2020-01-15,329.0,329.2,322.35,324.25,32625740.0
2020-01-15,11110.0,11140.0,11110.0,11133.19,27.0
2020-01-15,11340.3,11342.0,11330.0,11338.14,263.0
2020-01-15,11150.0,11150.0,11053.0,11056.58,60.0
2020-01-16,324.0,326.9,322.35,323.3,26653623.0
2020-01-16,11145.0,11199.0,11135.03,11135.03,9.0
2020-01-16,11399.0,12225.0,11333.0,11341.1,396.0
2020-01-16,11060.0,11140.0,11060.0,11135.0,5.0
2020-01-17,11145.0,11145.0,11070.0,11077.83,47.0
2020-01-17,313.0,323.5,310.1,318.0,58396326.0
2020-01-17,11150.0,11175.0,11140.0,11141.22,52.0
2020-01-17,11340.0,11351.0,11339.0,11341.72,317.0
2020-01-20,11350.0,11350.0,11343.02,11345.94,522.0
2020-01-20,11143.0,11143.0,11143.0,11143.0,2.0
2020-01-20,321.0,321.45,313.4,314.0,30682902.0
2020-01-21,313.8,316.95,312.0,313.7,30591772.0
2020-01-21,11249.99,11249.99,11200.0,11230.0,51.0
2020-01-21,11345.0,11359.5,11345.0,11353.59,567.0
2020-01-21,11150.0,11150.0,11080.0,11084.63,192.0
2020-01-22,317.0,317.0,313.7,316.15,24994911.0
2020-01-22,11200.0,11200.0,11199.9,11199.97,56.0
2020-01-22,11360.0,11360.0,11345.15,11346.54,628.0
2020-01-22,11100.0,11120.0,11100.0,11116.0,5.0
2020-01-23,316.0,324.8,314.15,323.2,33293610.0
2020-01-23,11165.0,11165.0,11160.0,11160.0,60.0
2020-01-23,11355.0,11355.0,11341.0,11344.16,762.0
2020-01-23,11160.0,11160.0,11160.0,11160.0,1.0
2020-01-24,11150.0,11150.0,11100.0,11100.33,153.0
2020-01-24,11350.0,11351.0,11340.0,11341.41,874.0
2020-01-24,323.5,327.3,321.15,324.05,22706879.0
2020-01-24,11175.0,11175.0,11170.0,11170.83,12.0
2020-01-27,320.9,322.0,315.8,316.2,23309355.0
2020-01-27,11180.0,11202.0,11180.0,11202.0,8.0
2020-01-27,11350.0,11350.0,11333.0,11346.3,838.0
2020-01-27,11102.0,11102.0,11102.0,11102.0,2.0
2020-01-28,317.95,320.0,311.05,315.1,26488426.0
2020-01-28,11200.0,11220.0,11199.7,11200.04,224.0
2020-01-28,11350.0,11350.0,11335.1,11339.4,1141.0
2020-01-28,11125.0,11125.0,11104.0,11111.33,6.0
2020-01-29,11116.0,11116.0,11116.0,11116.0,19.0
2020-01-29,11349.95,11498.0,11340.0,11364.39,490.0
2020-01-29,317.85,319.7,315.55,316.45,23914114.0
2020-01-29,11202.1,11202.1,11182.0,11182.0,105.0
2020-01-30,316.75,316.75,305.65,310.7,35802330.0
2020-01-30,11290.0,11290.0,11191.0,11191.0,13.0
2020-01-30,11371.0,11440.0,11371.0,11410.15,461.0
2020-01-30,11117.0,11117.0,11117.0,11117.0,3.0
2020-01-31,313.7,321.7,308.6,318.45,92656638.0
2020-01-31,11279.9,11600.0,11210.2,11223.23,100.0
2020-01-31,11439.5,11478.0,11439.5,11464.59,248.0
2020-01-31,11150.0,11250.0,11150.0,11250.0,126.0
2020-02-01,11441.0,11490.0,11441.0,11463.16,185.0
2020-02-01,11340.0,11340.0,11100.0,11220.0,2.0
2020-02-01,317.95,322.65,296.3,302.6,61841736.0
2020-02-01,11210.0,11220.0,11210.0,11211.03,22.0
2020-02-03,303.0,306.85,295.35,298.1,56060158.0
2020-02-03,11330.0,11360.0,11300.0,11350.0,118.0
2020-02-03,11463.16,11491.0,11463.16,11483.52,467.0
2020-02-03,11222.0,11222.0,11222.0,11222.0,1.0
2020-02-04,302.9,307.55,297.1,306.25,51141567.0
2020-02-04,11350.0,11375.0,11350.0,11375.0,6.0
2020-02-04,11498.0,11569.99,11498.0,11536.95,323.0
2020-02-05,306.9,313.65,304.6,311.0,35014841.0
2020-02-05,11440.0,11440.0,11321.0,11321.0,30.0
2020-02-05,11530.0,11589.0,11530.0,11558.13,329.0
2020-02-05,11300.0,11350.0,11300.0,11350.0,16.0
2020-02-06,11380.0,11380.0,11321.0,11350.0,16.0
2020-02-06,11321.0,11321.0,11320.0,11320.01,14.0
2020-02-06,311.2,323.5,310.1,321.95,57757656.0
2020-02-06,11565.0,11584.0,11565.0,11584.0,288.0
2020-02-07,321.5,325.0,318.4,320.55,37126803.0
2020-02-07,11350.0,11350.0,11320.0,11322.75,40.0
2020-02-07,11570.0,11614.99,11565.03,11594.18,372.0
2020-02-10,319.8,322.8,316.5,318.5,24816396.0
2020-02-10,11590.0,11620.0,11580.0,11603.45,256.0
2020-02-11,11351.0,11359.75,11300.0,11342.37,12.0
2020-02-11,321.05,325.8,321.05,324.35,30188757.0
2020-02-11,11330.0,11396.9,11203.33,11377.0,174.0
2020-02-11,11595.0,11635.0,11578.01,11616.5,217.0
2020-02-12,11315.0,11315.0,11315.0,11315.0,1.0
2020-02-12,11647.0,11647.0,11611.0,11628.4,338.0
2020-02-12,329.9,329.9,319.25,320.2,38930849.0
2020-02-12,11330.0,11330.0,11330.0,11330.0,2.0
2020-02-13,11417.5,11417.5,11417.5,11417.5,1.0
2020-02-13,322.0,330.95,322.0,327.45,62516057.0
2020-02-13,11330.0,11330.0,11320.0,11320.0,30.0
2020-02-13,11640.0,11644.6,11621.05,11625.0,258.0
2020-02-14,11326.0,11358.0,11325.0,11357.09,103.0
2020-02-14,11620.0,11647.6,11620.0,11645.21,149.0
2020-02-14,328.1,331.9,318.55,319.4,48205947.0
2020-02-14,11300.0,11332.0,11300.0,11325.75,12.0
2020-02-17,11340.0,11340.0,11340.0,11340.0,7.0
2020-02-17,11640.0,11660.0,11640.0,11654.46,365.0
2020-02-17,11301.0,11330.0,11300.0,11316.5,14.0
2020-02-17,320.95,321.15,311.65,314.2,36950692.0
2020-02-18,315.4,319.2,309.4,317.55,38588583.0
2020-02-18,11325.0,11325.0,11281.0,11320.0,7.0
2020-02-18,11630.0,11698.99,11630.0,11687.98,286.0
2020-02-19,322.3,324.0,317.25,320.35,39846727.0
2020-02-19,11350.0,11350.0,11211.13,11307.6,125.0
2020-02-19,11690.0,11720.0,11690.0,11716.5,368.0
2020-02-19,11341.0,11397.0,11341.0,11397.0,4.0
2020-02-20,11712.0,11730.0,11650.1,11722.82,482.0
2020-02-20,11360.0,11360.0,11300.0,11300.0,18.0
2020-02-20,319.35,329.2,318.75,327.65,40150409.0
2020-02-20,11301.0,11301.0,11260.0,11290.33,137.0
2020-02-24,325.75,331.3,321.85,322.95,45273936.0
2020-02-24,11296.0,11350.0,11290.0,11350.0,37.0
2020-02-24,11723.0,11750.0,11681.0,11715.61,324.0
2020-02-24,11300.0,11340.0,11262.01,11340.0,41.0
2020-02-25,325.9,328.15,322.2,326.8,39050709.0
2020-02-25,11325.0,11334.0,11321.0,11327.4,16.0
2020-02-25,11710.0,11722.0,11701.0,11705.07,808.0
2020-02-25,11399.0,11399.0,11399.0,11399.0,1.0
2020-02-26,11700.0,11720.0,11644.0,11662.88,820.0
2020-02-26,324.85,330.8,324.2,328.2,43915281.0
2020-02-26,11349.0,11349.0,11309.0,11310.01,80.0
2020-02-27,11777.0,11777.0,11625.0,11650.94,344.0
2020-02-27,11315.05,11399.99,11315.05,11399.99,9.0
2020-02-27,328.0,330.0,318.0,321.95,47010040.0
2020-02-27,11300.0,11339.0,11300.0,11311.11,26.0
2020-02-28,312.0,314.65,301.1,303.0,59705346.0
2020-02-28,11255.0,11330.0,11255.0,11278.0,54.0
2020-02-28,11627.01,11634.0,11570.0,11573.34,944.0
2020-03-02,311.0,312.0,284.05,287.4,66711413.0
2020-03-02,11295.0,11302.0,11295.0,11300.26,22.0
2020-03-02,11590.0,11600.0,11550.0,11560.17,817.0
2020-03-03,293.0,294.4,285.3,289.85,61949382.0
2020-03-03,11568.25,11578.0,11524.0,11539.15,539.0
2020-03-03,11399.0,11399.0,11385.0,11385.0,11.0
2020-03-04,11276.0,11276.0,11261.0,11262.5,149.0
2020-03-04,11568.0,11568.0,11511.0,11512.3,1245.0
2020-03-04,291.8,293.0,275.1,285.3,73675736.0
2020-03-05,290.9,298.4,270.0,288.5,149245973.0
2020-03-05,11330.0,11335.0,11300.0,11334.64,50.0
2020-03-05,11514.0,11526.95,11490.01,11500.84,1180.0
2020-03-05,11398.0,11398.0,11247.5,11300.0,4.0
2020-03-06,268.0,274.4,253.95,270.5,106043172.0
2020-03-06,11300.0,11305.0,11300.0,11301.25,30.0
2020-03-06,11466.0,11510.0,11466.0,11507.26,1148.0
2020-03-06,11275.0,11330.0,11275.0,11330.0,8.0
2020-03-09,260.05,262.75,251.15,253.45,101294751.0
2020-03-09,11300.0,11300.0,11204.25,11262.65,69.0
2020-03-09,11502.0,11548.0,11461.0,11470.75,1155.0
2020-03-09,11309.0,11320.5,11309.0,11309.0,25.0
2020-03-11,11113.05,11113.05,11113.05,11113.05,3.0
2020-03-11,11475.0,11475.0,11387.0,11397.16,1861.0
2020-03-11,11231.0,11300.0,11230.0,11300.0,4.0
2020-03-11,253.0,258.5,243.1,245.1,90847179.0
2020-03-12,231.9,231.9,208.6,212.6,99770256.0
2020-03-12,11250.0,11250.0,11200.0,11200.0,127.0
2020-03-12,11401.0,11401.0,11311.0,11382.15,1020.0
2020-03-12,11299.0,11299.0,11270.0,11270.0,6.0
2020-03-13,200.0,248.8,184.65,242.0,155703140.0
2020-03-13,11250.0,11300.0,11150.05,11242.08,105.0
2020-03-13,11300.0,11475.0,10200.0,11440.28,1362.0
2020-03-13,11270.0,11270.0,11270.0,11270.0,1.0
2020-03-16,227.9,231.4,220.6,223.35,75584607.0
2020-03-16,11250.0,11299.0,11150.0,11238.54,145.0
2020-03-16,11352.0,11499.0,11310.0,11439.45,818.0
2020-03-16,11285.0,11499.99,11285.0,11499.99,5.0
2020-03-17,11132.0,11132.0,11102.0,11102.0,4.0
2020-03-17,11440.0,11502.0,11371.0,11379.35,2020.0
2020-03-17,227.2,229.9,212.05,215.15,65414721.0
2020-03-17,11175.0,11175.0,11000.0,11088.9,184.0
2020-03-18,221.0,223.15,200.1,215.2,101405421.0
2020-03-18,10497.0,10497.0,10251.0,10296.1,159.0
2020-03-18,10800.0,10800.0,10455.0,10513.64,2158.0
2020-03-18,10664.75,10664.75,10140.0,10256.66,13.0
2020-03-19,202.95,219.75,198.15,203.65,93535977.0
2020-03-19,10177.0,10200.5,10177.0,10190.32,121.0
2020-03-19,10515.0,10515.0,10400.0,10422.09,1347.0
2020-03-19,10072.0,10250.0,10071.25,10226.66,62.0
2020-03-20,10299.0,10299.0,10299.0,10299.0,1.0
2020-03-20,10491.0,10491.0,10405.0,10436.78,1594.0
2020-03-20,205.55,215.7,200.0,209.85,77393021.0
2020-03-20,10190.0,10270.0,10185.0,10200.5,152.0
2020-03-23,10121.0,10200.0,10053.0,10168.57,230.0
2020-03-23,10399.99,10400.0,10256.0,10352.64,1506.0
2020-03-23,10200.0,10250.0,10103.0,10234.61,68.0
2020-03-23,190.0,199.5,180.25,181.6,61751758.0
2020-03-24,10171.0,10200.0,10120.0,10190.0,143.0
2020-03-24,10332.0,10400.0,10330.0,10333.56,1390.0
2020-03-24,10180.0,10180.0,10180.0,10180.0,2.0
2020-03-24,190.95,191.95,173.55,183.2,67492010.0
2020-03-25,10425.0,10445.0,10060.05,10365.0,30.0
2020-03-25,178.0,195.25,176.45,189.9,71568237.0
2020-03-25,10350.0,10390.0,10330.0,10348.41,892.0
2020-03-25,10399.0,10399.0,10122.1,10140.0,19.0
2020-03-26,10199.0,10199.0,10121.0,10173.48,187.0
2020-03-26,10351.0,10405.0,10351.0,10372.88,735.0
2020-03-26,10183.0,10183.0,10183.0,10183.0,1.0
2020-03-26,191.55,201.0,185.1,192.75,107260674.0
2020-03-27,202.0,211.9,195.0,195.95,114746995.0
2020-03-27,10199.0,10390.0,10199.0,10350.0,204.0
2020-03-27,10397.0,10490.0,10361.0,10458.14,778.0
2020-03-27,10300.0,10400.0,10300.0,10400.0,8.0
2020-03-30,190.0,195.0,186.25,186.9,60083237.0
2020-03-30,10350.0,10423.0,10252.1,10398.27,118.0
2020-03-30,10458.14,10599.0,10458.14,10573.17,993.0
2020-03-30,10380.0,10400.0,10295.0,10332.46,296.0
2020-03-31,10275.01,10350.0,10262.1,10346.14,245.0
2020-03-31,10640.0,10650.0,10590.0,10609.63,461.0
2020-03-31,10390.0,10390.0,10350.0,10350.0,7.0
2020-03-31,192.0,198.5,188.05,196.85,59543906.0
2020-04-01,10389.99,10400.1,10360.0,10399.89,129.0
2020-04-01,10650.0,10750.0,10650.0,10740.64,786.0
2020-04-01,10366.0,10404.0,10325.0,10400.93,198.0
2020-04-01,194.0,194.5,185.25,186.55,52954482.0
2020-04-03,10440.0,10545.0,10412.0,10537.9,158.0
2020-04-03,10750.0,10872.0,10745.0,10848.88,1367.0
2020-04-03,10440.0,10785.0,10440.0,10767.0,11.0
2020-04-03,187.55,188.2,175.0,175.5,64455937.0
2020-04-07,184.4,187.3,177.6,186.4,72133717.0
2020-04-07,10551.0,10551.01,10531.0,10550.0,64.0
2020-04-07,10538.0,10538.0,10450.0,10499.16,304.0
2020-04-07,10878.0,10925.0,10845.0,10862.68,2218.0
2020-04-08,10517.0,10535.0,10500.0,10504.09,183.0
2020-04-08,10865.0,10865.0,10820.0,10833.8,1354.0
2020-04-08,10550.0,10570.0,10550.0,10570.0,10.0
2020-04-08,182.9,194.4,180.45,183.0,80436673.0
2020-04-09,10495.0,10585.0,10495.0,10585.0,189.0
2020-04-09,10858.0,10875.0,10823.0,10840.47,840.0
2020-04-09,10500.0,10541.0,10500.0,10540.0,75.0
2020-04-09,188.0,190.0,183.6,187.75,62417301.0
2020-04-13,186.8,188.7,183.1,183.5,51847574.0
2020-04-13,10700.0,10750.0,10600.0,10649.28,35.0
2020-04-13,10575.0,10575.0,10550.0,10554.53,216.0
2020-04-13,10850.0,10869.9,10841.01,10863.06,889.0
2020-04-15,10590.0,10610.0,10565.0,10605.0,274.0
2020-04-15,10900.0,10900.0,10851.0,10890.72,519.0
2020-04-15,10777.0,10800.0,10650.0,10650.66,47.0
2020-04-15,187.0,191.95,180.15,182.35,72190294.0
2020-04-16,10605.01,10639.0,10605.0,10635.45,73.0
2020-04-16,10860.01,10900.0,10860.01,10898.17,549.0
2020-04-16,10649.0,10770.0,10649.0,10746.23,36.0
2020-04-16,182.0,189.9,180.25,188.5,61165997.0
2020-04-17,10751.0,10798.0,10746.0,10798.0,18.0
2020-04-17,196.0,198.0,186.3,193.25,89858053.0
2020-04-17,10900.0,10975.0,10896.22,10974.07,763.0
2020-04-17,10680.0,10689.0,10651.05,10688.21,49.0
2020-04-20,10690.0,10800.0,10690.0,10790.0,60.0
2020-04-20,10985.0,11058.5,10981.0,11049.53,1020.0
2020-04-20,10798.0,10875.0,10790.0,10860.0,7.0
2020-04-20,194.0,197.35,190.05,192.5,81961666.0
2020-04-21,10815.0,10820.0,10751.31,10803.16,61.0
2020-04-21,11052.0,11070.0,11000.05,11053.6,449.0
2020-04-21,10830.0,10937.0,10830.0,10850.0,11.0
2020-04-21,188.0,188.2,183.0,184.75,53043573.0
2020-04-22,185.5,189.5,181.35,188.7,61503792.0
2020-04-22,10851.0,10852.0,10850.0,10850.0,25.0
2020-04-22,11064.0,11099.98,11063.95,11091.3,592.0
2020-04-22,10820.0,10859.99,10820.0,10850.13,107.0
2020-04-23,10800.0,10850.0,10795.0,10845.48,86.0
2020-04-23,11098.0,11115.0,11081.11,11098.12,425.0
2020-04-23,10801.0,10802.1,10801.0,10801.0,38.0
2020-04-23,187.75,189.9,185.15,186.7,50957437.0
2020-04-24,10800.0,10834.85,10800.0,10820.95,94.0
2020-04-24,11080.0,11080.0,11050.0,11066.59,459.0
2020-04-24,10850.0,10850.0,10850.0,10850.0,1.0
2020-04-24,184.0,184.0,179.0,179.75,65146846.0
2020-04-27,183.5,183.5,180.5,180.9,43003001.0
2020-04-27,10811.0,10811.0,10746.0,10755.3,15.0
2020-04-27,11075.0,11075.0,11055.0,11061.05,751.0
2020-04-27,10850.0,10850.0,10801.0,10811.0,69.0
2020-04-28,10820.0,10825.0,10819.0,10825.0,133.0
2020-04-28,11060.0,11095.95,11060.0,11084.6,1377.0
2020-04-28,10922.0,10922.0,10780.0,10880.0,7.0
2020-04-28,182.0,185.35,181.2,184.3,49590249.0
2020-04-29,10850.0,10873.99,10849.99,10862.5,57.0
2020-04-29,11098.0,11135.0,11098.0,11130.84,1034.0
2020-04-29,10850.0,10950.0,10850.0,10950.0,6.0
2020-04-29,185.0,191.8,183.5,190.1,57470639.0
2020-04-30,10910.0,10910.0,10910.0,10910.0,1.0
2020-04-30,193.5,195.9,189.7,190.5,63069460.0
2020-04-30,10850.0,10925.0,10802.0,10900.01,50.0
2020-04-30,11134.0,11178.9,11134.0,11166.08,584.0
2020-05-04,10802.0,11339.99,10802.0,10965.0,51.0
2020-05-04,11175.0,11175.0,11125.0,11155.16,988.0
2020-05-04,10920.0,10970.0,10850.0,10850.0,4.0
2020-05-04,182.45,183.5,178.0,178.85,58122608.0
2020-05-05,11100.0,11949.0,10966.0,10999.0,186.0
2020-05-05,11160.0,11199.99,11156.0,11169.79,696.0
2020-05-05,10970.0,11575.0,10935.0,11100.0,59.0
2020-05-05,181.0,181.25,168.8,170.4,91050629.0
2020-05-06,11198.0,11198.0,11000.0,11000.5,3.0
2020-05-06,171.15,173.3,166.55,171.1,73156881.0
2020-05-06,10825.0,11140.0,10825.0,10965.0,32.0
2020-05-06,11157.3,11185.0,11157.3,11174.0,353.0
2020-05-07,11174.0,11174.0,10960.0,10982.71,103.0
2020-05-07,11174.0,11185.0,11160.0,11177.43,860.0
2020-05-07,11240.0,11240.0,11240.0,11240.0,1.0
2020-05-07,170.85,172.55,168.8,170.75,42944139.0
2020-05-08,10982.0,10982.0,10930.0,10930.0,92.0
2020-05-08,11194.0,11195.0,11168.0,11171.96,575.0
2020-05-08,10921.0,11189.0,10921.0,10930.0,5.0
2020-05-08,172.45,173.8,166.1,166.65,55935527.0
2020-05-11,167.95,168.9,165.0,165.45,54594499.0
2020-05-11,10938.0,10995.0,10938.0,10954.5,123.0
2020-05-11,11172.0,11188.0,11168.0,11170.99,796.0
2020-05-11,11090.0,11239.0,11090.0,11164.5,10.0
2020-05-12,11000.0,11149.0,10910.0,10910.0,39.0
2020-05-12,164.2,168.5,160.85,166.9,70752913.0
2020-05-12,10955.0,10974.0,10900.01,10905.5,197.0
2020-05-12,11172.0,11181.0,11165.1,11178.96,583.0
2020-05-13,10811.0,10875.0,10811.0,10856.23,163.0
2020-05-13,11176.0,11194.0,11172.1,11182.29,346.0
2020-05-13,10970.0,10970.0,10970.0,10970.0,1.0
2020-05-13,178.55,178.55,170.5,174.1,81721884.0
2020-05-14,10858.0,10869.0,10855.0,10869.0,167.0
2020-05-14,11180.29,11199.0,11171.0,11187.15,415.0
2020-05-14,10810.0,10810.0,10810.0,10810.0,1.0
2020-05-14,170.95,171.75,167.5,167.95,48137099.0
2020-05-15,10823.0,10823.0,10823.0,10823.0,2.0
2020-05-15,167.95,168.25,164.7,166.4,35498484.0
2020-05-15,11440.0,11450.0,10861.2,10930.0,240.0
2020-05-15,11187.15,11194.0,11180.0,11187.01,198.0
2020-05-18,10935.0,11138.0,10918.0,10926.53,37.0
2020-05-18,11187.01,11230.0,11187.01,11206.34,353.0
2020-05-18,10820.0,10900.0,10820.0,10895.16,34.0
2020-05-18,166.4,166.4,155.0,155.3,77350889.0
2020-05-19,10950.0,10979.0,10950.0,10971.76,37.0
2020-05-19,11210.0,11242.0,11190.0,11206.62,939.0
2020-05-19,157.5,157.85,152.4,152.8,71522983.0
2020-05-20,153.0,155.25,151.15,153.4,66178068.0
2020-05-20,11099.0,11100.0,10951.0,10951.0,20.0
2020-05-20,11229.0,11244.0,11190.0,11218.06,747.0
2020-05-20,10856.0,10856.0,10852.1,10852.1,5.0
2020-05-21,153.65,156.15,151.5,151.95,61150189.0
2020-05-21,10990.0,10995.0,10990.0,10995.0,5.0
2020-05-21,11218.5,11280.0,11218.5,11269.24,137.0
2020-05-21,11049.8,11049.8,10953.0,11000.0,12.0
2020-05-22,10998.0,11160.0,10964.2,10998.0,65.0
2020-05-22,11269.5,11340.0,11260.0,11336.75,447.0
2020-05-22,10990.0,11098.0,10950.0,11037.5,22.0
2020-05-22,152.0,155.6,149.45,150.85,87069955.0
2020-05-26,11130.0,11150.0,11000.0,11018.2,46.0
2020-05-26,11330.0,11375.8,11326.0,11366.94,468.0
2020-05-26,11000.0,11000.0,11000.0,11000.0,2.0
2020-05-26,152.4,153.2,150.2,151.4,48281208.0
2020-05-27,11105.0,11110.0,11098.0,11110.0,55.0
2020-05-27,11370.04,11449.0,11369.0,11400.92,536.0
2020-05-27,151.95,160.8,150.8,158.6,88206678.0
2020-05-28,159.45,162.4,156.7,158.2,76970390.0
2020-05-28,11150.0,11150.0,11150.0,11150.0,10.0
2020-05-28,11150.0,11150.0,11008.4,11052.0,32.0
2020-05-28,11400.0,11400.0,11305.0,11389.76,752.0
2020-05-29,11949.0,11949.0,11053.0,11161.94,149.0
2020-05-29,11720.0,11720.0,11392.0,11411.78,414.0
2020-05-29,12809.9,12809.9,11100.0,11250.0,12.0
2020-05-29,156.1,161.9,155.2,161.3,58368035.0
2020-06-01,10951.0,11250.0,10951.0,11237.0,21.0
2020-06-01,11425.0,11445.0,11405.0,11415.84,337.0
2020-06-01,11260.0,11260.0,11055.0,11250.0,13.0
2020-06-01,164.0,171.4,163.35,170.05,92742124.0
2020-06-02,11250.0,11250.0,11151.01,11151.01,27.0
2020-06-02,169.9,171.3,167.2,170.25,70422258.0
2020-06-02,11410.4,11445.0,11401.0,11440.0,473.0
2020-06-02,11185.0,11237.0,11185.0,11230.16,94.0
2020-06-03,11250.0,11299.0,11126.0,11247.21,19.0
2020-06-03,11449.0,11454.0,11428.0,11436.46,275.0
2020-06-03,10870.0,11435.0,10870.0,11275.0,4.0
2020-06-03,172.5,179.9,172.0,174.9,113173574.0
2020-06-04,11200.0,11220.0,11119.0,11218.64,40.0
2020-06-04,11444.0,11450.0,11440.0,11441.2,289.0
2020-06-04,11440.0,11490.0,11250.0,11295.0,12.0
2020-06-04,174.9,177.65,171.5,174.05,83495015.0
2020-06-05,176.55,189.8,176.0,187.8,201325176.0
2020-06-05,11449.98,11450.0,11425.0,11445.23,450.0
2020-06-05,11220.0,11249.0,11220.0,11223.4,82.0
2020-06-08,11240.0,11240.0,11200.0,11219.16,13.0
2020-06-08,11440.0,11457.69,11431.0,11434.81,824.0
2020-06-08,197.0,197.5,185.8,186.8,151750421.0
2020-06-09,11223.3,11246.93,11223.3,11246.93,2.0
2020-06-09,11431.21,11448.0,11430.0,11442.93,429.0
2020-06-09,187.7,191.0,183.35,184.45,96656234.0
2020-06-10,11200.0,11242.0,11200.0,11239.99,29.0
2020-06-10,11443.0,11445.0,11430.0,11435.34,494.0
2020-06-10,11201.0,11300.0,11200.0,11300.0,5.0
2020-06-10,184.55,189.0,183.8,187.7,67335901.0
2020-06-11,188.0,190.4,176.35,177.15,91729798.0
2020-06-11,11300.0,11300.0,11300.0,11300.0,1.0
2020-06-11,11440.0,11454.4,11440.0,11450.01,402.0
2020-06-11,11260.0,11300.0,11210.0,11215.55,58.0
2020-06-12,11240.0,11280.0,11164.0,11201.47,61.0
2020-06-12,11800.0,12299.0,11445.0,11483.53,408.0
2020-06-12,11340.0,11340.0,11340.0,11340.0,2.0
2020-06-12,170.0,180.0,169.8,179.15,92761694.0
2020-06-15,11230.0,11300.0,11230.0,11230.0,147.0
2020-06-15,11460.0,11580.0,11460.0,11564.94,631.0
2020-06-15,11339.0,11339.0,11200.0,11219.46,29.0
2020-06-15,177.85,177.85,172.0,173.7,63617286.0
2020-06-16,178.0,178.95,169.4,172.9,63929925.0
2020-06-16,11300.0,11300.0,11210.0,11271.57,10.0
2020-06-16,11260.0,11260.0,11260.0,11260.0,11.0
2020-06-16,11564.94,11577.0,11500.0,11533.57,647.0
2020-06-17,11261.0,11261.0,11100.0,11199.66,234.0
2020-06-17,11550.0,11555.0,11440.0,11506.33,645.0
2020-06-17,171.0,176.2,169.25,172.95,73867145.0
2020-06-18,11170.0,11244.0,11170.0,11243.0,29.0
2020-06-18,11535.0,11540.0,11464.0,11507.36,513.0
2020-06-18,172.4,180.65,171.1,179.65,58262367.0
2020-06-19,180.3,184.95,179.5,184.5,76897890.0
2020-06-19,11240.0,11240.0,11181.0,11188.0,92.0
2020-06-19,11533.93,11533.93,11476.0,11487.33,466.0
2020-06-22,11350.0,11350.0,11200.3,11200.3,4.0
2020-06-22,185.0,191.75,184.25,187.7,80024673.0
2020-06-22,11195.0,11200.0,11162.0,11182.96,139.0
2020-06-22,11520.0,11520.0,11478.0,11482.74,293.0
2020-06-23,189.6,193.1,187.85,192.45,65487726.0
2020-06-23,11490.0,11490.0,11458.0,11465.6,852.0
2020-06-23,11200.0,11200.0,11151.0,11165.5,225.0
2020-06-24,11165.0,11200.0,11160.25,11168.28,37.0
2020-06-24,11461.0,11461.0,11425.5,11440.0,351.0
2020-06-24,11203.0,11203.0,11203.0,11203.0,2.0
2020-06-24,194.8,194.9,183.9,184.6,74670206.0
2020-06-25,11170.0,11200.0,11169.0,11180.0,116.0
2020-06-25,11446.0,11446.0,11420.0,11428.67,782.0
2020-06-25,182.2,186.8,180.4,185.25,73626947.0
2020-06-26,11300.0,11300.0,11300.0,11300.0,1.0
2020-06-26,188.0,188.6,183.8,184.6,49178705.0
2020-06-26,11180.0,11180.0,11152.0,11179.99,153.0
2020-06-26,11420.1,11430.1,11372.0,11393.59,1218.0
2020-06-29,11245.0,11245.0,11150.0,11162.0,107.0
2020-06-29,11375.0,11390.0,11360.0,11371.86,694.0
2020-06-29,10925.0,11150.0,10920.0,11150.0,13.0
2020-06-29,183.0,183.1,178.5,179.25,50967079.0
2020-06-30,11152.0,11180.0,11000.05,11066.69,505.0
2020-06-30,11370.0,11379.0,11232.8,11248.43,1635.0
2020-06-30,11150.0,11180.0,11150.0,11179.95,20.0
2020-06-30,181.1,182.9,177.25,178.45,43616291.0
2020-07-01,179.45,185.4,178.6,184.8,54015536.0
2020-07-01,11100.0,11100.0,11070.0,11080.0,77.0
2020-07-01,11252.01,11264.99,11221.11,11229.49,966.0
2020-07-02,11180.0,11180.0,10921.0,11000.0,16.0
2020-07-02,185.65,188.0,184.0,185.45,52127613.0
2020-07-02,11100.0,11100.0,10975.0,11043.0,196.0
2020-07-02,11220.0,11239.8,11010.0,11054.12,3356.0
2020-07-03,10960.0,10960.0,10680.0,10703.94,567.0
2020-07-03,11067.0,11067.0,10770.0,10817.68,6522.0
2020-07-03,10800.0,10800.0,10698.0,10699.77,77.0
2020-07-03,186.65,186.85,183.4,184.7,38050996.0
2020-07-06,10700.0,10749.0,10640.0,10696.54,556.0
2020-07-06,10800.0,10910.0,10800.0,10880.46,2372.0
2020-07-06,10699.9,10730.0,10695.0,10695.0,316.0
2020-07-06,186.6,189.85,186.15,188.05,43789749.0
2020-07-07,10695.0,10900.0,10695.0,10900.0,16.0
2020-07-07,187.0,189.2,184.05,188.6,55124984.0
2020-07-07,10696.54,10752.65,10676.0,10710.69,622.0
2020-07-07,10885.0,10940.0,10850.0,10905.95,2364.0
2020-07-08,10790.0,10790.0,10695.0,10705.48,432.0
2020-07-08,10909.0,10911.0,10860.0,10897.55,1323.0
2020-07-08,10900.0,10902.0,10710.1,10719.83,84.0
2020-07-08,188.9,197.45,188.4,191.9,143083196.0
2020-07-09,10945.0,10945.0,10730.0,10750.64,189.0
2020-07-09,10885.0,10961.0,10883.0,10925.96,1214.0
2020-07-09,10721.1,10800.0,10721.0,10800.0,42.0
2020-07-09,192.8,201.0,192.55,199.1,89540860.0
2020-07-10,198.0,202.5,194.8,195.6,111410003.0
2020-07-10,10750.0,10775.0,10750.0,10765.9,140.0
2020-07-10,10910.01,10950.0,10900.0,10925.09,1238.0
2020-07-10,10802.0,10802.0,10801.0,10801.0,6.0
2020-07-13,198.8,199.8,191.6,192.7,61952344.0
2020-07-13,10770.0,10770.0,10750.0,10770.0,37.0
2020-07-13,10926.0,10926.0,10870.01,10875.35,2608.0
2020-07-13,10800.0,10800.0,10720.25,10758.85,145.0
2020-07-14,10730.0,10755.0,10730.0,10731.74,68.0
2020-07-14,10885.0,10885.0,10861.0,10870.05,1023.0
2020-07-14,192.3,192.3,184.6,186.05,62243325.0
2020-07-15,11875.0,11875.0,10732.0,10735.07,98.0
2020-07-15,10885.0,10885.0,10850.0,10855.02,1193.0
2020-07-15,10770.0,10770.0,10770.0,10770.0,35.0
2020-07-15,187.95,189.95,183.0,183.8,58528072.0
2020-07-16,10730.0,10730.0,10700.0,10701.0,132.0
2020-07-16,10915.0,10915.0,10753.0,10798.84,1778.0
2020-07-16,10770.0,10770.0,10770.0,10770.0,6.0
2020-07-16,185.0,186.95,181.65,186.25,46549518.0
2020-07-17,186.8,189.5,185.0,188.2,47035751.0
2020-07-17,10900.0,10900.0,10900.0,10900.0,1.0
2020-07-17,10704.0,10719.0,10665.0,10696.38,127.0
2020-07-17,10800.0,10820.0,10781.0,10814.03,998.0
2020-07-20,10700.0,10714.9,10700.0,10712.45,339.0
2020-07-20,10832.0,10832.0,10800.0,10819.98,969.0
2020-07-20,10800.0,10800.0,10765.0,10767.22,11.0
2020-07-20,190.0,193.25,188.75,190.75,45680606.0
2020-07-21,192.45,196.2,191.5,194.4,59286092.0
2020-07-21,10700.0,10725.0,10700.0,10713.43,183.0
2020-07-21,10825.0,10835.0,10810.0,10829.12,1044.0
2020-07-21,10750.0,10800.0,10750.0,10800.0,45.0
2020-07-22,195.7,196.75,190.1,192.0,62276770.0
2020-07-22,10825.0,10831.0,10810.0,10820.41,1069.0
2020-07-22,10729.0,10750.0,10706.0,10719.9,76.0
2020-07-23,10720.0,10722.0,10700.0,10702.39,280.0
2020-07-23,10833.0,10833.0,10815.0,10820.49,749.0
2020-07-23,192.4,199.1,191.15,198.25,70802269.0
2020-07-24,10701.1,10712.99,10690.01,10709.28,140.0
2020-07-24,10818.5,10824.0,10815.0,10819.29,764.0
2020-07-24,10661.1,10725.0,10661.0,10700.0,21.0
2020-07-24,195.7,196.3,190.65,191.95,65266228.0
2020-07-27,10710.0,10760.0,10680.0,10701.55,156.0
2020-07-27,10819.29,10832.99,10800.0,10822.96,1098.0
2020-07-27,10660.0,10700.0,10660.0,10700.0,9.0
2020-07-27,193.0,193.2,186.5,187.15,50714366.0
2020-07-28,188.0,190.5,185.75,189.45,51490418.0
2020-07-28,10700.0,10775.0,10700.0,10750.0,21.0
2020-07-28,10776.0,10809.0,10774.9,10807.36,46.0
2020-07-28,10830.0,10832.0,10803.0,10830.03,1945.0
2020-07-29,10800.01,10824.0,10701.1,10775.0,33.0
2020-07-29,10834.0,10834.99,10821.0,10824.37,797.0
2020-07-29,10711.0,10749.0,10711.0,10745.0,62.0
2020-07-29,187.6,195.25,187.0,191.2,73766851.0
2020-07-30,192.5,193.5,186.05,186.55,48478733.0
2020-07-30,10776.0,10797.0,10770.0,10770.0,37.0
2020-07-30,10830.0,10830.05,10811.0,10827.82,1324.0
2020-07-30,10750.0,10750.0,10744.0,10744.0,11.0
2020-07-31,188.0,194.85,186.7,191.45,145903102.0
2020-07-31,10828.0,10840.0,10826.0,10833.06,1140.0
2020-07-31,10780.0,10783.0,10750.0,10770.0,48.0
2020-08-03,10730.0,10755.0,10710.0,10717.98,48.0
2020-08-03,10850.0,10850.0,10825.0,10831.51,1282.0
2020-08-03,10750.0,10750.0,10740.0,10740.0,9.0
2020-08-03,192.0,194.6,190.05,192.25,72457670.0
2020-08-04,10730.0,10735.0,10707.0,10710.96,98.0
2020-08-04,10825.1,10849.99,10825.1,10838.48,589.0
2020-08-04,193.35,193.8,190.5,191.6,43867110.0
2020-08-05,10750.0,10750.0,10750.0,10750.0,10.0
2020-08-05,192.75,196.85,191.0,191.45,68888954.0
2020-08-05,10711.0,10800.0,10711.0,10764.68,264.0
2020-08-05,10836.0,10850.0,10830.1,10843.57,486.0
2020-08-06,10775.0,10775.0,10730.0,10730.0,44.0
2020-08-06,10840.1,10850.0,10825.0,10842.63,857.0
2020-08-06,192.3,194.5,190.25,190.95,59740299.0
2020-08-07,10765.0,10765.0,10721.0,10764.95,23.0
2020-08-07,10845.0,10850.0,10830.5,10849.37,563.0
2020-08-07,10750.0,10750.0,10750.0,10750.0,3.0
2020-08-07,191.45,192.1,189.55,190.65,44822757.0
2020-08-10,191.85,195.5,191.7,193.8,48785067.0
2020-08-10,10765.0,10770.0,10765.0,10766.78,15.0
2020-08-10,10855.0,10925.0,10850.2,10912.04,1063.0
2020-08-10,10750.0,10750.0,10750.0,10750.0,3.0
2020-08-11,10901.0,10942.95,10901.0,10934.74,1100.0
2020-08-11,195.0,196.8,193.75,195.05,43892064.0
2020-08-11,10775.0,10836.0,10775.0,10775.0,43.0
2020-08-12,196.0,204.25,194.6,203.3,157820882.0
2020-08-12,10790.0,10791.0,10785.0,10791.0,33.0
2020-08-12,10935.1,10945.0,10935.0,10936.93,845.0
2020-08-12,10752.0,10752.0,10752.0,10752.0,1.0
2020-08-13,205.5,207.3,200.75,201.9,70443500.0
2020-08-13,10795.0,10800.0,10760.0,10800.0,52.0
2020-08-13,10920.0,10949.0,10920.0,10939.3,670.0
2020-08-13,10762.0,10762.0,10761.0,10761.0,6.0
2020-08-14,10850.0,10850.0,10600.0,10679.3,123.0
2020-08-14,10940.0,10949.0,10930.1,10945.48,593.0
2020-08-14,10800.0,10826.0,10800.0,10823.08,27.0
2020-08-14,203.0,204.0,194.6,196.5,56176117.0
2020-08-17,10836.0,10837.9,10825.0,10825.0,15.0
2020-08-17,10931.0,10964.95,10931.0,10963.89,693.0
2020-08-17,10725.0,10938.0,10725.0,10938.0,6.0
2020-08-17,198.45,198.65,191.5,193.1,54788249.0
2020-08-18,10800.0,10845.0,10800.0,10844.8,22.0
2020-08-18,10965.0,11000.0,10942.0,10990.77,542.0
2020-08-18,10750.0,10800.0,10750.0,10800.0,20.0
2020-08-18,193.8,195.75,191.7,195.1,46295650.0
2020-08-19,10844.0,10850.0,10844.0,10849.68,19.0
2020-08-19,196.4,200.3,195.9,197.05,59302164.0
2020-08-19,10849.0,10849.0,10840.0,10848.25,37.0
2020-08-19,11000.0,11000.0,10952.0,10972.15,704.0
2020-08-20,10957.0,11000.0,10950.1,10997.61,578.0
2020-08-20,194.0,196.35,193.25,194.75,37505379.0
2020-08-20,10848.0,10937.9,10801.11,10888.08,188.0
2020-08-21,10835.0,10860.0,10809.0,10858.0,79.0
2020-08-21,10975.0,11004.95,10970.0,11002.07,312.0
2020-08-21,10998.0,10998.0,10998.0,10998.0,1.0
2020-08-21,199.0,201.5,197.65,198.4,68047789.0
2020-08-24,200.0,202.8,198.6,201.45,53866579.0
2020-08-24,10900.0,10900.0,10860.0,10865.55,50.0
2020-08-24,10972.0,11002.39,10970.0,10987.5,1000.0
2020-08-24,10825.0,10826.0,10825.0,10826.0,12.0
2020-08-25,10900.0,10900.0,10840.0,10847.8,175.0
2020-08-25,11004.0,11010.0,10958.0,10985.35,770.0
2020-08-25,204.0,208.45,202.7,207.95,105397006.0
2020-08-26,208.5,210.35,206.15,209.85,66750983.0
2020-08-26,10840.0,10878.0,10800.0,10807.38,252.0
2020-08-26,10990.0,11000.0,10985.9,10995.61,931.0
2020-08-26,10830.0,10830.0,10830.0,10830.0,3.0
2020-08-27,210.5,216.5,210.5,215.65,80999489.0
2020-08-27,10810.0,10810.0,10756.4,10769.03,264.0
2020-08-27,10999.95,10999.95,10970.01,10974.65,997.0
2020-08-28,10870.0,10870.0,10800.0,10800.0,11.0
2020-08-28,217.0,225.9,216.8,224.85,95983850.0
2020-08-28,10790.0,10790.0,10752.0,10752.49,178.0
2020-08-28,10981.0,10988.0,10952.01,10969.96,1579.0
2020-08-31,10805.0,10805.0,10805.0,10805.0,1.0
2020-08-31,11000.0,11000.0,10955.0,10967.23,699.0
2020-08-31,231.55,231.55,210.35,212.0,119990567.0
2020-08-31,10750.0,10789.9,10750.0,10762.0,265.0
2020-09-01,213.1,218.9,211.2,218.1,75048317.0
2020-09-01,10785.0,10785.0,10760.0,10777.31,57.0
2020-09-01,11000.0,11550.0,10966.0,10970.81,685.0
2020-09-02,218.25,219.0,212.3,216.25,47608719.0
2020-09-02,10779.95,10785.0,10779.0,10785.0,79.0
2020-09-02,10975.0,10994.0,10965.0,10966.62,787.0
2020-09-03,10715.0,10750.0,10710.0,10743.33,13.0
2020-09-03,217.5,218.25,212.3,213.15,38595597.0
2020-09-03,10780.0,10817.0,10780.0,10787.11,61.0
2020-09-03,10999.0,10999.0,10965.0,10969.4,656.0
2020-09-04,10752.0,10752.0,10750.99,10751.02,37.0
2020-09-04,10980.0,10989.0,10960.0,10962.59,688.0
2020-09-04,10788.11,10799.0,10781.0,10799.0,28.0
2020-09-04,210.0,212.3,205.9,206.6,54435819.0
2020-09-07,207.5,209.65,205.4,207.9,35687677.0
2020-09-07,10825.0,10848.95,10800.0,10828.0,290.0
2020-09-07,10980.0,10999.0,10958.0,10993.5,639.0
2020-09-08,10870.0,10870.0,10870.0,10870.0,1.0
2020-09-08,207.9,208.5,202.9,204.05,34147081.0
2020-09-08,10840.0,10846.9,10800.0,10804.38,208.0
2020-09-08,10990.0,11053.5,10981.0,11035.24,801.0
2020-09-09,11009.95,11068.0,11001.0,11044.95,299.0
2020-09-09,10871.0,10896.0,10870.0,10896.0,4.0
2020-09-09,10815.0,10847.6,10800.0,10804.64,680.0
2020-09-09,201.1,201.4,192.5,194.85,72716962.0
2020-09-10,197.7,201.45,195.2,198.15,67790247.0
2020-09-10,10899.0,10899.0,10899.0,10899.0,1.0
2020-09-10,11033.0,11055.0,10990.0,11003.39,792.0
2020-09-10,10820.0,10834.9,10820.0,10826.0,76.0
2020-09-11,198.55,203.85,197.0,202.7,48488142.0
2020-09-11,10801.0,10839.9,10781.0,10839.9,157.0
2020-09-11,11050.0,11050.0,11001.01,11006.55,733.0
2020-09-11,11000.0,11000.0,11000.0,11000.0,1.0
2020-09-14,205.9,206.2,197.35,198.5,63606706.0
2020-09-14,10840.0,10841.9,10809.0,10840.95,12.0
2020-09-14,11006.55,11039.95,10995.01,11004.41,559.0
2020-09-15,10760.0,10870.0,10760.0,10775.0,75.0
2020-09-15,199.9,201.0,197.1,200.15,51762796.0
2020-09-15,10840.9,10840.9,10830.0,10840.5,74.0
2020-09-15,11006.0,11015.0,11003.0,11007.42,424.0
2020-09-16,10825.0,10839.0,10805.5,10839.0,64.0
2020-09-16,11014.99,11030.0,11005.0,11012.28,386.0
2020-09-16,199.85,200.05,196.25,198.2,52407160.0
2020-09-17,10839.0,10853.95,10835.0,10844.83,75.0
2020-09-17,11027.95,11049.95,11015.0,11048.6,617.0
2020-09-17,11000.0,11000.0,11000.0,11000.0,4.0
2020-09-17,197.0,198.0,195.0,195.45,41226058.0
2020-09-18,196.0,197.2,189.7,192.6,55286449.0
2020-09-18,10848.0,10859.95,10810.0,10820.87,167.0
2020-09-18,11049.95,11065.0,11039.0,11050.61,422.0
2020-09-18,10800.0,10800.0,10800.0,10800.0,2.0
2020-09-21,193.05,193.5,184.25,185.8,57614739.0
2020-09-21,10800.0,10801.0,10800.0,10800.0,12.0
2020-09-21,10859.75,10859.75,10810.0,10820.0,83.0
2020-09-21,11050.61,11099.95,11050.61,11079.14,617.0
2020-09-22,10858.95,10858.95,10815.0,10850.0,36.0
2020-09-22,11060.0,11079.0,11051.0,11075.17,463.0
2020-09-22,186.15,188.3,181.15,186.2,51216440.0
2020-09-23,10859.75,10859.75,10846.0,10859.75,137.0
2020-09-23,11063.0,11085.0,11063.0,11073.46,272.0
2020-09-23,10825.0,10825.0,10825.0,10825.0,1.0
2020-09-23,188.15,188.95,181.0,183.8,44321881.0
2020-09-24,181.1,181.8,175.5,176.35,46115352.0
2020-09-24,11000.0,11000.0,10751.0,10751.0,5.0
2020-09-24,11055.0,11098.0,11055.0,11078.3,387.0
2020-09-24,10845.0,10855.0,10825.0,10846.0,87.0
2020-09-25,10855.0,10998.0,10851.0,10852.04,129.0
2020-09-25,11072.0,11084.85,11072.0,11074.79,144.0
2020-09-25,10999.0,10999.0,10999.0,10999.0,5.0
2020-09-25,179.0,182.75,176.15,182.2,46550618.0
2020-09-28,10898.99,10899.75,10889.97,10889.97,13.0
2020-09-28,11075.0,11107.0,11075.0,11085.0,474.0
2020-09-28,10998.0,10999.0,10998.0,10999.0,10.0
2020-09-28,184.0,188.15,183.35,187.25,41921659.0
2020-09-29,10990.0,11000.0,10990.0,11000.0,18.0
2020-09-29,188.5,188.95,183.25,185.05,35688939.0
2020-09-29,10899.95,10899.95,10855.0,10857.29,165.0
2020-09-29,11090.0,11104.94,11080.0,11083.12,243.0
2020-09-30,185.05,186.8,182.4,185.4,37642302.0
2020-09-30,10990.0,10990.0,10990.0,10990.0,47.0
2020-09-30,11096.99,11096.99,11072.0,11079.63,175.0
2020-09-30,10851.05,10855.1,10810.0,10833.23,271.0
2020-10-01,10830.0,10855.0,10820.0,10839.0,390.0
2020-10-01,11080.0,11114.99,10615.0,11083.18,604.0
2020-10-01,10990.0,11280.0,10990.0,10990.0,13.0
2020-10-01,187.0,191.2,186.9,190.3,43589041.0
2020-10-05,10839.0,10850.0,10749.0,10752.98,819.0
2020-10-05,11083.35,11090.0,10982.0,11012.3,1062.0
2020-10-05,192.0,193.8,187.05,188.75,41694812.0
2020-10-06,10752.0,10752.0,10705.35,10714.55,502.0
2020-10-06,11014.0,11018.99,10900.0,10919.25,1387.0
2020-10-06,10704.0,10800.0,10703.0,10742.0,50.0
2020-10-06,191.1,192.1,188.3,191.6,31098807.0
2020-10-07,192.55,193.15,189.1,190.7,34578821.0
2020-10-07,10800.0,10800.0,10800.0,10800.0,1.0
2020-10-07,10740.0,10740.0,10720.0,10731.22,238.0
2020-10-07,10930.0,10974.0,10928.0,10944.08,572.0
2020-10-08,10745.9,10745.9,10675.0,10707.33,600.0
2020-10-08,10950.0,10975.0,10950.0,10965.6,485.0
2020-10-08,10800.0,10800.0,10800.0,10800.0,9.0
2020-10-08,191.35,195.8,190.55,191.5,43351954.0
2020-10-09,10671.25,10745.0,10655.0,10707.77,447.0
2020-10-09,10950.0,10966.0,10940.0,10942.47,445.0
2020-10-09,10800.0,10800.0,10800.0,10800.0,18.0
2020-10-09,192.0,198.8,190.55,198.3,64908374.0
2020-10-12,10950.0,10955.0,10935.0,10951.69,528.0
2020-10-12,11000.0,11375.0,10800.0,11240.0,12.0
2020-10-12,10710.0,10735.0,10710.0,10724.24,255.0
2020-10-12,199.7,205.95,197.25,198.7,69125880.0
2020-10-13,10711.0,10725.0,10697.0,10703.73,348.0
2020-10-13,10959.7,10970.0,10945.0,10951.96,526.0
2020-10-13,198.65,200.0,195.1,195.7,34949604.0
2020-10-14,10706.0,10724.0,10695.0,10714.7,756.0
2020-10-14,10950.0,10965.0,10950.0,10957.08,486.0
2020-10-14,10801.0,10801.0,10800.0,10800.58,17.0
2020-10-14,194.05,200.9,193.05,200.05,40550062.0
2020-10-15,10950.1,10968.0,10938.0,10940.93,288.0
2020-10-15,10726.0,10726.0,10725.0,10725.0,6.0
2020-10-15,10715.0,10724.9,10704.01,10707.68,407.0
2020-10-15,201.0,202.5,192.0,192.85,49184944.0
2020-10-16,10930.0,10930.0,10850.0,10863.24,1552.0
2020-10-16,194.0,196.75,191.6,195.95,36894938.0
2020-10-19,196.2,204.6,196.05,204.0,60223657.0
2020-10-19,10871.0,10888.0,10850.0,10875.59,1438.0
2020-10-20,201.0,204.35,200.7,203.05,39317197.0
2020-10-20,10886.85,10918.0,10870.0,10900.26,871.0
2020-10-21,204.7,207.3,198.85,203.75,54516482.0
2020-10-21,10915.0,10919.0,10876.0,10887.16,934.0
2020-10-22,201.9,204.6,201.1,203.3,33721761.0
2020-10-22,10875.0,10899.9,10851.0,10875.0,602.0
2020-10-23,10871.0,10880.0,10855.0,10861.31,665.0
2020-10-23,204.0,205.6,201.55,202.8,32708098.0
2020-10-26,10750.0,10750.0,10750.0,10750.0,5.0
2020-10-26,202.7,204.0,195.6,196.7,45471498.0
2020-10-26,10862.0,10885.0,10840.0,10844.93,1495.0
2020-10-27,10840.0,10849.0,10825.0,10834.71,602.0
2020-10-27,10730.0,10850.0,10730.0,10850.0,4.0
2020-10-27,197.25,197.55,192.25,194.65,37802664.0
2020-10-28,10820.1,10820.1,10800.0,10805.37,1032.0
2020-10-28,195.0,195.0,189.05,190.45,46462213.0
2020-10-29,10800.0,10810.0,10751.0,10763.77,953.0
2020-10-29,10701.0,10701.0,10650.0,10650.0,10.0
2020-10-29,189.35,190.7,185.9,188.7,44823105.0
2020-10-30,10763.77,10789.95,10763.77,10783.73,439.0
2020-10-30,10650.0,10730.0,10614.1,10730.0,41.0
2020-10-30,189.35,192.0,186.15,189.25,41520135.0
2020-11-02,192.2,197.25,190.05,196.05,52600119.0
2020-11-02,10785.0,10825.0,10772.01,10821.67,606.0
2020-11-03,198.0,205.8,197.6,204.75,69890201.0
2020-11-03,10850.0,10850.0,10821.0,10846.61,622.0
2020-11-04,203.5,209.0,198.05,207.0,117577856.0
2020-11-04,10852.0,10879.0,10775.0,10813.49,956.0
2020-11-04,10799.0,10849.0,10750.0,10750.0,29.0
2020-11-05,216.0,221.0,214.75,218.65,138023646.0
2020-11-05,10850.0,10872.95,10850.0,10852.26,836.0
2020-11-05,11000.0,12850.0,10875.0,10900.0,90.0
2020-11-06,219.0,221.85,217.05,219.2,73147085.0
2020-11-06,10850.0,10874.0,10845.0,10854.25,500.0
2020-11-06,10710.0,10751.0,10555.0,10750.0,131.0
2020-11-09,10775.0,10775.0,10750.0,10750.0,4.0
2020-11-09,222.5,222.65,217.05,219.5,60359458.0
2020-11-09,10850.0,10875.0,10830.01,10858.9,874.0
2020-11-10,223.1,235.0,223.0,231.7,135294550.0
2020-11-10,10861.0,10869.0,10850.0,10857.93,709.0
2020-11-10,10750.0,10750.0,10750.0,10750.0,8.0
2020-11-11,232.75,239.35,227.75,234.2,107094861.0
2020-11-11,10865.0,10865.0,10751.0,10850.7,282.0
2020-11-12,233.2,233.35,225.65,226.8,58859905.0
2020-11-12,10850.0,10850.0,10820.0,10827.37,571.0
2020-11-12,10750.0,10750.0,10750.0,10750.0,1.0
2020-11-13,10835.0,10855.75,10835.0,10846.52,523.0
2020-11-13,225.0,230.65,220.1,229.45,70676525.0
2020-11-13,11400.0,11400.0,10751.0,10810.0,13.0
2020-11-14,10849.75,10860.0,10842.0,10851.96,222.0
2020-11-14,232.0,232.9,227.75,229.65,7753219.0
2020-11-17,231.85,241.6,231.0,240.2,80501583.0
2020-11-17,10830.0,10856.0,10830.0,10855.17,875.0
2020-11-17,10799.0,10799.0,10749.0,10749.0,2.0
2020-11-18,239.4,253.0,237.9,252.0,104514060.0
2020-11-18,10855.0,10855.0,10845.05,10847.75,794.0
2020-11-18,10750.0,10750.0,10750.0,10750.0,4.0
2020-11-19,248.0,251.8,239.0,239.75,82284278.0
2020-11-19,10854.0,10854.0,10841.0,10849.09,777.0
2020-11-20,10860.0,10860.0,10835.0,10852.24,743.0
2020-11-20,241.5,245.4,233.95,242.75,84411129.0
2020-11-23,10760.0,10760.0,10755.0,10755.0,2.0
2020-11-23,243.5,246.15,238.1,238.7,57538324.0
2020-11-23,10855.0,10855.0,10832.3,10840.04,812.0
2020-11-24,240.5,245.0,239.5,243.85,47636611.0
2020-11-24,10845.0,10859.0,10840.6,10857.46,893.0
2020-11-24,10800.0,10800.0,10800.0,10800.0,45.0
2020-11-25,245.45,249.9,241.6,243.0,74767232.0
2020-11-25,10851.0,10862.0,10851.0,10857.95,449.0
2020-11-25,10801.0,10801.0,10801.0,10801.0,45.0
2020-11-26,244.0,246.25,240.15,245.45,64248318.0
2020-11-26,10861.0,10878.55,10854.0,10868.29,477.0
2020-11-27,10874.0,10885.0,10853.25,10858.21,693.0
2020-11-27,10909.99,10909.99,10800.0,10800.0,4.0
2020-11-27,245.45,246.25,242.05,244.25,54355703.0
2020-12-01,245.0,248.95,244.25,248.05,37003272.0
2020-12-01,10870.0,10885.0,10860.0,10877.88,811.0
2020-12-02,248.35,250.85,244.1,246.95,56723083.0
2020-12-02,10890.0,10900.0,10861.3,10899.92,573.0
2020-12-02,10815.0,10815.0,10780.0,10780.0,106.0
2020-12-03,249.3,259.0,248.0,256.3,79266442.0
2020-12-03,10910.0,10910.0,10866.0,10904.89,861.0
2020-12-03,10920.0,10920.0,10875.0,10875.0,5.0
2020-12-04,257.0,264.35,253.55,263.5,79252024.0
2020-12-04,10910.0,10948.0,10900.0,10945.91,613.0
2020-12-04,10890.0,10890.0,10870.0,10870.0,4.0
2020-12-07,10869.0,10869.0,10801.0,10801.0,10.0
2020-12-07,263.8,271.45,263.0,269.6,76053084.0
2020-12-07,10950.0,10974.99,10930.0,10956.59,816.0
2020-12-08,270.95,273.7,265.25,271.9,65617502.0
2020-12-08,10970.0,10994.0,10950.0,10975.55,648.0
2020-12-08,10821.05,10840.0,10821.0,10840.0,28.0
2020-12-09,272.1,274.9,269.2,270.35,48495641.0
2020-12-09,10980.0,11000.0,10978.8,10991.5,963.0
2020-12-09,10900.0,10989.75,10851.0,10875.0,13.0
2020-12-10,10851.2,10851.2,10851.0,10851.0,10.0
2020-12-10,10990.8,10999.0,10980.0,10985.0,397.0
2020-12-10,269.0,271.0,265.55,269.55,38676657.0
2020-12-11,270.05,276.25,270.05,272.45,50255223.0
2020-12-11,10994.0,10995.0,10970.0,10980.0,275.0
2020-12-11,10890.0,10925.0,10890.0,10900.0,215.0
2020-12-14,274.0,276.15,272.35,274.2,31946501.0
2020-12-14,10983.0,10991.95,10965.0,10970.8,692.0
2020-12-14,10881.0,10900.0,10881.0,10900.0,20.0
2020-12-15,10977.0,10980.0,10950.0,10977.65,412.0
2020-12-15,10900.0,10900.0,10900.0,10900.0,100.0
2020-12-15,274.05,274.05,268.15,270.65,34890948.0
2020-12-16,10970.0,10980.0,10955.0,10977.14,406.0
2020-12-16,10900.0,10900.0,10900.0,10900.0,76.0
2020-12-16,272.8,273.65,268.5,269.4,24844177.0
2020-12-17,10956.0,10989.95,10956.0,10961.06,539.0
2020-12-17,10900.0,10925.0,10900.0,10925.0,22.0
2020-12-17,270.0,272.15,266.7,267.7,25904699.0
2020-12-18,10925.0,10925.0,10900.0,10900.0,16.0
2020-12-18,267.7,271.95,265.0,271.45,29816205.0
2020-12-18,10950.02,10960.0,10890.0,10908.22,802.0
2020-12-21,268.45,269.0,251.05,254.7,55160758.0
2020-12-21,10908.22,10937.0,10890.0,10918.14,614.0
2020-12-21,10780.0,10900.0,10780.0,10899.83,7.0
2020-12-22,254.8,258.7,248.25,257.45,51189571.0
2020-12-22,10925.0,10935.0,10901.0,10926.77,884.0
2020-12-23,256.95,263.9,255.6,263.0,29056404.0
2020-12-23,10935.0,10943.0,10916.0,10935.62,691.0
2020-12-23,10876.0,10897.0,8800.0,10767.48,482.0
2020-12-24,265.0,268.85,264.65,266.85,28585509.0
2020-12-24,10935.62,10982.0,10935.0,10972.41,989.0
2020-12-24,10850.0,10880.0,10843.0,10851.0,10.0
2020-12-28,10999.0,10999.0,10899.0,10899.0,29.0
2020-12-28,268.75,276.0,268.0,275.2,36870242.0
2020-12-28,10972.41,10985.0,10955.0,10975.01,594.0
2020-12-29,276.3,279.9,274.7,277.9,45032526.0
2020-12-29,10970.0,10988.0,10960.75,10966.85,465.0
2020-12-29,10899.0,10899.0,10865.0,10881.28,72.0
2020-12-30,278.0,278.7,272.5,276.9,30971894.0
2020-12-30,10987.0,10987.0,10972.0,10980.56,314.0
2020-12-30,10995.0,10995.0,10880.0,10881.44,69.0
2020-12-31,10970.0,10986.5,10921.0,10979.0,542.0
2020-12-31,275.0,277.25,272.6,274.95,29467966.0
2020-12-31,10899.0,10899.0,10851.0,10851.0,4.0
2021-01-01,10851.01,10900.0,10851.01,10900.0,6.0
2021-01-01,274.9,280.0,274.4,279.4,24531791.0
2021-01-01,10990.8,10995.0,10975.0,10993.38,797.0
2021-01-04,10993.0,10993.0,10976.0,10989.98,867.0
2021-01-04,281.85,283.9,277.75,281.05,31450608.0
2021-01-04,10871.0,10920.0,10871.0,10920.0,14.0
2021-01-05,278.05,282.45,277.0,281.75,27393072.0
2021-01-05,10993.98,11009.95,10990.0,11002.03,846.0
2021-01-05,10925.0,10925.0,10921.0,10921.0,91.0
2021-01-06,283.0,289.15,281.4,285.05,40765708.0
2021-01-06,11000.0,11031.0,10995.0,11029.44,1281.0
2021-01-06,10940.0,10940.0,10925.0,10927.0,8.0
2021-01-07,11029.95,11063.0,11010.0,11051.33,1087.0
2021-01-07,10930.0,10930.0,10911.01,10924.99,37.0
2021-01-07,289.0,291.8,287.0,287.7,30546600.0
2021-01-08,11040.55,11059.99,10925.0,11049.75,1112.0
2021-01-08,290.1,291.4,285.2,286.0,32543357.0
2021-01-08,10927.1,10930.0,10925.0,10930.0,35.0
2021-01-11,11011.0,11057.0,10950.0,11031.71,1433.0
2021-01-11,288.0,288.2,279.6,282.5,29703173.0
2021-01-11,10999.0,10999.0,10998.0,10998.0,6.0
2021-01-12,280.0,293.85,277.9,292.5,44307145.0
2021-01-12,11030.0,11045.0,11000.0,11022.41,963.0
2021-01-12,10960.0,10960.0,10960.0,10960.0,5.0
2021-01-13,10901.0,10926.0,10901.0,10925.0,7.0
2021-01-13,296.0,308.0,294.5,306.8,78042133.0
2021-01-13,11020.0,11040.0,10962.0,11013.01,1384.0
2021-01-14,10927.0,10927.0,10927.0,10927.0,1.0
2021-01-14,306.7,309.25,303.8,307.25,40123498.0
2021-01-14,11012.0,11030.0,10991.0,11004.19,576.0
2021-01-15,11017.0,11017.0,10983.5,10991.75,581.0
2021-01-15,306.8,310.9,301.3,303.85,35307601.0
2021-01-15,10927.05,10927.05,10926.99,10927.0,53.0
2021-01-18,10991.75,11004.99,10851.0,10920.02,2056.0
2021-01-18,303.5,308.65,292.2,294.45,54969750.0
2021-01-18,10926.0,10927.0,10926.0,10927.0,20.0
2021-01-19,297.65,302.5,296.4,298.6,35803901.0
2021-01-19,10920.25,10920.25,10790.0,10809.98,3380.0
2021-01-19,10927.0,10927.0,10927.0,10927.0,1.0
2021-01-20,10830.0,10840.0,10812.0,10817.69,1230.0
2021-01-20,10611.0,10611.0,10611.0,10611.0,5.0
2021-01-20,298.8,304.7,296.85,302.55,33759304.0
2021-01-21,304.0,305.15,291.5,294.85,29995203.0
2021-01-21,10820.0,10838.0,10801.0,10833.78,979.0
2021-01-21,10819.0,10819.0,10819.0,10819.0,1.0
2021-01-22,295.5,298.0,282.4,283.7,44440810.0
2021-01-22,10818.0,10839.99,10800.0,10827.95,371.0
2021-01-25,284.5,288.0,277.05,280.95,34034630.0
2021-01-25,10848.0,10858.5,10822.01,10844.41,1742.0
2021-01-25,10800.0,10970.0,10800.0,10970.0,10.0
2021-01-27,280.2,284.85,272.7,275.65,39211107.0
2021-01-27,10840.0,10863.0,10840.0,10853.26,791.0
2021-01-28,10854.0,10865.01,10853.5,10861.54,490.0
2021-01-28,271.9,283.35,269.5,282.35,48717297.0
2021-01-29,10510.0,10881.15,10510.0,10881.1,17.0
2021-01-29,285.6,290.65,279.1,282.1,42300984.0
2021-01-29,10864.9,10877.99,10855.0,10873.9,539.0
2021-02-01,285.1,313.9,282.75,310.7,103414068.0
2021-02-01,10880.0,10880.0,10860.0,10860.0,831.0
2021-02-01,10750.0,10750.0,10750.0,10750.0,4.0
2021-02-02,10864.0,10869.0,10857.0,10861.18,802.0
2021-02-02,315.0,337.4,315.0,333.1,121434166.0
2021-02-03,10860.0,10875.0,10860.0,10867.7,1044.0
2021-02-03,333.75,339.9,325.8,335.95,66420168.0
2021-02-04,10870.0,10874.0,10862.6,10868.92,536.0
2021-02-04,334.4,358.0,331.1,355.1,145203439.0
2021-02-04,11300.0,11300.0,11300.0,11300.0,2.0
2021-02-05,10690.01,10880.0,10690.01,10880.0,24.0
2021-02-05,10875.0,10908.0,10865.0,10885.65,866.0
2021-02-05,387.0,408.35,385.15,393.1,214955688.0
2021-02-08,10893.0,10908.0,10870.0,10895.1,1028.0
2021-02-08,398.0,407.8,394.75,397.05,79389205.0
2021-02-09,10900.0,10938.95,10899.99,10907.78,17.0
2021-02-09,396.75,403.5,389.0,394.8,63869990.0
2021-02-09,10884.0,10905.0,10884.0,10901.65,646.0
2021-02-10,394.05,397.9,388.0,392.25,54163507.0
2021-02-10,10909.0,10909.0,10895.0,10900.25,467.0
2021-02-11,391.8,396.95,388.25,390.15,36392708.0
2021-02-11,10910.0,10918.0,10900.01,10907.38,644.0
2021-02-12,10949.9,10949.9,10949.9,10949.9,10.0
2021-02-12,10908.0,10945.0,10907.0,10925.72,428.0
2021-02-12,391.0,399.35,385.55,393.15,53589755.0
2021-02-15,10927.0,10939.99,10920.0,10932.83,656.0
2021-02-15,397.5,409.45,395.7,406.95,56608937.0
2021-02-15,10939.0,10939.0,10850.0,10850.0,2.0
2021-02-16,412.0,415.75,400.3,402.35,80365431.0
2021-02-16,10938.98,10949.9,10935.0,10943.18,900.0
2021-02-17,403.0,414.85,400.15,411.75,74161370.0
2021-02-17,10945.0,10958.0,10900.0,10937.51,760.0
2021-02-17,10505.0,10929.0,10505.0,10865.0,17.0
2021-02-18,425.05,427.7,413.7,415.2,67154539.0
2021-02-18,10930.0,10938.0,10920.0,10936.7,328.0
2021-02-19,10936.0,10940.0,10920.1,10931.0,666.0
2021-02-19,415.0,415.0,395.0,399.55,66155518.0
2021-02-19,10890.0,10928.0,10890.0,10928.0,7.0
2021-02-22,400.6,401.0,385.65,389.5,52535049.0
2021-02-22,10940.0,10945.0,10910.11,10921.27,503.0
2021-02-22,10900.0,10900.0,10900.0,10900.0,1.0
2021-02-23,392.0,399.7,389.0,395.6,45462768.0
2021-02-23,10935.0,10938.0,10903.0,10929.07,1235.0
2021-02-23,10900.0,10900.0,10900.0,10900.0,15.0
2021-02-24,10930.0,10930.0,10920.0,10927.56,652.0
2021-02-24,397.0,410.5,395.2,406.25,39632090.0
2021-02-24,10900.0,10900.0,10900.0,10900.0,36.0
2021-02-25,10935.0,10935.0,10910.0,10918.2,843.0
2021-02-25,10918.0,10918.0,10901.01,10901.01,5.0
2021-02-25,411.0,414.9,406.55,407.25,46988836.0
2021-02-26,399.5,401.0,387.0,390.15,64450414.0
2021-03-01,395.1,397.7,391.0,394.95,29677890.0
2021-03-02,395.0,399.55,390.55,394.2,30534337.0
2021-03-03,396.5,408.9,396.0,405.05,46268223.0
2021-03-04,398.7,403.5,394.45,395.65,43603653.0
2021-03-05,395.0,395.0,378.1,383.65,72179228.0
2021-03-08,388.45,393.4,386.05,389.6,39147858.0
2021-03-09,393.45,394.9,382.25,387.6,28054083.0
2021-03-10,391.1,393.0,385.7,387.7,22677399.0
2021-03-12,391.7,393.2,377.5,381.1,35336355.0
2021-03-15,382.5,386.0,369.35,383.9,42722976.0
2021-03-16,385.6,387.85,376.1,378.55,38196452.0
2021-03-17,378.2,379.65,366.05,368.15,33143064.0
2021-03-18,371.5,375.0,361.1,367.1,39405038.0
2021-03-19,363.95,372.9,357.25,371.15,60309145.0
2021-03-22,372.0,372.8,363.5,367.0,28461974.0
2021-03-23,368.7,377.95,367.05,372.7,41032380.0
2021-03-24,368.5,369.05,358.65,359.85,42318999.0
2021-03-25,360.0,360.85,345.2,355.2,57495003.0
2021-03-26,360.0,362.0,354.55,357.2,40718848.0
2021-03-30,360.1,364.3,356.3,360.8,39407496.0
2021-03-31,360.3,367.85,357.95,364.3,38651025.0
2021-04-01,367.7,371.9,363.1,370.65,31883453.0
2021-04-05,367.5,369.2,349.05,353.55,51743981.0
2021-04-06,355.7,357.0,349.3,350.55,44147709.0
2021-04-07,351.25,363.2,347.6,358.55,48023602.0
2021-04-08,361.0,363.3,354.3,355.6,33370259.0
2021-04-09,354.4,364.5,351.2,353.0,46473100.0
2021-04-12,344.0,344.0,322.55,328.85,75501713.0
2021-04-13,332.0,342.25,330.5,341.0,49773360.0
2021-04-15,342.1,347.55,336.1,342.7,52992349.0
2021-04-16,343.0,345.5,338.65,339.9,37766793.0
2021-04-19,327.15,332.05,321.3,331.15,53304377.0
2021-04-20,335.1,339.9,326.7,329.5,41296147.0
2021-04-22,326.0,337.65,323.3,336.65,49105833.0
2021-04-23,331.65,339.9,331.65,336.45,44223940.0
2021-04-26,339.25,347.45,339.25,344.3,49234985.0
2021-04-27,344.0,354.95,342.4,353.05,46003023.0
2021-04-28,357.0,364.3,356.05,363.4,56696255.0
2021-04-29,365.0,369.95,355.5,359.4,63692926.0
2021-04-30,353.45,362.5,350.45,353.5,53832840.0
2021-05-03,349.6,352.5,341.4,350.6,43691860.0
2021-05-04,355.0,362.9,350.2,351.5,57749307.0
2021-05-05,356.5,357.45,348.0,355.4,40872501.0
2021-05-06,358.0,359.35,350.55,355.55,36294427.0
2021-05-07,357.5,362.0,353.0,358.25,38357618.0
2021-05-10,360.5,367.0,358.8,361.7,41739324.0
2021-05-11,356.85,366.4,354.75,364.65,41892770.0
2021-05-12,362.8,373.5,361.9,367.7,53436590.0
2021-05-14,370.0,372.5,359.55,360.45,51722170.0
2021-05-17,364.4,385.2,363.65,383.1,106555796.0
2021-05-18,390.0,392.55,380.05,382.25,70917710.0
2021-05-19,382.0,389.5,381.2,384.4,48189573.0
2021-05-20,387.0,387.8,382.0,384.55,42898608.0
2021-05-21,390.0,404.4,378.0,401.2,192810772.0
2021-05-24,417.0,419.2,405.3,412.05,142964052.0
2021-05-25,415.1,415.5,408.5,412.35,56048127.0
2021-05-26,413.8,418.75,410.8,413.55,52357719.0
2021-05-27,413.7,429.1,412.0,425.2,73392997.0
2021-05-28,430.5,433.65,420.05,422.05,65137568.0
2021-05-31,421.0,426.0,418.0,424.35,38291043.0
2021-06-01,426.05,435.35,425.6,432.55,59299647.0
2021-06-02,430.8,437.95,429.15,437.25,38657806.0
2021-06-03,437.0,441.95,433.5,439.65,38909199.0
2021-06-04,437.5,441.9,431.75,433.6,36898769.0
2021-06-07,435.1,437.4,430.8,432.25,20201197.0
2021-06-08,432.25,432.5,424.0,427.2,31113823.0
2021-06-09,427.5,432.3,418.2,421.45,27784834.0
2021-06-10,424.9,433.3,422.4,432.25,27397712.0
2021-06-11,434.85,435.5,425.25,429.6,26831924.0
2021-06-14,427.0,432.45,416.7,430.35,30106015.0
2021-06-15,429.2,432.8,428.0,429.5,16413658.0
2021-06-16,428.0,432.75,425.0,425.95,19701175.0
2021-06-17,421.0,425.95,416.6,420.25,23048331.0
2021-06-18,423.9,423.9,402.65,412.9,45748727.0
2021-06-21,406.35,421.0,400.5,419.75,33128978.0
2021-06-22,423.0,425.45,417.3,418.65,28442965.0
2021-06-23,421.1,424.75,415.0,418.85,27564829.0
2021-06-24,420.35,422.75,416.3,417.2,19214547.0
2021-06-25,421.0,431.0,419.05,428.8,29886797.0
2021-06-28,430.7,433.15,424.55,426.75,29370660.0
2021-06-29,427.5,428.95,420.55,421.5,22275961.0
2021-06-30,423.0,424.9,418.3,419.2,18337773.0
2021-07-01,420.3,423.7,417.15,420.4,16161469.0
2021-07-02,420.3,425.4,419.0,424.4,16423811.0
2021-07-05,426.5,434.5,424.25,432.65,16483761.0
2021-07-06,431.7,436.5,428.2,429.75,20195278.0
2021-07-07,429.35,434.0,427.55,432.85,14473774.0
2021-07-08,432.8,435.4,422.1,424.45,21433043.0
2021-07-09,425.0,427.5,421.05,423.75,16844494.0
2021-07-12,426.5,430.25,424.6,427.45,12886781.0
2021-07-13,430.0,431.8,428.3,429.1,12831125.0
2021-07-14,429.0,432.3,426.4,431.05,12767351.0
2021-07-15,432.7,432.95,429.65,431.7,11030732.0
2021-07-16,432.0,432.5,427.45,430.0,8713863.0
2021-07-19,423.4,429.45,418.85,427.9,14426686.0
2021-07-20,427.0,427.0,418.9,420.9,14623321.0
2021-07-22,425.55,426.7,420.9,422.05,11799761.0
2021-07-23,422.9,429.95,419.5,428.9,17704661.0
2021-07-26,427.8,427.8,422.3,423.3,14037519.0
2021-07-27,424.15,433.25,424.0,429.95,24119619.0
2021-07-28,430.0,430.5,421.05,425.5,17636515.0
2021-07-29,426.0,443.6,425.5,441.55,35263606.0
2021-07-30,441.5,444.4,430.7,431.8,35196813.0
2021-08-02,434.75,436.7,431.8,434.9,16926025.0
2021-08-03,434.95,447.9,433.6,446.5,40922962.0
2021-08-04,448.65,467.45,441.5,456.95,129761158.0
2021-08-05,461.0,462.5,438.4,441.85,58595639.0
2021-08-06,443.7,447.0,434.0,435.65,38236066.0
2021-08-09,437.9,441.8,431.0,433.4,22196404.0
2021-08-10,434.4,436.4,421.7,426.45,27794251.0
2021-08-11,429.8,432.9,423.15,428.05,23827946.0
2021-08-12,430.0,430.45,425.0,427.15,16847144.0
2021-08-13,427.6,432.25,425.0,431.2,20908992.0
2021-08-16,430.0,434.0,424.0,424.85,17608693.0
2021-08-17,424.85,425.85,415.25,421.5,22957877.0
2021-08-18,422.15,424.35,418.0,419.7,17668574.0
2021-08-20,415.0,417.35,405.15,406.7,25541790.0
2021-08-23,411.1,413.0,401.25,409.5,26559937.0
2021-08-24,409.5,418.75,408.2,417.6,19012313.0
2021-08-25,419.0,421.3,414.3,416.25,16410980.0
2021-08-26,414.5,415.8,410.0,410.75,15897679.0
2021-08-27,410.35,414.35,407.5,412.45,15090541.0
2021-08-30,414.4,423.3,413.5,422.7,20308691.0
2021-08-31,423.85,427.0,418.7,426.05,26262421.0
2021-09-01,427.5,432.55,425.15,429.9,18776721.0
2021-09-02,431.4,433.5,427.75,429.75,14372717.0
2021-09-03,431.25,434.3,428.2,431.4,14233624.0
2021-09-06,432.0,433.85,430.05,431.05,10694099.0
2021-09-07,431.05,431.7,425.1,429.1,14928735.0
2021-09-08,429.0,435.4,427.35,431.35,22817464.0
2021-09-09,430.25,433.8,430.0,432.3,9662128.0
2021-09-13,430.1,433.8,428.8,432.85,9567921.0
2021-09-14,435.0,436.75,432.25,433.0,9981562.0
2021-09-15,433.0,445.0,431.45,443.85,22181568.0
2021-09-16,444.85,466.1,442.75,463.7,42637448.0
2021-09-17,468.0,471.9,450.35,454.1,41529478.0
2021-09-20,449.4,453.5,435.65,437.45,18376916.0
2021-09-21,440.15,441.35,432.65,438.8,17279588.0
2021-09-22,438.9,442.8,436.1,438.85,14321143.0
2021-09-23,442.4,451.15,442.05,449.8,20516770.0
2021-09-24,451.1,451.9,440.0,440.75,10731274.0
2021-09-27,444.9,450.55,442.25,446.6,11746892.0
2021-09-28,449.2,455.8,439.6,444.9,19241170.0
2021-09-29,441.85,462.3,439.1,460.0,38635938.0
2021-09-30,459.95,464.9,451.4,453.0,26530369.0
2021-10-01,448.5,455.55,443.8,451.65,14777309.0
2021-10-04,451.65,451.65,451.65,451.65,1677788.0
2021-10-04,453.8,464.4,451.6,463.15,16246765.0
2021-10-05,462.0,469.0,458.7,464.7,16487568.0
2021-10-06,465.0,471.0,453.65,457.2,19056690.0
2021-10-07,462.1,464.0,457.1,457.9,9984651.0
2021-10-08,461.9,464.0,454.25,458.0,16521128.0
2021-10-11,460.0,474.95,458.65,469.25,20686981.0
2021-10-12,470.0,484.4,468.1,483.0,33763609.0
2021-10-13,486.15,486.15,478.0,481.7,17638983.0
2021-10-14,482.0,493.9,482.0,490.6,23431826.0
2021-10-18,494.0,501.0,491.7,497.95,20084248.0
2021-10-19,500.35,504.2,483.25,488.2,20645100.0
2021-10-20,488.8,507.5,483.1,499.9,34080545.0
2021-10-21,504.9,506.5,491.75,502.95,20808243.0
2021-10-22,504.6,508.7,500.0,502.95,24080485.0
2021-10-25,506.5,515.45,497.85,506.5,35619415.0
2021-10-26,507.6,518.2,507.6,512.55,21107457.0
2021-10-27,513.7,526.85,512.75,519.15,29463032.0
2021-10-28,519.6,520.55,497.6,501.35,28140401.0
2021-10-29,501.5,512.65,488.4,502.15,31355893.0
2021-11-01,508.5,516.95,501.0,515.7,20679604.0
2021-11-02,514.8,525.0,512.05,521.7,26797820.0
2021-11-03,524.0,542.3,515.2,527.65,80775924.0
2021-11-04,531.5,535.9,528.05,530.45,9796046.0
2021-11-08,534.45,534.45,516.45,523.25,36802110.0
2021-11-09,526.25,532.0,522.2,529.15,25451967.0
2021-11-10,525.55,528.5,521.5,524.4,15805538.0
2021-11-11,522.85,522.85,507.1,509.6,23086898.0
2021-11-12,512.0,513.0,502.7,511.35,19836221.0
2021-11-15,512.4,515.9,505.5,506.55,13328183.0
2021-11-16,507.4,507.4,493.5,495.1,19553216.0
2021-11-17,493.85,505.4,491.0,498.15,20488483.0
2021-11-18,499.1,506.2,492.3,503.8,22471070.0
2021-11-22,506.0,506.0,477.5,486.4,28800269.0
2021-11-23,485.25,495.4,480.0,493.05,20000371.0
2021-11-24,495.8,500.0,489.05,493.15,13963769.0
2021-11-25,490.0,495.45,486.3,490.55,12894211.0
2021-11-26,486.25,487.9,467.1,470.5,26305817.0
2021-11-29,470.0,477.75,454.3,465.1,22407465.0
2021-11-30,468.0,477.25,458.0,460.55,23026652.0
2021-12-01,464.45,477.25,464.0,475.3,17156956.0
2021-12-02,474.5,478.15,470.95,477.0,12962679.0
2021-12-03,475.75,481.5,470.05,473.15,16653993.0
2021-12-06,473.15,477.0,463.8,465.3,14353300.0
2021-12-07,469.2,479.7,469.2,476.7,13644942.0
2021-12-08,480.9,492.4,480.25,491.55,20397660.0
2021-12-09,492.3,493.5,486.1,488.65,12560970.0
2021-12-10,488.5,495.95,484.4,494.7,13261408.0
2021-12-13,497.75,500.45,486.35,487.8,14047645.0
2021-12-14,486.0,490.35,481.8,488.55,11642447.0
2021-12-15,490.0,491.0,483.5,484.8,8639835.0
2021-12-16,488.35,490.55,478.25,481.15,11107781.0
2021-12-17,480.05,481.4,466.5,467.8,12648603.0
2021-12-20,459.0,464.0,443.0,449.2,22336114.0
2021-12-21,457.05,458.25,444.5,446.0,16617447.0
2021-12-22,450.0,457.3,449.0,455.85,13102553.0
2021-12-23,461.0,465.0,457.75,461.8,14471377.0
2021-12-24,462.6,463.6,452.2,456.95,13221159.0
2021-12-27,453.7,460.5,450.55,458.05,8856482.0
2021-12-28,461.2,462.9,459.05,461.2,8832210.0
2021-12-29,461.0,462.15,451.4,454.4,11757303.0
2021-12-30,452.75,454.9,448.5,451.7,28879190.0
2021-12-31,454.25,461.4,453.1,460.45,10005842.0
2022-01-03,462.0,472.0,460.1,470.8,13124509.0
2022-01-04,472.5,484.7,471.05,483.5,23296671.0
2022-01-05,481.9,495.0,479.15,492.4,24694169.0
2022-01-06,487.7,494.4,485.4,491.7,18190843.0
2022-01-07,493.45,501.95,489.45,491.25,22746330.0
2022-01-10,493.35,504.95,492.5,503.65,15832274.0
2022-01-11,503.0,507.8,499.25,505.95,16107950.0
2022-01-12,509.9,513.5,508.5,510.25,14489616.0
2022-01-13,510.0,512.85,507.0,511.35,10450974.0
2022-01-14,509.0,510.35,505.15,508.35,8724574.0
2022-01-17,508.0,518.9,507.55,514.0,17422211.0
2022-01-18,514.0,517.45,505.0,506.8,12592506.0
2022-01-19,505.0,517.65,500.3,515.8,16079457.0
2022-01-20,516.0,519.15,508.0,511.4,17724642.0
2022-01-21,505.3,507.5,498.0,502.7,16947941.0
2022-01-24,502.4,506.8,488.0,494.15,20233933.0
2022-01-25,490.0,517.5,489.0,514.65,21791739.0
2022-01-27,503.55,530.85,503.2,528.95,35409230.0
2022-01-28,534.0,536.4,521.4,523.45,24715250.0
2022-01-31,529.0,540.9,527.05,538.3,28674232.0
2022-02-01,543.95,543.95,520.0,532.3,32245356.0
2022-02-02,536.65,544.25,531.35,539.8,21661864.0
2022-02-03,537.15,544.7,537.15,540.1,22717677.0
2022-02-04,542.15,546.4,527.3,530.3,25332894.0
2022-02-07,531.9,549.0,525.25,533.25,52289545.0
2022-02-08,535.5,537.65,519.0,531.35,26567546.0
2022-02-09,534.95,536.5,527.75,535.25,14856155.0
2022-02-10,537.1,543.95,534.4,540.55,18659370.0
2022-02-11,536.25,537.7,527.1,529.6,14607095.0
2022-02-14,515.0,515.6,499.7,501.4,26153332.0
2022-02-15,502.0,526.85,497.1,524.8,23842951.0
2022-02-16,526.5,528.0,514.0,516.7,19773807.0
2022-02-17,520.0,520.0,511.15,512.95,16408356.0
2022-02-18,510.1,520.9,510.1,515.3,15111223.0
2022-02-21,511.55,517.5,504.65,511.85,16866932.0
2022-02-22,500.9,505.3,495.5,498.4,27108772.0
2022-02-23,503.0,505.35,497.25,498.7,13899433.0
2022-02-24,480.0,487.95,468.0,472.65,32356037.0
2022-02-25,480.0,491.9,479.3,482.95,21792287.0
2022-02-28,476.9,485.3,473.1,483.2,18069367.0
2022-03-02,478.0,479.8,467.0,474.25,22003848.0
2022-03-03,480.0,483.4,464.6,467.4,20358590.0
2022-03-04,460.3,470.9,457.65,461.95,20684268.0
2022-03-07,447.5,453.95,433.45,440.3,33720472.0
2022-03-08,438.0,442.1,425.0,440.3,42510207.0
2022-03-09,442.0,454.3,438.55,451.7,32331325.0
2022-03-10,469.9,476.65,461.65,468.7,34553299.0
2022-03-11,466.4,474.8,462.0,470.35,22091309.0
2022-03-14,471.0,486.0,470.55,485.15,27750689.0
2022-03-15,489.0,490.5,480.65,485.85,27204899.0
2022-03-16,493.0,494.3,489.4,492.75,16211288.0
2022-03-17,492.75,492.75,492.75,492.75,438688.0
2022-03-17,499.0,503.5,498.3,501.9,22947673.0
2022-03-21,502.0,502.0,489.0,490.6,19064060.0
2022-03-22,490.6,495.8,477.25,493.7,26157969.0
2022-03-23,498.5,502.4,489.2,490.65,15800195.0
2022-03-24,485.0,494.8,483.5,487.1,18174877.0
2022-03-25,491.75,493.3,486.6,490.7,11541196.0
2022-03-28,490.95,498.6,481.95,497.5,16738684.0
2022-03-29,500.0,501.4,491.7,495.0,14301429.0
2022-03-30,499.3,500.4,492.3,494.3,16461225.0
2022-03-31,494.3,497.55,492.2,493.55,10240982.0
2022-04-01,491.0,509.75,491.0,508.2,18527226.0
2022-04-04,509.3,514.9,506.0,512.4,16257176.0
2022-04-05,514.4,516.4,507.7,509.4,13602384.0
2022-04-06,507.0,515.2,506.0,513.95,13738275.0
2022-04-07,510.05,519.9,510.05,514.95,19620958.0
2022-04-08,519.5,519.5,512.35,516.1,13572638.0
2022-04-11,513.5,522.0,513.2,514.9,12370288.0
2022-04-12,512.75,516.7,504.35,512.85,14460680.0
2022-04-13,514.3,520.9,513.75,517.7,15440525.0
2022-04-18,512.0,515.0,504.0,509.5,14492183.0
2022-04-19,513.25,520.95,505.1,511.8,20362934.0
2022-04-20,512.0,513.7,507.0,509.3,11881305.0
2022-04-21,513.4,518.0,512.2,516.3,10035638.0
2022-04-22,512.9,513.5,499.0,500.6,16760456.0
2022-04-25,495.0,499.2,490.05,494.75,14057444.0
2022-04-26,499.0,507.9,498.45,505.5,12137213.0
2022-04-27,500.0,502.8,491.85,497.25,12367342.0
2022-04-28,499.15,510.0,496.5,507.5,12154792.0
2022-04-29,508.1,512.5,494.0,496.3,12894773.0
2022-05-02,492.65,495.0,481.3,491.0,18590895.0
2022-05-04,492.0,496.45,477.5,479.65,14645323.0
2022-05-05,485.0,494.0,478.65,480.0,14130385.0
2022-05-06,471.0,486.1,471.0,483.95,16710020.0
2022-05-09,477.1,483.7,473.8,475.9,13544947.0
2022-05-10,477.0,482.55,473.5,475.2,10884328.0
2022-05-11,475.25,479.0,463.65,476.55,14771351.0
2022-05-12,473.0,473.0,456.35,462.65,18947096.0
2022-05-13,469.45,477.0,439.75,444.65,61403008.0
2022-05-16,445.0,461.5,438.85,455.0,27940958.0
2022-05-17,458.3,469.65,456.15,467.3,16880698.0
2022-05-18,467.9,468.6,457.1,458.0,15644497.0
2022-05-19,449.05,450.0,444.45,447.5,14201420.0
2022-05-20,454.85,464.0,454.15,462.4,13596860.0
2022-05-23,463.1,471.4,459.5,460.9,13499415.0
2022-05-24,462.4,466.8,460.2,462.05,17175179.0
2022-05-25,461.0,464.45,452.05,454.1,12728644.0
2022-05-26,456.85,470.1,452.5,468.9,17055257.0
2022-05-27,471.4,475.0,467.5,468.95,10977001.0
2022-05-30,473.0,476.9,471.1,474.6,9365470.0
2022-05-31,474.0,476.4,465.0,468.1,15441579.0
2022-06-01,468.0,472.0,464.7,468.3,9424008.0
2022-06-02,466.9,472.35,466.15,469.85,9370989.0
2022-06-03,473.25,475.5,463.5,464.5,11306291.0
2022-06-06,464.2,465.6,456.5,463.7,10661432.0
2022-06-07,461.85,465.95,460.5,463.4,7672515.0
2022-06-08,466.6,475.55,463.2,471.3,17168871.0
2022-06-09,468.95,470.9,462.45,466.95,12635601.0
2022-06-10,462.0,464.15,458.6,461.85,8621104.0
2022-06-13,454.0,454.05,442.1,445.85,13426836.0
2022-06-14,445.0,449.25,443.35,448.1,11351101.0
2022-06-15,448.95,455.45,448.6,451.35,9920926.0
2022-06-16,455.15,457.75,440.15,441.6,10780703.0
2022-06-17,440.0,447.55,437.25,441.0,14326050.0
2022-06-20,441.5,443.45,430.7,434.7,12368534.0
2022-06-21,439.5,454.95,437.6,450.75,13801891.0
2022-06-22,448.75,451.2,444.65,447.65,11066447.0
2022-06-23,449.0,456.45,446.0,451.4,12229833.0
2022-06-24,455.8,460.35,453.2,454.25,10833364.0
2022-06-27,459.95,464.85,458.05,461.2,9509175.0
2022-06-28,458.9,465.75,458.0,464.25,13261290.0
2022-06-29,460.0,462.7,458.0,459.1,11800876.0
2022-06-30,459.0,469.3,458.6,465.9,16926328.0
2022-07-01,463.35,468.8,460.55,466.85,9405495.0
2022-07-04,466.85,474.15,466.85,473.45,9186358.0
2022-07-05,475.15,480.0,471.0,472.15,12003244.0
2022-07-06,475.15,481.0,473.9,479.95,12059857.0
2022-07-07,484.0,488.25,481.6,486.75,11497832.0
2022-07-08,489.0,489.9,485.15,488.55,9057231.0
2022-07-11,485.0,491.3,485.0,488.2,7704792.0
2022-07-12,485.0,491.35,483.1,484.95,7364457.0
2022-07-13,487.75,492.45,484.55,486.5,8208853.0
2022-07-14,486.6,488.9,476.8,479.35,9385630.0
2022-07-15,482.55,484.4,474.7,479.1,6945602.0
2022-07-18,484.55,491.5,482.1,490.3,9934786.0
2022-07-19,488.0,498.55,488.0,497.95,11724183.0
2022-07-20,501.0,510.6,500.4,508.6,19280117.0
2022-07-21,509.8,513.4,506.75,512.05,13814893.0
2022-07-22,513.45,520.2,511.2,513.7,14699129.0
2022-07-25,513.7,513.7,513.7,513.7,2703278.0
2022-07-25,513.4,519.0,509.15,517.8,10229778.0
2022-07-26,517.7,520.8,513.1,514.2,8862656.0
2022-07-27,515.3,529.95,512.25,528.2,15101546.0
2022-07-28,533.2,537.5,529.55,532.45,12160734.0
2022-07-29,535.05,537.0,526.75,528.35,11921058.0
2022-08-01,529.05,535.0,526.4,533.75,8295631.0
2022-08-02,531.9,544.9,531.1,542.1,16845027.0
2022-08-03,541.9,546.4,534.65,540.85,24262125.0
2022-08-04,543.65,544.0,524.2,533.25,18072293.0
2022-08-05,535.55,542.9,529.0,531.05,21110734.0
2022-08-08,531.05,531.05,531.05,531.05,2703279.0
2022-08-08,524.0,524.0,513.85,520.4,32566317.0
2022-08-10,521.55,523.5,513.4,514.7,16904151.0
2022-08-11,520.0,526.0,517.2,524.75,13862195.0
2022-08-12,525.7,531.8,525.15,530.7,12154012.0
2022-08-16,533.3,533.85,525.0,525.95,10721167.0
2022-08-17,528.85,530.55,524.35,528.15,12054183.0
2022-08-18,526.85,534.8,526.2,532.35,9013662.0
2022-08-19,532.0,533.65,518.5,520.35,11087222.0
2022-08-22,519.0,519.9,510.0,511.3,9676954.0
2022-08-23,508.25,524.0,508.25,521.9,8597965.0
2022-08-24,519.0,523.0,512.3,519.3,11930650.0
2022-08-25,521.95,528.3,518.5,520.4,15473450.0
2022-08-26,523.8,529.5,522.2,523.8,12855886.0
2022-08-29,511.3,517.0,508.75,514.85,9421339.0
2022-08-30,518.2,532.5,517.95,531.25,14835308.0
2022-09-01,522.25,540.9,522.25,533.3,16670228.0
2022-09-02,537.0,537.85,531.25,536.7,10017930.0
2022-09-05,537.0,540.8,536.3,538.9,7819994.0
2022-09-06,538.0,542.7,534.1,537.8,8657868.0
2022-09-07,534.4,537.45,531.55,532.85,8445359.0
2022-09-08,536.0,546.3,535.5,544.65,12240707.0
2022-09-09,549.65,557.0,548.0,553.35,18587927.0
2022-09-12,554.9,558.6,551.25,554.9,9677415.0
2022-09-13,560.0,560.0,553.75,558.0,16707275.0
2022-09-14,550.0,574.85,549.25,571.75,21632641.0
2022-09-15,572.55,578.5,567.9,572.15,12749947.0
2022-09-16,569.1,574.0,560.3,561.8,14739280.0
2022-09-19,560.7,574.4,559.55,572.25,11194003.0
2022-09-20,577.95,577.95,572.85,574.05,8484017.0
2022-09-21,575.0,577.3,565.4,569.7,9392526.0
2022-09-22,566.75,574.0,562.0,567.3,11869435.0
2022-09-23,564.8,568.0,549.5,550.6,12563239.0
2022-09-26,545.8,549.0,533.0,543.3,16158750.0
2022-09-27,544.55,550.9,533.2,536.5,11066799.0
2022-09-28,532.9,539.8,520.35,524.85,12233485.0
2022-09-29,529.0,535.7,519.55,521.75,17310168.0
2022-09-30,524.0,536.9,516.15,530.6,17466950.0
2022-10-03,530.6,530.6,530.6,530.6,2326755.0
2022-10-03,527.6,531.65,518.5,519.75,9351162.0
2022-10-04,533.0,535.8,527.8,532.7,8745887.0
2022-10-06,534.6,541.8,534.6,537.3,9507322.0
2022-10-07,535.5,535.6,526.55,530.2,11065307.0
2022-10-10,525.7,533.9,522.2,530.75,9649292.0
2022-10-11,530.75,530.75,530.75,530.75,2325381.0
2022-10-11,530.75,533.7,525.5,527.4,10825440.0
2022-10-12,530.0,535.0,526.0,533.8,8522604.0
2022-10-13,533.0,533.8,520.2,521.45,12972765.0
2022-10-14,530.2,534.85,526.0,527.2,8545479.0
2022-10-17,527.2,527.2,527.2,527.2,2378054.0
2022-10-17,526.4,544.7,524.2,543.65,13485349.0
2022-10-18,547.1,563.5,546.75,562.45,20440781.0
2022-10-19,563.0,563.45,551.55,553.4,9540583.0
2022-10-20,552.0,556.8,545.3,555.4,11225588.0
2022-10-21,557.25,565.8,557.25,560.85,11767639.0
2022-10-24,567.0,572.5,565.9,570.5,3692065.0
2022-10-25,570.5,570.5,570.5,570.5,1513251.0
2022-10-25,572.5,586.2,568.0,578.55,19899324.0
2022-10-27,583.95,585.0,577.6,579.65,13613533.0
2022-10-28,579.95,582.65,567.0,570.75,10043644.0
2022-10-31,574.95,577.45,568.4,573.8,9894639.0
2022-11-01,576.35,585.75,574.6,576.9,12069579.0
2022-11-02,575.9,578.95,569.9,573.85,10241440.0
2022-11-03,573.85,573.85,573.85,573.85,2812727.0
2022-11-03,569.0,587.95,568.0,584.9,17557998.0
2022-11-04,586.0,596.95,580.4,593.95,25759031.0
2022-11-07,613.0,622.7,607.7,614.15,44265903.0
2022-11-09,621.0,621.0,610.55,615.55,18939854.0
2022-11-10,613.1,615.1,602.2,605.75,11618405.0
2022-11-11,617.25,619.55,598.5,601.3,15525267.0
2022-11-14,601.3,601.3,601.3,601.3,2812726.0
2022-11-14,603.95,603.95,591.65,592.55,12957268.0
2022-11-15,594.3,602.1,592.65,600.85,10286417.0
2022-11-16,599.95,603.5,596.0,599.75,11555749.0
2022-11-17,599.1,602.75,596.15,599.05,8167131.0
2022-11-18,601.0,605.75,597.15,602.7,12933675.0
2022-11-21,602.1,602.1,595.35,598.1,7412419.0
2022-11-22,598.15,600.7,596.15,599.1,8048595.0
2022-11-23,601.55,609.6,601.0,607.65,12435924.0
2022-11-24,609.75,611.3,605.8,609.35,8960032.0
2022-11-25,610.55,613.7,606.25,607.4,9994513.0
2022-11-28,605.6,610.9,602.35,608.6,7934274.0
2022-11-29,607.1,611.8,607.1,608.55,6942919.0
2022-11-30,608.5,611.4,598.4,602.45,15606230.0
2022-12-01,607.85,609.8,601.55,608.1,14209313.0
2022-12-02,607.5,609.6,604.25,607.55,7533838.0
2022-12-05,608.5,618.0,607.55,617.3,11585602.0
2022-12-06,614.75,619.8,607.8,608.95,12996244.0
2022-12-07,610.85,612.9,604.5,607.05,7613892.0
2022-12-08,609.75,613.8,607.15,611.65,10020015.0
2022-12-09,614.4,618.0,609.1,616.5,11202267.0
2022-12-12,614.8,618.7,611.0,613.05,9285187.0
2022-12-13,613.5,617.4,612.5,616.75,7455415.0
2022-12-14,618.5,626.75,617.5,625.5,14010673.0
2022-12-15,625.55,629.55,614.3,615.95,10622271.0
2022-12-16,612.0,615.6,602.1,603.35,9435071.0
2022-12-19,604.0,609.5,603.0,604.45,8322012.0
2022-12-20,603.0,606.5,599.55,604.45,6753785.0
2022-12-21,605.9,609.15,589.6,593.4,9217253.0
2022-12-22,597.0,599.0,587.55,593.4,8740149.0
2022-12-23,590.0,590.7,571.5,574.0,13047046.0
2022-12-26,574.0,601.7,570.7,597.1,13201587.0
2022-12-27,600.4,603.1,593.3,601.9,9638618.0
2022-12-28,600.9,607.0,598.55,601.05,7988631.0
2022-12-29,600.0,618.0,597.15,611.8,20130392.0
2022-12-30,615.25,620.55,611.35,613.7,13052895.0
2023-01-02,614.95,619.2,611.2,612.2,6726084.0
2023-01-03,614.5,616.6,610.0,612.4,6818062.0
2023-01-04,611.85,614.95,604.0,605.2,7011191.0
2023-01-05,607.0,611.6,601.95,605.1,8241475.0
2023-01-06,607.4,607.45,597.0,600.65,7972036.0
2023-01-09,605.0,609.0,600.1,607.7,8878905.0
2023-01-10,608.45,609.0,590.6,595.15,10622660.0
2023-01-11,596.45,599.5,592.25,596.7,7419630.0
2023-01-12,597.9,597.9,590.1,594.9,8183715.0
2023-01-13,597.9,602.9,593.65,600.1,7877610.0
2023-01-16,603.0,606.1,600.6,603.0,5483191.0
2023-01-17,603.0,606.0,586.05,592.95,13461999.0
2023-01-18,595.9,597.15,587.6,591.45,11538075.0
2023-01-19,591.0,591.75,587.55,589.85,7475688.0
2023-01-20,593.8,596.6,590.8,592.2,6750607.0
2023-01-23,598.5,601.75,592.95,600.45,6604469.0
2023-01-24,603.5,604.6,593.05,594.35,7609623.0
2023-01-25,595.85,595.85,567.4,568.7,25686294.0
2023-01-27,568.0,568.55,532.25,539.95,40163464.0
2023-01-30,536.0,554.35,525.2,538.2,40797825.0
2023-01-31,545.0,557.0,537.85,553.5,21911943.0
2023-02-01,561.4,565.0,499.35,527.35,38218810.0
2023-02-02,520.2,532.65,502.5,528.1,39287056.0
2023-02-03,536.0,545.95,519.15,544.2,32317232.0
2023-02-06,558.8,558.8,536.55,545.4,25338586.0
2023-02-07,548.0,551.4,541.05,547.1,16195947.0
2023-02-08,550.0,554.5,545.5,549.75,15502847.0
2023-02-09,552.0,552.0,542.8,550.8,15061047.0
2023-02-10,546.5,557.25,546.5,553.05,13824475.0
2023-02-13,554.0,556.9,533.3,537.5,18488732.0
2023-02-14,539.95,544.6,530.75,540.85,18559909.0
2023-02-15,540.0,544.65,536.8,542.25,12796579.0
2023-02-16,546.85,546.85,538.5,540.1,12767016.0
2023-02-17,538.5,539.65,527.75,531.0,14192008.0
2023-02-20,532.0,533.95,522.15,525.15,12570032.0
2023-02-21,527.1,528.95,522.4,523.45,10223218.0
2023-02-22,520.75,521.9,512.5,516.35,14763050.0
2023-02-23,516.95,524.0,511.35,521.0,15535085.0
2023-02-24,524.2,527.5,517.6,521.05,12253035.0
2023-02-27,521.1,529.8,519.0,527.7,11048799.0
2023-02-28,527.25,528.45,521.05,522.8,15768010.0
2023-03-01,523.25,537.4,523.1,536.7,13510198.0
2023-03-02,535.95,539.9,532.5,533.75,10376913.0
2023-03-03,542.0,564.3,541.75,561.2,27656538.0
2023-03-06,564.9,567.9,559.0,561.7,16162268.0
2023-03-08,560.0,565.5,556.45,564.8,12637578.0
2023-03-09,564.75,565.75,558.0,558.9,8993423.0
2023-03-10,553.1,554.95,545.0,547.35,11522371.0
2023-03-13,547.0,553.15,528.45,530.0,14373729.0
2023-03-14,527.65,532.8,520.0,525.4,14750800.0
2023-03-15,529.8,532.0,515.55,517.55,11282329.0
2023-03-16,518.4,529.35,514.3,524.5,20040008.0
2023-03-17,528.65,531.6,520.1,529.8,18787379.0
2023-03-20,526.6,526.6,515.0,519.2,14275315.0
2023-03-21,522.0,523.45,516.45,521.85,29485180.0
2023-03-22,522.2,527.0,520.1,521.55,11619538.0
2023-03-23,519.4,521.0,511.5,512.75,22097792.0
2023-03-24,514.5,514.95,503.45,505.35,14416984.0
2023-03-27,507.0,514.15,501.55,510.15,15674218.0
2023-03-28,511.45,511.75,503.85,508.1,15833599.0
2023-03-29,509.0,518.0,506.3,516.5,24203789.0
2023-03-31,520.65,524.9,519.35,523.75,17356345.0
2023-04-03,524.75,528.5,522.1,526.75,14210949.0
2023-04-05,527.0,527.6,519.05,523.0,13574801.0
2023-04-06,524.0,533.7,521.65,527.65,25125879.0
2023-04-10,529.25,530.4,524.4,526.3,17335453.0
2023-04-11,530.85,535.7,527.15,532.1,26414406.0
2023-04-12,533.2,534.0,526.0,528.2,21292441.0
2023-04-13,529.3,534.25,527.15,532.95,28597560.0
2023-04-17,528.0,545.0,528.0,544.0,32476990.0
2023-04-18,545.35,548.5,540.5,545.85,22283456.0
2023-04-19,544.0,547.5,538.25,540.3,21156372.0
2023-04-20,541.2,545.45,536.65,544.8,25588577.0
2023-04-21,545.0,546.4,539.7,543.15,22599418.0
2023-04-24,543.8,555.55,543.5,554.6,23335611.0
2023-04-25,555.0,567.9,555.0,561.8,38142390.0
2023-04-26,562.0,567.0,556.45,566.35,23143882.0
2023-04-27,565.0,567.4,561.1,564.75,17845169.0
2023-04-28,567.8,580.45,565.5,578.3,16183423.0
2023-05-02,580.0,580.85,573.15,575.3,13667511.0
2023-05-03,570.65,575.0,569.0,570.5,9699527.0
2023-05-04,570.2,580.8,568.5,580.0,12533761.0
2023-05-05,580.2,588.25,575.05,576.5,18163461.0
2023-05-08,577.65,587.6,577.35,583.6,12990869.0
2023-05-09,585.0,586.45,572.1,573.5,18959065.0
2023-05-10,575.0,575.0,563.25,572.2,18561315.0
2023-05-11,572.2,580.0,572.0,573.45,16016715.0
2023-05-12,574.7,580.75,571.55,578.15,11319335.0
2023-05-15,578.75,584.0,574.65,581.9,11410243.0
2023-05-16,584.0,590.4,582.0,586.3,22178229.0
2023-05-17,586.0,590.5,579.5,586.3,23739774.0
2023-05-18,590.3,593.9,571.4,574.2,45656620.0
2023-05-19,579.0,586.25,569.9,575.15,42293962.0
2023-05-22,577.5,580.3,573.45,577.15,21484049.0
2023-05-23,578.9,583.7,576.8,581.6,16120548.0
2023-05-24,579.8,585.25,578.25,582.7,17616658.0
2023-05-25,582.0,582.9,577.0,581.25,16479436.0
2023-05-26,581.25,587.75,580.55,586.0,9788076.0
2023-05-29,590.0,596.4,588.05,595.0,18432231.0
2023-05-30,595.0,595.5,591.5,592.8,15031640.0
2023-05-31,583.8,584.8,577.5,579.85,28797643.0
2023-06-01,581.8,586.4,581.0,582.75,17820226.0
2023-06-02,584.7,588.9,583.0,587.2,11323908.0
2023-06-05,588.5,589.8,586.0,587.2,12920507.0
2023-06-06,588.0,588.9,583.0,585.35,11199940.0
2023-06-07,588.0,590.6,586.0,589.2,11113781.0
2023-06-08,589.95,593.95,586.35,588.5,15971917.0
2023-06-09,588.0,589.1,576.75,578.7,18870272.0
2023-06-12,580.0,581.5,577.7,578.65,8786066.0
2023-06-13,579.45,581.4,574.25,576.4,12612098.0
2023-06-14,577.0,578.55,575.25,576.55,8948696.0
2023-06-15,576.0,576.7,565.25,566.5,17934877.0
2023-06-16,568.75,574.7,567.05,571.25,12660226.0
2023-06-19,571.25,572.75,565.9,568.85,17903691.0
2023-06-20,568.85,569.45,562.55,567.4,14549152.0
2023-06-21,567.4,569.5,565.65,566.35,14946871.0
2023-06-22,566.35,569.0,561.05,562.95,14979063.0
2023-06-23,562.0,562.1,553.8,554.6,12215712.0
2023-06-26,556.0,558.5,554.5,557.05,8360264.0
2023-06-27,558.25,567.95,555.65,566.1,10694768.0
2023-06-28,572.25,574.0,568.55,569.8,18028934.0
2023-06-30,574.0,574.0,570.2,572.85,8718232.0
2023-07-03,574.5,586.35,573.9,585.45,15421985.0
2023-07-04,588.2,595.95,582.25,589.25,24799250.0
2023-07-05,589.8,593.7,588.2,590.6,13598114.0
2023-07-06,590.4,593.5,589.1,592.5,11323509.0
2023-07-07,590.0,595.5,585.5,593.6,11707209.0
2023-07-10,594.65,599.8,590.25,592.6,11417363.0
2023-07-11,595.0,595.95,587.35,588.55,13221177.0
2023-07-12,589.0,594.5,588.2,589.25,16029716.0
2023-07-13,594.9,598.0,583.35,585.65,20024503.0
2023-07-14,586.75,591.3,580.7,584.4,12190152.0
2023-07-17,587.0,602.85,584.2,601.1,19378986.0
2023-07-18,603.05,604.05,588.75,592.35,25757209.0
2023-07-19,594.65,602.4,592.0,601.45,17556585.0
2023-07-20,601.4,610.8,598.75,610.05,34038351.0
2023-07-21,610.0,619.5,609.0,615.1,21040281.0
2023-07-24,615.05,621.9,614.3,617.65,11756364.0
2023-07-25,621.8,621.8,604.2,609.6,18503305.0
2023-07-26,612.0,616.35,609.15,615.15,9999125.0
2023-07-27,616.4,621.25,613.1,616.55,17444742.0
2023-07-28,616.4,619.9,613.6,616.05,11930586.0
2023-07-31,616.65,621.0,614.5,620.2,8605483.0
2023-08-01,620.2,620.85,610.6,611.85,13493453.0
2023-08-02,609.85,610.5,594.1,598.45,14977497.0
2023-08-03,598.7,600.85,585.0,590.5,27774877.0
2023-08-04,594.8,598.7,571.4,573.3,52725616.0
2023-08-07,577.0,577.0,566.65,567.9,32736325.0
2023-08-08,571.0,574.25,568.45,573.1,25038671.0
2023-08-09,575.0,575.0,568.35,573.75,15769111.0
2023-08-10,573.75,577.6,570.1,573.65,27325801.0
2023-08-11,575.45,579.0,572.0,574.15,18221179.0
2023-08-14,572.95,573.0,558.6,560.8,28084093.0
2023-08-16,558.8,566.4,554.0,565.35,15725767.0
2023-08-17,565.75,573.15,564.0,572.15,27910162.0
2023-08-18,570.0,575.25,567.4,572.95,18253227.0
2023-08-21,572.95,575.55,570.75,571.7,9380810.0
2023-08-22,572.5,574.45,567.5,568.5,14073413.0
2023-08-23,571.0,577.95,566.0,576.9,18579297.0
2023-08-24,578.15,582.0,575.55,576.95,24131644.0
2023-08-25,573.8,575.3,567.2,569.95,12271885.0
2023-08-28,572.8,574.8,569.2,572.85,9711932.0
2023-08-29,573.65,576.3,571.85,574.85,13144855.0
2023-08-30,576.7,577.7,566.1,567.4,15281416.0
2023-08-31,569.3,570.3,559.4,561.35,27898476.0
2023-09-01,562.7,571.2,562.1,569.55,18121168.0
2023-09-04,572.0,576.35,568.45,575.55,12108655.0
2023-09-05,575.6,578.25,571.35,573.0,14444729.0
2023-09-06,574.25,574.25,568.0,570.5,20609936.0
2023-09-07,568.0,581.0,568.0,579.05,12390597.0
2023-09-08,581.0,588.5,579.7,583.45,14032068.0
2023-09-11,587.0,592.3,585.35,591.7,10946134.0
2023-09-12,593.65,594.25,584.65,588.35,16093060.0
2023-09-13,588.4,598.0,583.45,596.45,19377172.0
2023-09-14,598.45,603.7,595.2,597.3,13178911.0
2023-09-15,599.35,600.7,595.2,598.8,11756389.0
2023-09-18,598.8,608.4,597.05,603.95,19305055.0
2023-09-20,600.85,606.8,599.4,601.1,21314600.0
2023-09-21,600.0,606.6,584.65,588.15,23453425.0
2023-09-22,593.5,602.0,591.4,598.15,18784139.0
2023-09-25,601.5,601.5,590.45,594.05,9712784.0
2023-09-26,594.0,595.0,591.25,594.4,8327427.0
2023-09-27,593.45,594.3,588.2,589.75,9865347.0
2023-09-28,591.25,595.2,588.85,589.95,21960816.0
2023-09-29,592.85,600.0,591.3,598.55,12189735.0
2023-10-03,596.6,604.9,589.6,602.95,15322196.0
2023-10-04,600.0,600.45,584.45,586.25,24914612.0
2023-10-05,590.0,594.35,587.1,592.15,13248028.0
2023-10-06,593.4,598.95,592.2,594.25,8216780.0
2023-10-09,588.0,589.0,581.55,585.1,9189597.0
2023-10-10,587.0,595.0,585.75,591.65,10373508.0
2023-10-11,596.9,597.0,587.6,588.35,14220119.0
2023-10-12,590.8,593.0,585.0,586.05,11983797.0
2023-10-13,577.75,581.3,574.8,576.15,19064577.0
2023-10-16,576.0,578.75,571.5,575.65,11290293.0
2023-10-17,577.7,579.95,575.3,576.45,10765224.0
2023-10-18,577.75,579.25,569.35,572.65,11777454.0
2023-10-19,569.8,574.0,567.0,571.2,11441499.0
2023-10-20,569.9,570.0,562.1,563.1,11110988.0
2023-10-23,563.1,566.0,551.0,552.95,11875035.0
2023-10-25,558.6,560.8,553.6,556.2,12134624.0
2023-10-26,551.45,552.9,543.2,547.0,19424825.0
2023-10-27,550.0,562.5,550.0,561.15,10415296.0
2023-10-30,563.0,566.7,556.5,565.2,8593704.0
2023-10-31,567.0,569.5,563.15,565.55,13039696.0
2023-11-01,566.25,569.65,563.85,566.4,13575575.0
2023-11-02,571.1,575.45,567.6,572.1,11148516.0
2023-11-03,576.0,579.5,573.45,578.15,11371371.0
2023-11-06,582.0,582.5,573.25,574.35,16499138.0
2023-11-07,574.8,581.2,572.6,579.75,17923281.0
2023-11-08,581.9,582.6,579.0,580.3,15434808.0
2023-11-09,581.0,581.85,576.5,578.35,12434363.0
2023-11-10,577.8,581.0,575.4,579.5,6773038.0
2023-11-12,584.75,584.75,580.1,581.3,1947722.0
2023-11-13,581.0,582.5,575.2,581.35,11282362.0
2023-11-15,587.25,588.0,582.6,584.7,11397676.0
2023-11-16,584.7,588.0,582.9,584.65,8622660.0
2023-11-17,574.5,574.5,562.1,563.05,37173221.0
2023-11-20,564.0,566.8,560.6,563.75,12714585.0
2023-11-21,566.0,566.65,561.0,561.5,14280013.0
2023-11-22,562.95,564.5,555.15,558.95,14909071.0
2023-11-23,561.75,563.5,558.3,559.95,6376210.0
2023-11-24,561.95,562.45,559.25,560.35,6529851.0
2023-11-28,563.6,565.2,561.1,564.45,8153314.0
2023-11-29,568.0,569.0,565.1,568.6,10299034.0
2023-11-30,569.75,570.2,563.65,564.75,19758998.0
2023-12-01,567.0,574.2,566.55,571.75,10614230.0
2023-12-04,588.0,596.0,584.55,594.7,26077882.0
2023-12-05,595.05,611.3,595.05,608.25,36430152.0
2023-12-06,614.0,614.0,604.55,608.45,21439069.0
2023-12-07,610.0,612.55,605.0,611.7,10725706.0
2023-12-08,610.0,616.8,605.35,614.15,17722136.0
2023-12-11,615.0,619.9,613.1,614.25,11706255.0
2023-12-12,617.0,617.95,610.8,612.4,14494836.0
2023-12-13,614.45,620.5,611.65,619.85,13977914.0
2023-12-14,626.0,627.75,622.4,623.65,15813797.0
2023-12-15,628.0,650.0,619.85,648.25,29813572.0
2023-12-18,646.65,655.65,642.4,648.5,16221796.0
2023-12-19,648.5,659.6,640.25,655.4,19964008.0
2023-12-20,658.7,660.4,633.95,636.45,22542056.0
2023-12-21,632.15,648.95,627.5,643.75,19915516.0
2023-12-22,644.75,649.4,635.15,636.75,14998068.0
2023-12-26,638.85,641.3,635.65,638.05,10153089.0
2023-12-27,640.75,649.45,639.0,648.55,14417646.0
2023-12-28,650.25,653.3,646.5,651.4,16982092.0
2023-12-29,645.5,649.6,639.55,642.05,13221898.0
2024-01-01,642.2,646.9,638.0,641.35,8295548.0
